strategy,side,entry_time,entry_px,sl,tp,exit_time,exit_px,outcome,pts,risk,r,hour,reason
s94_sweep_reversal,BUY,2025-12-01 14:21:00+00:00,4244.225,4237.04,4260.19,2025-12-01 14:35:00+00:00,4237.04,SL,-7.635,7.185,-1.0626,14,S94_SWEEP_REVERSAL_LONG
s94_sweep_reversal,SELL,2025-12-01 18:50:00+00:00,4242.66,4245.35,4232.04,2025-12-01 19:51:00+00:00,4232.04,TP,10.17,2.69,3.7807,18,S94_SWEEP_REVERSAL_SHORT
s94_sweep_reversal,BUY,2025-12-01 23:56:00+00:00,4229.315,4223.16,4240.92,2025-12-02 00:20:00+00:00,4223.16,SL,-6.605,6.155,-1.0731,23,S94_SWEEP_REVERSAL_LONG
s94_sweep_reversal,BUY,2025-12-02 09:16:00+00:00,4207.24,4204.36,4218.79,2025-12-02 09:17:00+00:00,4204.36,SL,-3.33,2.88,-1.1562,9,S94_SWEEP_REVERSAL_LONG
s94_sweep_reversal,BUY,2025-12-03 05:55:00+00:00,4204.665,4203.09,4215.09,2025-12-03 07:24:00+00:00,4203.09,SL,-2.025,1.575,-1.2857,5,S94_SWEEP_REVERSAL_LONG
s94_sweep_reversal,BUY,2025-12-03 09:07:00+00:00,4202.38,4199.89,4210.87,2025-12-03 09:08:00+00:00,4199.89,SL,-2.94,2.49,-1.1807,9,S94_SWEEP_REVERSAL_LONG
s94_sweep_reversal,BUY,2025-12-04 02:21:00+00:00,4202.9,4198.04,4219.61,2025-12-04 03:02:00+00:00,4198.04,SL,-5.31,4.86,-1.0926,2,S94_SWEEP_REVERSAL_LONG
s94_sweep_reversal,BUY,2025-12-04 03:10:00+00:00,4195.195,4185.49,4215.73,2025-12-04 05:38:00+00:00,4185.49,SL,-10.155,9.705,-1.0464,3,S94_SWEEP_REVERSAL_LONG
s94_sweep_reversal,BUY,2025-12-04 12:21:00+00:00,4196.645,4192.63,4204.79,2025-12-04 12:30:00+00:00,4192.63,SL,-4.465,4.015,-1.1121,12,S94_SWEEP_REVERSAL_LONG
s94_sweep_reversal,SELL,2025-12-04 11:15:00+00:00,4202.83,4207.58,4190.54,2025-12-04 12:34:00+00:00,4190.54,TP,11.84,4.75,2.4926,11,S94_SWEEP_REVERSAL_SHORT
s94_sweep_reversal,SELL,2025-12-04 16:16:00+00:00,4213.61,4215.89,4197.83,2025-12-04 16:17:00+00:00,4215.89,SL,-2.73,2.28,-1.1974,16,S94_SWEEP_REVERSAL_SHORT
s94_sweep_reversal,SELL,2025-12-04 17:50:00+00:00,4217.08,4220.26,4200.28,2025-12-04 19:12:00+00:00,4200.28,TP,16.35,3.18,5.1415,17,S94_SWEEP_REVERSAL_SHORT
s94_sweep_reversal,BUY,2025-12-04 23:45:00+00:00,4205.485,4203.64,4213.14,2025-12-05 00:30:00+00:00,4203.64,SL,-2.295,1.845,-1.2439,23,S94_SWEEP_REVERSAL_LONG
s94_sweep_reversal,SELL,2025-12-05 07:28:00+00:00,4229.35,4230.9,4223.56,2025-12-05 07:29:00+00:00,4230.9,SL,-2.0,1.55,-1.2903,7,S94_SWEEP_REVERSAL_SHORT
s94_sweep_reversal,SELL,2025-12-05 12:16:00+00:00,4227.545,4230.23,4222.19,2025-12-05 13:00:00+00:00,4230.23,SL,-3.135,2.685,-1.1676,12,S94_SWEEP_REVERSAL_SHORT
s94_sweep_reversal,SELL,2025-12-05 13:25:00+00:00,4230.9,4234.01,4215.09,2025-12-05 13:28:00+00:00,4234.01,SL,-3.56,3.11,-1.1447,13,S94_SWEEP_REVERSAL_SHORT
s94_sweep_reversal,BUY,2025-12-05 19:17:00+00:00,4206.55,4202.94,4218.49,2025-12-05 19:46:00+00:00,4202.94,SL,-4.06,3.61,-1.1247,19,S94_SWEEP_REVERSAL_LONG
s94_sweep_reversal,BUY,2025-12-05 21:30:00+00:00,4196.77,4190.88,4209.06,2025-12-07 23:35:00+00:00,4201.9,TIME,4.68,5.89,0.7946,21,S94_SWEEP_REVERSAL_LONG
s94_sweep_reversal,BUY,2025-12-08 09:08:00+00:00,4204.77,4202.78,4218.21,2025-12-08 10:31:00+00:00,4202.78,SL,-2.44,1.99,-1.2261,9,S94_SWEEP_REVERSAL_LONG
s94_sweep_reversal,BUY,2025-12-08 10:47:00+00:00,4204.305,4200.3,4212.95,2025-12-08 11:06:00+00:00,4200.3,SL,-4.455,4.005,-1.1124,10,S94_SWEEP_REVERSAL_LONG
s94_sweep_reversal,BUY,2025-12-08 14:00:00+00:00,4199.71,4197.44,4212.98,2025-12-08 14:45:00+00:00,4197.44,SL,-2.72,2.27,-1.1982,14,S94_SWEEP_REVERSAL_LONG
s94_sweep_reversal,BUY,2025-12-08 14:58:00+00:00,4197.54,4195.38,4211.05,2025-12-08 14:59:00+00:00,4195.38,SL,-2.61,2.16,-1.2083,14,S94_SWEEP_REVERSAL_LONG
s94_sweep_reversal,BUY,2025-12-08 19:10:00+00:00,4185.725,4184.11,4194.93,2025-12-08 20:40:00+00:00,4194.93,TP,8.755,1.615,5.4211,19,S94_SWEEP_REVERSAL_LONG
s94_sweep_reversal,SELL,2025-12-10 01:29:00+00:00,4216.695,4218.51,4210.11,2025-12-10 02:43:00+00:00,4218.51,SL,-2.265,1.815,-1.2479,1,S94_SWEEP_REVERSAL_SHORT
s94_sweep_reversal,BUY,2025-12-10 05:25:00+00:00,4203.485,4201.25,4210.21,2025-12-10 05:38:00+00:00,4210.21,TP,6.275,2.235,2.8076,5,S94_SWEEP_REVERSAL_LONG
s94_sweep_reversal,BUY,2025-12-10 14:40:00+00:00,4193.22,4190.96,4208.3,2025-12-10 15:16:00+00:00,4190.96,SL,-2.71,2.26,-1.1991,14,S94_SWEEP_REVERSAL_LONG
s94_sweep_reversal,SELL,2025-12-10 19:15:00+00:00,4214.66,4221.16,4187.37,2025-12-10 19:41:00+00:00,4187.37,TP,26.84,6.5,4.1292,19,S94_SWEEP_REVERSAL_SHORT
s94_sweep_reversal,BUY,2025-12-11 02:58:00+00:00,4224.255,4219.39,4234.06,2025-12-11 03:08:00+00:00,4219.39,SL,-5.315,4.865,-1.0925,2,S94_SWEEP_REVERSAL_LONG
s94_sweep_reversal,SELL,2025-12-11 09:55:00+00:00,4219.65,4222.11,4213.91,2025-12-11 10:03:00+00:00,4222.11,SL,-2.91,2.46,-1.1829,9,S94_SWEEP_REVERSAL_SHORT
s94_sweep_reversal,SELL,2025-12-11 16:19:00+00:00,4259.34,4262.04,4250.76,2025-12-11 16:43:00+00:00,4262.04,SL,-3.15,2.7,-1.1667,16,S94_SWEEP_REVERSAL_SHORT
s94_sweep_reversal,BUY,2025-12-12 16:19:00+00:00,4281.38,4271.67,4319.72,2025-12-12 16:37:00+00:00,4271.67,SL,-10.16,9.71,-1.0463,16,S94_SWEEP_REVERSAL_LONG
s94_sweep_reversal,BUY,2025-12-15 00:17:00+00:00,4301.72,4300.08,4313.93,2025-12-15 01:03:00+00:00,4313.93,TP,11.76,1.64,7.1707,0,S94_SWEEP_REVERSAL_LONG
s94_sweep_reversal,SELL,2025-12-15 09:12:00+00:00,4347.48,4349.41,4340.07,2025-12-15 09:14:00+00:00,4349.41,SL,-2.38,1.93,-1.2332,9,S94_SWEEP_REVERSAL_SHORT
s94_sweep_reversal,BUY,2025-12-15 14:48:00+00:00,4323.1,4320.11,4332.27,2025-12-15 14:53:00+00:00,4320.11,SL,-3.44,2.99,-1.1505,14,S94_SWEEP_REVERSAL_LONG
s94_sweep_reversal,BUY,2025-12-15 15:00:00+00:00,4319.32,4317.06,4344.62,2025-12-15 15:01:00+00:00,4317.06,SL,-2.71,2.26,-1.1991,15,S94_SWEEP_REVERSAL_LONG
s94_sweep_reversal,BUY,2025-12-16 02:51:00+00:00,4303.04,4298.43,4318.02,2025-12-16 02:53:00+00:00,4298.43,SL,-5.06,4.61,-1.0976,2,S94_SWEEP_REVERSAL_LONG
s94_sweep_reversal,SELL,2025-12-16 14:11:00+00:00,4318.035,4320.76,4302.65,2025-12-16 14:15:00+00:00,4320.76,SL,-3.175,2.725,-1.1651,14,S94_SWEEP_REVERSAL_SHORT
s94_sweep_reversal,SELL,2025-12-16 14:30:00+00:00,4327.935,4331.23,4320.91,2025-12-16 14:33:00+00:00,4331.23,SL,-3.745,3.295,-1.1366,14,S94_SWEEP_REVERSAL_SHORT
s94_sweep_reversal,SELL,2025-12-16 20:06:00+00:00,4313.475,4316.53,4303.16,2025-12-16 20:53:00+00:00,4303.16,TP,9.865,3.055,3.2291,20,S94_SWEEP_REVERSAL_SHORT
s94_sweep_reversal,SELL,2025-12-17 05:35:00+00:00,4335.185,4338.67,4327.22,2025-12-17 05:38:00+00:00,4338.67,SL,-3.935,3.485,-1.1291,5,S94_SWEEP_REVERSAL_SHORT
s94_sweep_reversal,BUY,2025-12-17 10:37:00+00:00,4311.145,4307.76,4327.03,2025-12-17 10:38:00+00:00,4307.76,SL,-3.835,3.385,-1.1329,10,S94_SWEEP_REVERSAL_LONG
s94_sweep_reversal,SELL,2025-12-17 13:15:00+00:00,4323.45,4329.36,4313.14,2025-12-17 13:17:00+00:00,4329.36,SL,-6.36,5.91,-1.0761,13,S94_SWEEP_REVERSAL_SHORT
s94_sweep_reversal,SELL,2025-12-17 14:54:00+00:00,4342.58,4346.97,4325.8,2025-12-17 15:33:00+00:00,4346.97,SL,-4.84,4.39,-1.1025,14,S94_SWEEP_REVERSAL_SHORT
s94_sweep_reversal,SELL,2025-12-17 18:04:00+00:00,4346.09,4350.08,4337.53,2025-12-17 18:38:00+00:00,4337.53,TP,8.11,3.99,2.0326,18,S94_SWEEP_REVERSAL_SHORT
s94_sweep_reversal,BUY,2025-12-18 08:13:00+00:00,4328.69,4324.03,4340.22,2025-12-18 08:55:00+00:00,4324.03,SL,-5.11,4.66,-1.0966,8,S94_SWEEP_REVERSAL_LONG
s94_sweep_reversal,BUY,2025-12-18 09:26:00+00:00,4324.02,4321.25,4333.88,2025-12-18 09:42:00+00:00,4321.25,SL,-3.22,2.77,-1.1625,9,S94_SWEEP_REVERSAL_LONG
s94_sweep_reversal,SELL,2025-12-18 14:01:00+00:00,4337.785,4344.54,4323.68,2025-12-18 14:41:00+00:00,4323.68,TP,13.655,6.755,2.0215,14,S94_SWEEP_REVERSAL_SHORT
s94_sweep_reversal,BUY,2025-12-19 01:22:00+00:00,4322.755,4320.2,4334.44,2025-12-19 01:23:00+00:00,4320.2,SL,-3.005,2.555,-1.1761,1,S94_SWEEP_REVERSAL_LONG
s94_sweep_reversal,SELL,2025-12-19 09:42:00+00:00,4329.665,4331.3,4320.98,2025-12-19 09:45:00+00:00,4331.3,SL,-2.085,1.635,-1.2752,9,S94_SWEEP_REVERSAL_SHORT
s94_sweep_reversal,SELL,2025-12-19 10:06:00+00:00,4330.975,4334.34,4320.3,2025-12-19 13:11:00+00:00,4334.34,SL,-3.815,3.365,-1.1337,10,S94_SWEEP_REVERSAL_SHORT
s94_sweep_reversal,SELL,2025-12-19 13:20:00+00:00,4333.67,4335.6,4324.03,2025-12-19 13:31:00+00:00,4335.6,SL,-2.38,1.93,-1.2332,13,S94_SWEEP_REVERSAL_SHORT
s94_sweep_reversal,SELL,2025-12-19 15:00:00+00:00,4335.705,4338.49,4325.1,2025-12-19 15:04:00+00:00,4338.49,SL,-3.235,2.785,-1.1616,15,S94_SWEEP_REVERSAL_SHORT
s94_sweep_reversal,SELL,2025-12-19 18:12:00+00:00,4354.755,4356.3,4349.08,2025-12-19 18:26:00+00:00,4356.3,SL,-1.995,1.545,-1.2913,18,S94_SWEEP_REVERSAL_SHORT
s94_sweep_reversal,BUY,2025-12-22 19:06:00+00:00,4431.995,4428.81,4437.26,2025-12-22 20:08:00+00:00,4437.26,TP,4.815,3.185,1.5118,19,S94_SWEEP_REVERSAL_LONG
s94_sweep_reversal,BUY,2025-12-23 14:00:00+00:00,4478.225,4472.33,4503.89,2025-12-23 14:03:00+00:00,4472.33,SL,-6.345,5.895,-1.0763,14,S94_SWEEP_REVERSAL_LONG
s94_sweep_reversal,BUY,2025-12-23 14:15:00+00:00,4469.5,4452.88,4487.6,2025-12-23 14:32:00+00:00,4452.88,SL,-17.07,16.62,-1.0271,14,S94_SWEEP_REVERSAL_LONG
s94_sweep_reversal,SELL,2025-12-23 18:50:00+00:00,4479.92,4481.86,4467.16,2025-12-23 18:57:00+00:00,4481.86,SL,-2.39,1.94,-1.232,18,S94_SWEEP_REVERSAL_SHORT
s94_sweep_reversal,SELL,2025-12-26 05:42:00+00:00,4511.855,4515.76,4499.54,2025-12-26 06:22:00+00:00,4515.76,SL,-4.355,3.905,-1.1152,5,S94_SWEEP_REVERSAL_SHORT
s94_sweep_reversal,SELL,2025-12-26 10:30:00+00:00,4520.7,4524.51,4510.41,2025-12-26 11:04:00+00:00,4510.41,TP,9.84,3.81,2.5827,10,S94_SWEEP_REVERSAL_SHORT
s94_sweep_reversal,BUY,2025-12-26 11:27:00+00:00,4507.435,4502.39,4519.99,2025-12-26 13:30:00+00:00,4519.99,TP,12.105,5.045,2.3994,11,S94_SWEEP_REVERSAL_LONG
s94_sweep_reversal,SELL,2025-12-26 13:56:00+00:00,4523.75,4530.17,4507.83,2025-12-26 14:27:00+00:00,4530.17,SL,-6.87,6.42,-1.0701,13,S94_SWEEP_REVERSAL_SHORT
s94_sweep_reversal,SELL,2025-12-26 15:27:00+00:00,4531.515,4533.66,4515.14,2025-12-26 15:28:00+00:00,4533.66,SL,-2.595,2.145,-1.2098,15,S94_SWEEP_REVERSAL_SHORT
s94_sweep_reversal,SELL,2025-12-26 00:51:00+00:00,4510.78,4543.23,4433.14,2025-12-26 15:37:00+00:00,4543.23,SL,-32.9,32.45,-1.0139,0,S94_SWEEP_REVERSAL_SHORT
s94_sweep_reversal,BUY,2025-12-26 17:54:00+00:00,4512.795,4509.33,4530.92,2025-12-26 18:53:00+00:00,4530.92,TP,17.675,3.465,5.101,17,S94_SWEEP_REVERSAL_LONG
s94_sweep_reversal,BUY,2025-12-29 00:15:00+00:00,4523.05,4512.49,4541.35,2025-12-29 00:18:00+00:00,4512.49,SL,-11.01,10.56,-1.0426,0,S94_SWEEP_REVERSAL_LONG
s94_sweep_reversal,BUY,2025-12-29 00:16:00+00:00,4519.925,4513.27,4541.35,2025-12-29 00:18:00+00:00,4513.27,SL,-7.105,6.655,-1.0676,0,S94_SWEEP_REVERSAL_LONG
s94_sweep_reversal,SELL,2025-12-29 03:23:00+00:00,4517.59,4519.3,4503.89,2025-12-29 03:35:00+00:00,4519.3,SL,-2.16,1.71,-1.2632,3,S94_SWEEP_REVERSAL_SHORT
s94_sweep_reversal,BUY,2025-12-29 07:29:00+00:00,4472.25,4438.33,4513.26,2025-12-29 11:40:00+00:00,4438.33,SL,-34.37,33.92,-1.0133,7,S94_SWEEP_REVERSAL_LONG
s94_sweep_reversal,BUY,2025-12-29 11:45:00+00:00,4452.68,4429.48,4492.68,2025-12-29 13:42:00+00:00,4429.48,SL,-23.65,23.2,-1.0194,11,S94_SWEEP_REVERSAL_LONG
s94_sweep_reversal,BUY,2025-12-29 11:55:00+00:00,4445.115,4431.37,4472.4,2025-12-29 13:42:00+00:00,4431.37,SL,-14.195,13.745,-1.0327,11,S94_SWEEP_REVERSAL_LONG
s94_sweep_reversal,BUY,2025-12-29 14:00:00+00:00,4411.945,4405.95,4431.32,2025-12-29 14:02:00+00:00,4405.95,SL,-6.445,5.995,-1.0751,14,S94_SWEEP_REVERSAL_LONG
s94_sweep_reversal,BUY,2025-12-29 14:58:00+00:00,4361.375,4355.61,4393.29,2025-12-29 15:00:00+00:00,4355.61,SL,-6.215,5.765,-1.0781,14,S94_SWEEP_REVERSAL_LONG
s94_sweep_reversal,BUY,2025-12-29 15:15:00+00:00,4336.555,4326.25,4365.88,2025-12-29 15:20:00+00:00,4326.25,SL,-10.755,10.305,-1.0437,15,S94_SWEEP_REVERSAL_LONG
s94_sweep_reversal,SELL,2025-12-29 23:55:00+00:00,4344.695,4348.31,4333.47,2025-12-30 00:15:00+00:00,4348.31,SL,-4.065,3.615,-1.1245,23,S94_SWEEP_REVERSAL_SHORT
s94_sweep_reversal,SELL,2025-12-30 00:26:00+00:00,4347.59,4350.46,4340.07,2025-12-30 00:27:00+00:00,4350.46,SL,-3.32,2.87,-1.1568,0,S94_SWEEP_REVERSAL_SHORT
s94_sweep_reversal,BUY,2025-12-30 01:05:00+00:00,4325.735,4322.84,4358.67,2025-12-30 01:55:00+00:00,4358.67,TP,32.485,2.895,11.2211,1,S94_SWEEP_REVERSAL_LONG
s94_sweep_reversal,BUY,2025-12-29 15:32:00+00:00,4317.05,4298.38,4365.59,2025-12-30 03:19:00+00:00,4365.59,TP,48.09,18.67,2.5758,15,S94_SWEEP_REVERSAL_LONG
s94_sweep_reversal,SELL,2025-12-30 10:53:00+00:00,4383.445,4394.03,4372.0,2025-12-30 12:13:00+00:00,4394.03,SL,-11.035,10.585,-1.0425,10,S94_SWEEP_REVERSAL_SHORT
s94_sweep_reversal,BUY,2025-12-30 13:40:00+00:00,4381.365,4375.7,4410.9,2025-12-30 14:38:00+00:00,4375.7,SL,-6.115,5.665,-1.0794,13,S94_SWEEP_REVERSAL_LONG
s94_sweep_reversal,BUY,2025-12-30 18:52:00+00:00,4364.27,4362.35,4369.96,2025-12-30 19:33:00+00:00,4362.35,SL,-2.37,1.92,-1.2344,18,S94_SWEEP_REVERSAL_LONG
s94_sweep_reversal,BUY,2025-12-30 23:26:00+00:00,4337.955,4334.01,4359.67,2025-12-30 23:28:00+00:00,4334.01,SL,-4.395,3.945,-1.1141,23,S94_SWEEP_REVERSAL_LONG
s94_sweep_reversal,BUY,2025-12-31 05:10:00+00:00,4332.765,4328.43,4353.51,2025-12-31 05:40:00+00:00,4328.43,SL,-4.785,4.335,-1.1038,5,S94_SWEEP_REVERSAL_LONG
s94_sweep_reversal,BUY,2025-12-31 18:57:00+00:00,4317.235,4315.58,4328.54,2025-12-31 19:31:00+00:00,4315.58,SL,-2.105,1.655,-1.2719,18,S94_SWEEP_REVERSAL_LONG
s94_sweep_reversal,SELL,2026-01-01 23:16:00+00:00,4331.78,4336.71,4319.91,2026-01-01 23:22:00+00:00,4336.71,SL,-5.38,4.93,-1.0913,23,S94_SWEEP_REVERSAL_SHORT
s94_sweep_reversal,SELL,2026-01-02 00:45:00+00:00,4351.665,4353.98,4341.4,2026-01-02 00:56:00+00:00,4353.98,SL,-2.765,2.315,-1.1944,0,S94_SWEEP_REVERSAL_SHORT
s94_sweep_reversal,SELL,2026-01-02 05:23:00+00:00,4378.665,4380.62,4374.65,2026-01-02 05:54:00+00:00,4380.62,SL,-2.405,1.955,-1.2302,5,S94_SWEEP_REVERSAL_SHORT
s94_sweep_reversal,SELL,2026-01-02 10:37:00+00:00,4392.34,4399.21,4383.37,2026-01-02 11:27:00+00:00,4399.21,SL,-7.32,6.87,-1.0655,10,S94_SWEEP_REVERSAL_SHORT
s94_sweep_reversal,BUY,2026-01-02 13:45:00+00:00,4372.05,4364.42,4389.3,2026-01-02 13:57:00+00:00,4364.42,SL,-8.08,7.63,-1.059,13,S94_SWEEP_REVERSAL_LONG
s94_sweep_reversal,BUY,2026-01-02 15:10:00+00:00,4345.32,4337.41,4375.91,2026-01-02 15:11:00+00:00,4337.41,SL,-8.36,7.91,-1.0569,15,S94_SWEEP_REVERSAL_LONG
s94_sweep_reversal,SELL,2026-01-05 01:16:00+00:00,4404.375,4425.91,4367.65,2026-01-05 06:25:00+00:00,4425.91,SL,-21.985,21.535,-1.0209,1,S94_SWEEP_REVERSAL_SHORT
s94_sweep_reversal,BUY,2026-01-06 00:05:00+00:00,4438.24,4435.97,4447.97,2026-01-06 00:35:00+00:00,4435.97,SL,-2.72,2.27,-1.1982,0,S94_SWEEP_REVERSAL_LONG
s94_sweep_reversal,BUY,2026-01-06 00:53:00+00:00,4434.855,4429.14,4444.96,2026-01-06 01:03:00+00:00,4429.14,SL,-6.165,5.715,-1.0787,0,S94_SWEEP_REVERSAL_LONG
s94_sweep_reversal,BUY,2026-01-06 01:02:00+00:00,4432.535,4429.72,4443.89,2026-01-06 01:03:00+00:00,4429.72,SL,-3.265,2.815,-1.1599,1,S94_SWEEP_REVERSAL_LONG
s94_sweep_reversal,BUY,2026-01-06 09:25:00+00:00,4457.115,4450.95,4472.48,2026-01-06 09:47:00+00:00,4450.95,SL,-6.615,6.165,-1.073,9,S94_SWEEP_REVERSAL_LONG
s94_sweep_reversal,SELL,2026-01-06 15:08:00+00:00,4488.6,4491.86,4480.92,2026-01-06 15:11:00+00:00,4480.92,TP,7.23,3.26,2.2178,15,S94_SWEEP_REVERSAL_SHORT
s94_sweep_reversal,BUY,2026-01-06 19:27:00+00:00,4481.76,4476.42,4487.84,2026-01-06 20:21:00+00:00,4487.84,TP,5.63,5.34,1.0543,19,S94_SWEEP_REVERSAL_LONG
s94_sweep_reversal,SELL,2026-01-06 21:06:00+00:00,4494.165,4497.55,4482.47,2026-01-06 23:04:00+00:00,4497.55,SL,-3.835,3.385,-1.1329,21,S94_SWEEP_REVERSAL_SHORT
s94_sweep_reversal,BUY,2026-01-07 06:56:00+00:00,4443.24,4441.0,4456.49,2026-01-07 07:35:00+00:00,4456.49,TP,12.8,2.24,5.7143,6,S94_SWEEP_REVERSAL_LONG
s94_sweep_reversal,SELL,2026-01-07 08:49:00+00:00,4470.55,4475.96,4457.64,2026-01-07 11:25:00+00:00,4457.64,TP,12.46,5.41,2.3031,8,S94_SWEEP_REVERSAL_SHORT
s94_sweep_reversal,BUY,2026-01-07 19:25:00+00:00,4447.135,4445.15,4454.25,2026-01-07 19:31:00+00:00,4454.25,TP,6.665,1.985,3.3577,19,S94_SWEEP_REVERSAL_LONG
s94_sweep_reversal,BUY,2026-01-08 01:45:00+00:00,4445.545,4443.89,4465.63,2026-01-08 01:46:00+00:00,4443.89,SL,-2.105,1.655,-1.2719,1,S94_SWEEP_REVERSAL_LONG
s94_sweep_reversal,BUY,2026-01-08 12:12:00+00:00,4415.405,4411.51,4434.08,2026-01-08 12:15:00+00:00,4411.51,SL,-4.345,3.895,-1.1155,12,S94_SWEEP_REVERSAL_LONG
s94_sweep_reversal,SELL,2026-01-08 14:57:00+00:00,4436.205,4440.36,4412.27,2026-01-08 15:06:00+00:00,4440.36,SL,-4.605,4.155,-1.1083,14,S94_SWEEP_REVERSAL_SHORT
s94_sweep_reversal,SELL,2026-01-08 20:40:00+00:00,4474.875,4479.01,4461.75,2026-01-08 21:00:00+00:00,4479.01,SL,-4.585,4.135,-1.1088,20,S94_SWEEP_REVERSAL_SHORT
s94_sweep_reversal,SELL,2026-01-08 21:15:00+00:00,4478.18,4480.09,4472.36,2026-01-09 00:14:00+00:00,4472.36,TP,5.37,1.91,2.8115,21,S94_SWEEP_REVERSAL_SHORT
s94_sweep_reversal,BUY,2026-01-09 12:54:00+00:00,4464.2,4460.26,4476.66,2026-01-09 13:30:00+00:00,4460.26,SL,-4.39,3.94,-1.1142,12,S94_SWEEP_REVERSAL_LONG
s94_sweep_reversal,SELL,2026-01-09 13:31:00+00:00,4477.7,4481.34,4470.25,2026-01-09 13:32:00+00:00,4481.34,SL,-4.09,3.64,-1.1236,13,S94_SWEEP_REVERSAL_SHORT
s94_sweep_reversal,SELL,2026-01-12 07:09:00+00:00,4582.165,4585.92,4567.61,2026-01-12 07:19:00+00:00,4585.92,SL,-4.205,3.755,-1.1198,7,S94_SWEEP_REVERSAL_SHORT
s94_sweep_reversal,SELL,2026-01-12 07:25:00+00:00,4585.17,4588.33,4578.42,2026-01-12 07:57:00+00:00,4588.33,SL,-3.61,3.16,-1.1424,7,S94_SWEEP_REVERSAL_SHORT
s94_sweep_reversal,BUY,2026-01-13 01:59:00+00:00,4578.095,4574.96,4589.36,2026-01-13 02:07:00+00:00,4589.36,TP,10.815,3.135,3.4498,1,S94_SWEEP_REVERSAL_LONG
s94_sweep_reversal,SELL,2026-01-13 13:51:00+00:00,4618.985,4621.54,4604.66,2026-01-13 14:22:00+00:00,4621.54,SL,-3.005,2.555,-1.1761,13,S94_SWEEP_REVERSAL_SHORT
s94_sweep_reversal,SELL,2026-01-13 14:58:00+00:00,4630.19,4636.07,4614.74,2026-01-13 15:04:00+00:00,4614.74,TP,15.0,5.88,2.551,14,S94_SWEEP_REVERSAL_SHORT
s94_sweep_reversal,SELL,2026-01-14 05:15:00+00:00,4634.89,4640.93,4619.15,2026-01-14 05:57:00+00:00,4619.15,TP,15.29,6.04,2.5315,5,S94_SWEEP_REVERSAL_SHORT
s94_sweep_reversal,BUY,2026-01-14 14:32:00+00:00,4626.175,4623.84,4643.41,2026-01-14 14:38:00+00:00,4623.84,SL,-2.785,2.335,-1.1927,14,S94_SWEEP_REVERSAL_LONG
s94_sweep_reversal,BUY,2026-01-14 14:45:00+00:00,4617.945,4613.2,4645.97,2026-01-14 14:48:00+00:00,4613.2,SL,-5.195,4.745,-1.0948,14,S94_SWEEP_REVERSAL_LONG
s94_sweep_reversal,BUY,2026-01-14 15:00:00+00:00,4613.51,4605.4,4634.58,2026-01-14 15:02:00+00:00,4605.4,SL,-8.56,8.11,-1.0555,15,S94_SWEEP_REVERSAL_LONG
s94_sweep_reversal,SELL,2026-01-14 19:23:00+00:00,4639.07,4643.95,4627.36,2026-01-14 20:02:00+00:00,4627.36,TP,11.26,4.88,2.3074,19,S94_SWEEP_REVERSAL_SHORT
s94_sweep_reversal,BUY,2026-01-15 03:30:00+00:00,4583.565,4580.65,4601.28,2026-01-15 06:07:00+00:00,4601.28,TP,17.265,2.915,5.9228,3,S94_SWEEP_REVERSAL_LONG
s94_sweep_reversal,BUY,2026-01-16 02:54:00+00:00,4593.78,4590.77,4599.64,2026-01-16 03:17:00+00:00,4599.64,TP,5.41,3.01,1.7973,2,S94_SWEEP_REVERSAL_LONG
s94_sweep_reversal,SELL,2026-01-16 15:15:00+00:00,4616.33,4621.41,4609.86,2026-01-16 15:18:00+00:00,4609.86,TP,6.02,5.08,1.185,15,S94_SWEEP_REVERSAL_SHORT
s94_sweep_reversal,SELL,2026-01-16 21:42:00+00:00,4595.865,4599.33,4573.9,2026-01-18 23:05:00+00:00,4599.33,SL,-3.915,3.465,-1.1299,21,S94_SWEEP_REVERSAL_SHORT
s94_sweep_reversal,BUY,2026-01-19 01:31:00+00:00,4660.89,4655.5,4679.22,2026-01-19 02:00:00+00:00,4655.5,SL,-5.84,5.39,-1.0835,1,S94_SWEEP_REVERSAL_LONG
s94_sweep_reversal,SELL,2026-01-19 05:15:00+00:00,4670.015,4671.6,4663.32,2026-01-19 05:24:00+00:00,4671.6,SL,-2.035,1.585,-1.2839,5,S94_SWEEP_REVERSAL_SHORT
s94_sweep_reversal,SELL,2026-01-19 06:46:00+00:00,4674.48,4677.26,4662.95,2026-01-19 06:55:00+00:00,4677.26,SL,-3.23,2.78,-1.1619,6,S94_SWEEP_REVERSAL_SHORT
s94_sweep_reversal,BUY,2026-01-19 11:52:00+00:00,4661.34,4659.79,4670.84,2026-01-19 11:56:00+00:00,4659.79,SL,-2.0,1.55,-1.2903,11,S94_SWEEP_REVERSAL_LONG
s94_sweep_reversal,SELL,2026-01-20 04:47:00+00:00,4690.94,4694.23,4681.05,2026-01-20 04:49:00+00:00,4694.23,SL,-3.74,3.29,-1.1368,4,S94_SWEEP_REVERSAL_SHORT
s94_sweep_reversal,SELL,2026-01-20 14:11:00+00:00,4737.57,4751.49,4713.35,2026-01-20 16:55:00+00:00,4751.49,SL,-14.37,13.92,-1.0323,14,S94_SWEEP_REVERSAL_SHORT
s94_sweep_reversal,SELL,2026-01-23 00:55:00+00:00,4960.67,4964.08,4952.4,2026-01-23 00:59:00+00:00,4964.08,SL,-3.86,3.41,-1.132,0,S94_SWEEP_REVERSAL_SHORT
s94_sweep_reversal,SELL,2026-01-23 06:02:00+00:00,4962.47,4968.48,4954.3,2026-01-23 06:10:00+00:00,4954.3,TP,7.72,6.01,1.2845,6,S94_SWEEP_REVERSAL_SHORT
s94_sweep_reversal,BUY,2026-01-23 07:57:00+00:00,4945.575,4942.65,4957.55,2026-01-23 08:00:00+00:00,4942.65,SL,-3.375,2.925,-1.1538,7,S94_SWEEP_REVERSAL_LONG
s94_sweep_reversal,SELL,2026-01-23 15:59:00+00:00,4959.715,4964.42,4942.2,2026-01-23 16:02:00+00:00,4964.42,SL,-5.155,4.705,-1.0956,15,S94_SWEEP_REVERSAL_SHORT
s94_sweep_reversal,SELL,2026-01-23 21:56:00+00:00,4988.16,4990.31,4974.85,2026-01-25 23:05:00+00:00,4990.31,SL,-2.6,2.15,-1.2093,21,S94_SWEEP_REVERSAL_SHORT
s94_sweep_reversal,SELL,2026-01-26 00:26:00+00:00,5040.55,5044.9,5024.77,2026-01-26 00:32:00+00:00,5044.9,SL,-4.8,4.35,-1.1034,0,S94_SWEEP_REVERSAL_SHORT
s94_sweep_reversal,BUY,2026-01-26 10:04:00+00:00,5080.14,5074.21,5097.25,2026-01-26 13:02:00+00:00,5074.21,SL,-6.38,5.93,-1.0759,10,S94_SWEEP_REVERSAL_LONG
s94_sweep_reversal,BUY,2026-01-26 13:18:00+00:00,5078.435,5063.19,5105.48,2026-01-26 13:30:00+00:00,5063.19,SL,-15.695,15.245,-1.0295,13,S94_SWEEP_REVERSAL_LONG
s94_sweep_reversal,BUY,2026-01-26 13:19:00+00:00,5075.395,5063.95,5095.64,2026-01-26 13:30:00+00:00,5063.95,SL,-11.895,11.445,-1.0393,13,S94_SWEEP_REVERSAL_LONG
s94_sweep_reversal,BUY,2026-01-26 19:11:00+00:00,5054.67,5031.51,5103.56,2026-01-26 19:21:00+00:00,5031.51,SL,-23.61,23.16,-1.0194,19,S94_SWEEP_REVERSAL_LONG
s94_sweep_reversal,BUY,2026-01-27 05:17:00+00:00,5060.16,5056.45,5069.74,2026-01-27 05:31:00+00:00,5069.74,TP,9.13,3.71,2.4609,5,S94_SWEEP_REVERSAL_LONG
s94_sweep_reversal,SELL,2026-01-27 05:55:00+00:00,5079.31,5087.04,5063.95,2026-01-27 06:03:00+00:00,5087.04,SL,-8.18,7.73,-1.0582,5,S94_SWEEP_REVERSAL_SHORT
s94_sweep_reversal,BUY,2026-01-27 13:41:00+00:00,5073.51,5064.92,5088.44,2026-01-27 14:05:00+00:00,5064.92,SL,-9.04,8.59,-1.0524,13,S94_SWEEP_REVERSAL_LONG
s94_sweep_reversal,BUY,2026-01-27 14:52:00+00:00,5057.195,5044.25,5097.17,2026-01-27 16:12:00+00:00,5097.17,TP,39.525,12.945,3.0533,14,S94_SWEEP_REVERSAL_LONG
s94_sweep_reversal,SELL,2026-01-28 14:58:00+00:00,5285.95,5290.65,5262.36,2026-01-28 15:00:00+00:00,5290.65,SL,-5.15,4.7,-1.0957,14,S94_SWEEP_REVERSAL_SHORT
s94_sweep_reversal,BUY,2026-01-28 11:20:00+00:00,5251.87,5235.27,5302.95,2026-01-28 17:00:00+00:00,5302.95,TP,50.63,16.6,3.05,11,S94_SWEEP_REVERSAL_LONG
s94_sweep_reversal,SELL,2026-01-28 16:16:00+00:00,5289.71,5300.51,5272.57,2026-01-28 17:00:00+00:00,5300.51,SL,-11.25,10.8,-1.0417,16,S94_SWEEP_REVERSAL_SHORT
s94_sweep_reversal,SELL,2026-01-28 18:30:00+00:00,5307.285,5330.64,5271.99,2026-01-28 18:39:00+00:00,5271.99,TP,34.845,23.355,1.492,18,S94_SWEEP_REVERSAL_SHORT
s94_sweep_reversal,BUY,2026-01-28 15:17:00+00:00,5248.775,5232.49,5360.31,2026-01-28 20:30:00+00:00,5360.31,TP,111.085,16.285,6.8213,15,S94_SWEEP_REVERSAL_LONG
s94_sweep_reversal,BUY,2026-01-29 14:56:00+00:00,5499.925,5489.07,5554.38,2026-01-29 15:00:00+00:00,5489.07,SL,-11.305,10.855,-1.0415,14,S94_SWEEP_REVERSAL_LONG
s94_sweep_reversal,SELL,2026-01-30 00:18:00+00:00,5448.89,5451.73,5418.04,2026-01-30 00:30:00+00:00,5418.04,TP,30.4,2.84,10.7042,0,S94_SWEEP_REVERSAL_SHORT
s94_sweep_reversal,SELL,2026-01-30 05:30:00+00:00,5231.515,5244.43,5205.98,2026-01-30 05:56:00+00:00,5205.98,TP,25.085,12.915,1.9423,5,S94_SWEEP_REVERSAL_SHORT
s94_sweep_reversal,BUY,2026-01-29 15:35:00+00:00,5157.21,5082.22,5525.61,2026-01-30 08:33:00+00:00,5082.22,SL,-75.44,74.99,-1.006,15,S94_SWEEP_REVERSAL_LONG
s94_sweep_reversal,BUY,2026-01-30 07:35:00+00:00,5149.93,5117.84,5198.17,2026-01-30 08:33:00+00:00,5117.84,SL,-32.54,32.09,-1.014,7,S94_SWEEP_REVERSAL_LONG
s94_sweep_reversal,BUY,2026-01-30 08:42:00+00:00,5076.45,5048.93,5255.65,2026-01-30 09:13:00+00:00,5048.93,SL,-27.97,27.52,-1.0164,8,S94_SWEEP_REVERSAL_LONG
s94_sweep_reversal,BUY,2026-01-30 16:24:00+00:00,4992.555,4977.86,5090.17,2026-01-30 16:35:00+00:00,4977.86,SL,-15.145,14.695,-1.0306,16,S94_SWEEP_REVERSAL_LONG
s94_sweep_reversal,BUY,2026-01-30 16:48:00+00:00,4980.8,4955.11,5015.02,2026-01-30 16:52:00+00:00,4955.11,SL,-26.14,25.69,-1.0175,16,S94_SWEEP_REVERSAL_LONG
s94_sweep_reversal,BUY,2026-02-02 15:44:00+00:00,4669.27,4642.23,4726.34,2026-02-02 15:53:00+00:00,4642.23,SL,-27.49,27.04,-1.0166,15,S94_SWEEP_REVERSAL_LONG
s94_sweep_reversal,SELL,2026-02-03 12:10:00+00:00,4930.075,4938.27,4883.42,2026-02-03 13:29:00+00:00,4938.27,SL,-8.645,8.195,-1.0549,12,S94_SWEEP_REVERSAL_SHORT
s94_sweep_reversal,SELL,2026-02-03 13:35:00+00:00,4936.63,4940.24,4904.91,2026-02-03 13:42:00+00:00,4940.24,SL,-4.06,3.61,-1.1247,13,S94_SWEEP_REVERSAL_SHORT
s94_sweep_reversal,BUY,2026-02-03 18:51:00+00:00,4893.775,4882.51,4952.64,2026-02-03 19:09:00+00:00,4882.51,SL,-11.715,11.265,-1.0399,18,S94_SWEEP_REVERSAL_LONG
s94_sweep_reversal,SELL,2026-02-04 00:37:00+00:00,4993.835,5002.04,4969.12,2026-02-04 00:49:00+00:00,5002.04,SL,-8.655,8.205,-1.0548,0,S94_SWEEP_REVERSAL_SHORT
s94_sweep_reversal,SELL,2026-02-04 03:47:00+00:00,5065.795,5074.05,5050.93,2026-02-04 04:15:00+00:00,5074.05,SL,-8.705,8.255,-1.0545,3,S94_SWEEP_REVERSAL_SHORT
s94_sweep_reversal,BUY,2026-02-04 09:47:00+00:00,5051.155,5041.27,5071.87,2026-02-04 11:15:00+00:00,5041.27,SL,-10.335,9.885,-1.0455,9,S94_SWEEP_REVERSAL_LONG
s94_sweep_reversal,BUY,2026-02-04 16:01:00+00:00,4909.17,4882.23,4967.83,2026-02-04 16:46:00+00:00,4882.23,SL,-27.39,26.94,-1.0167,16,S94_SWEEP_REVERSAL_LONG
s94_sweep_reversal,SELL,2026-02-04 18:58:00+00:00,4931.535,4935.98,4878.22,2026-02-04 19:08:00+00:00,4935.98,SL,-4.895,4.445,-1.1012,18,S94_SWEEP_REVERSAL_SHORT
s94_sweep_reversal,BUY,2026-02-04 18:00:00+00:00,4887.62,4838.6,4954.85,2026-02-04 19:53:00+00:00,4954.85,TP,66.78,49.02,1.3623,18,S94_SWEEP_REVERSAL_LONG
s94_sweep_reversal,BUY,2026-02-05 02:33:00+00:00,4914.245,4891.15,4995.2,2026-02-05 02:45:00+00:00,4891.15,SL,-23.545,23.095,-1.0195,2,S94_SWEEP_REVERSAL_LONG
s94_sweep_reversal,BUY,2026-02-05 21:17:00+00:00,4800.535,4791.37,4822.19,2026-02-05 21:33:00+00:00,4791.37,SL,-9.615,9.165,-1.0491,21,S94_SWEEP_REVERSAL_LONG
s94_sweep_reversal,SELL,2026-02-06 11:11:00+00:00,4882.34,4889.47,4857.13,2026-02-06 11:23:00+00:00,4889.47,SL,-7.58,7.13,-1.0631,11,S94_SWEEP_REVERSAL_SHORT
s94_sweep_reversal,SELL,2026-02-06 14:49:00+00:00,4938.505,4949.95,4902.06,2026-02-06 14:57:00+00:00,4949.95,SL,-11.895,11.445,-1.0393,14,S94_SWEEP_REVERSAL_SHORT
s94_sweep_reversal,SELL,2026-02-06 18:05:00+00:00,4964.815,4969.7,4940.47,2026-02-06 18:12:00+00:00,4969.7,SL,-5.335,4.885,-1.0921,18,S94_SWEEP_REVERSAL_SHORT
s94_sweep_reversal,BUY,2026-02-06 20:45:00+00:00,4943.835,4934.9,4973.72,2026-02-08 23:05:00+00:00,4973.72,TP,29.435,8.935,3.2943,20,S94_SWEEP_REVERSAL_LONG
s94_sweep_reversal,BUY,2026-02-09 07:39:00+00:00,5007.42,4995.46,5029.65,2026-02-09 08:17:00+00:00,5029.65,TP,21.78,11.96,1.8211,7,S94_SWEEP_REVERSAL_LONG
s94_sweep_reversal,SELL,2026-02-10 02:30:00+00:00,5048.65,5058.26,5026.67,2026-02-10 03:14:00+00:00,5026.67,TP,21.53,9.61,2.2404,2,S94_SWEEP_REVERSAL_SHORT
s94_sweep_reversal,SELL,2026-02-10 10:39:00+00:00,5056.34,5065.35,5033.38,2026-02-10 12:44:00+00:00,5033.38,TP,22.51,9.01,2.4983,10,S94_SWEEP_REVERSAL_SHORT
s94_sweep_reversal,SELL,2026-02-10 14:07:00+00:00,5057.555,5059.44,5017.03,2026-02-10 14:15:00+00:00,5059.44,SL,-2.335,1.885,-1.2387,14,S94_SWEEP_REVERSAL_SHORT
s94_sweep_reversal,SELL,2026-02-10 23:16:00+00:00,5040.22,5046.95,5023.29,2026-02-10 23:20:00+00:00,5046.95,SL,-7.18,6.73,-1.0669,23,S94_SWEEP_REVERSAL_SHORT
s94_sweep_reversal,SELL,2026-02-11 02:46:00+00:00,5054.855,5057.39,5030.11,2026-02-11 02:55:00+00:00,5057.39,SL,-2.985,2.535,-1.1775,2,S94_SWEEP_REVERSAL_SHORT
s94_sweep_reversal,BUY,2026-02-10 16:07:00+00:00,5011.445,4995.83,5066.34,2026-02-11 07:10:00+00:00,5066.34,TP,54.445,15.615,3.4867,16,S94_SWEEP_REVERSAL_LONG
s94_sweep_reversal,SELL,2026-02-11 07:10:00+00:00,5064.7,5066.56,5053.28,2026-02-11 07:11:00+00:00,5066.56,SL,-2.31,1.86,-1.2419,7,S94_SWEEP_REVERSAL_SHORT
s94_sweep_reversal,SELL,2026-02-11 10:12:00+00:00,5069.235,5072.92,5054.66,2026-02-11 10:18:00+00:00,5072.92,SL,-4.135,3.685,-1.1221,10,S94_SWEEP_REVERSAL_SHORT
s94_sweep_reversal,BUY,2026-02-11 21:48:00+00:00,5076.92,5068.23,5099.25,2026-02-11 23:11:00+00:00,5068.23,SL,-9.14,8.69,-1.0518,21,S94_SWEEP_REVERSAL_LONG
s94_sweep_reversal,BUY,2026-02-12 00:22:00+00:00,5053.89,5049.0,5071.27,2026-02-12 01:04:00+00:00,5049.0,SL,-5.34,4.89,-1.092,0,S94_SWEEP_REVERSAL_LONG
s94_sweep_reversal,BUY,2026-02-11 14:39:00+00:00,5045.92,5013.16,5149.0,2026-02-12 10:39:00+00:00,5062.51,TIME,16.14,32.76,0.4927,14,S94_SWEEP_REVERSAL_LONG
s94_sweep_reversal,BUY,2026-02-12 13:00:00+00:00,5052.43,5048.06,5061.54,2026-02-12 13:09:00+00:00,5061.54,TP,8.66,4.37,1.9817,13,S94_SWEEP_REVERSAL_LONG
s94_sweep_reversal,BUY,2026-02-12 16:25:00+00:00,4921.85,4904.07,5025.47,2026-02-12 16:26:00+00:00,4904.07,SL,-18.23,17.78,-1.0253,16,S94_SWEEP_REVERSAL_LONG
s94_sweep_reversal,SELL,2026-02-13 01:55:00+00:00,4983.245,4990.22,4961.65,2026-02-13 02:55:00+00:00,4990.22,SL,-7.425,6.975,-1.0645,1,S94_SWEEP_REVERSAL_SHORT
s94_sweep_reversal,BUY,2026-02-13 05:30:00+00:00,4972.315,4963.07,4994.71,2026-02-13 05:43:00+00:00,4963.07,SL,-9.695,9.245,-1.0487,5,S94_SWEEP_REVERSAL_LONG
s94_sweep_reversal,SELL,2026-02-13 08:47:00+00:00,4986.555,4990.48,4963.76,2026-02-13 09:30:00+00:00,4963.76,TP,22.345,3.925,5.693,8,S94_SWEEP_REVERSAL_SHORT
s94_sweep_reversal,BUY,2026-02-13 11:10:00+00:00,4944.93,4940.17,4963.61,2026-02-13 11:24:00+00:00,4940.17,SL,-5.21,4.76,-1.0945,11,S94_SWEEP_REVERSAL_LONG
s94_sweep_reversal,SELL,2026-02-13 13:55:00+00:00,4989.695,5002.18,4934.09,2026-02-13 14:15:00+00:00,5002.18,SL,-12.935,12.485,-1.036,13,S94_SWEEP_REVERSAL_SHORT
s94_sweep_reversal,SELL,2026-02-13 19:01:00+00:00,5033.735,5036.0,5017.84,2026-02-13 19:05:00+00:00,5036.0,SL,-2.715,2.265,-1.1987,19,S94_SWEEP_REVERSAL_SHORT
s94_sweep_reversal,BUY,2026-02-16 00:25:00+00:00,5009.64,4997.75,5044.01,2026-02-16 02:45:00+00:00,4997.75,SL,-12.34,11.89,-1.0378,0,S94_SWEEP_REVERSAL_LONG
s94_sweep_reversal,SELL,2026-02-16 09:15:00+00:00,5013.33,5015.89,5000.61,2026-02-16 09:17:00+00:00,5015.89,SL,-3.01,2.56,-1.1758,9,S94_SWEEP_REVERSAL_SHORT
s94_sweep_reversal,BUY,2026-02-16 14:20:00+00:00,4992.725,4988.87,5001.36,2026-02-16 14:37:00+00:00,4988.87,SL,-4.305,3.855,-1.1167,14,S94_SWEEP_REVERSAL_LONG
s94_sweep_reversal,BUY,2026-02-16 14:45:00+00:00,4988.965,4982.09,5005.25,2026-02-16 14:47:00+00:00,4982.09,SL,-7.325,6.875,-1.0655,14,S94_SWEEP_REVERSAL_LONG
s94_sweep_reversal,BUY,2026-02-16 23:20:00+00:00,4988.645,4984.32,5010.78,2026-02-17 00:04:00+00:00,4984.32,SL,-4.775,4.325,-1.104,23,S94_SWEEP_REVERSAL_LONG
s94_sweep_reversal,BUY,2026-02-17 00:38:00+00:00,4973.235,4970.62,4982.84,2026-02-17 00:42:00+00:00,4970.62,SL,-3.065,2.615,-1.1721,0,S94_SWEEP_REVERSAL_LONG
s94_sweep_reversal,SELL,2026-02-17 10:10:00+00:00,4930.425,4933.23,4904.23,2026-02-17 10:11:00+00:00,4933.23,SL,-3.255,2.805,-1.1604,10,S94_SWEEP_REVERSAL_SHORT
s94_sweep_reversal,BUY,2026-02-17 11:00:00+00:00,4913.365,4906.52,4929.11,2026-02-17 11:21:00+00:00,4929.11,TP,15.295,6.845,2.2345,11,S94_SWEEP_REVERSAL_LONG
s94_sweep_reversal,BUY,2026-02-17 05:40:00+00:00,4878.5,4854.38,4945.91,2026-02-17 14:01:00+00:00,4854.38,SL,-24.57,24.12,-1.0187,5,S94_SWEEP_REVERSAL_LONG
s94_sweep_reversal,SELL,2026-02-17 18:50:00+00:00,4894.005,4896.43,4882.43,2026-02-17 18:51:00+00:00,4896.43,SL,-2.875,2.425,-1.1856,18,S94_SWEEP_REVERSAL_SHORT
s94_sweep_reversal,BUY,2026-02-17 14:50:00+00:00,4859.2,4838.45,4906.23,2026-02-17 18:56:00+00:00,4906.23,TP,46.58,20.75,2.2448,14,S94_SWEEP_REVERSAL_LONG
s94_sweep_reversal,SELL,2026-02-18 01:15:00+00:00,4886.965,4892.61,4857.81,2026-02-18 01:36:00+00:00,4892.61,SL,-6.095,5.645,-1.0797,1,S94_SWEEP_REVERSAL_SHORT
s94_sweep_reversal,SELL,2026-02-18 07:29:00+00:00,4940.89,4942.89,4928.37,2026-02-18 08:05:00+00:00,4928.37,TP,12.07,2.0,6.035,7,S94_SWEEP_REVERSAL_SHORT
s94_sweep_reversal,SELL,2026-02-18 15:13:00+00:00,5001.24,5009.92,4974.8,2026-02-18 16:47:00+00:00,5009.92,SL,-9.13,8.68,-1.0518,15,S94_SWEEP_REVERSAL_SHORT
s94_sweep_reversal,BUY,2026-02-18 23:13:00+00:00,4972.87,4965.18,4981.61,2026-02-18 23:24:00+00:00,4981.61,TP,8.29,7.69,1.078,23,S94_SWEEP_REVERSAL_LONG
s94_sweep_reversal,SELL,2026-02-19 03:44:00+00:00,4977.465,4979.63,4960.7,2026-02-19 03:45:00+00:00,4979.63,SL,-2.615,2.165,-1.2079,3,S94_SWEEP_REVERSAL_SHORT
s94_sweep_reversal,BUY,2026-02-19 00:22:00+00:00,4966.715,4959.86,4991.61,2026-02-19 05:10:00+00:00,4991.61,TP,24.445,6.855,3.566,0,S94_SWEEP_REVERSAL_LONG
s94_sweep_reversal,SELL,2026-02-19 07:26:00+00:00,5020.29,5022.18,5013.49,2026-02-19 07:55:00+00:00,5013.49,TP,6.35,1.89,3.3598,7,S94_SWEEP_REVERSAL_SHORT
s94_sweep_reversal,SELL,2026-02-20 00:57:00+00:00,5004.225,5009.24,4992.83,2026-02-20 01:00:00+00:00,5009.24,SL,-5.465,5.015,-1.0897,0,S94_SWEEP_REVERSAL_SHORT
s94_sweep_reversal,BUY,2026-02-20 03:29:00+00:00,4992.9,4989.21,5000.55,2026-02-20 03:41:00+00:00,4989.21,SL,-4.14,3.69,-1.122,3,S94_SWEEP_REVERSAL_LONG
s94_sweep_reversal,SELL,2026-02-20 06:10:00+00:00,5014.865,5018.43,5006.07,2026-02-20 06:11:00+00:00,5018.43,SL,-4.015,3.565,-1.1262,6,S94_SWEEP_REVERSAL_SHORT
s94_sweep_reversal,SELL,2026-02-20 06:30:00+00:00,5022.385,5031.67,5003.85,2026-02-20 09:03:00+00:00,5031.67,SL,-9.735,9.285,-1.0485,6,S94_SWEEP_REVERSAL_SHORT
s94_sweep_reversal,BUY,2026-02-20 11:55:00+00:00,5019.52,5015.13,5041.65,2026-02-20 12:01:00+00:00,5015.13,SL,-4.84,4.39,-1.1025,11,S94_SWEEP_REVERSAL_LONG
s94_sweep_reversal,SELL,2026-02-20 14:09:00+00:00,5046.48,5049.49,5032.49,2026-02-20 14:31:00+00:00,5049.49,SL,-3.46,3.01,-1.1495,14,S94_SWEEP_REVERSAL_SHORT
s94_sweep_reversal,SELL,2026-02-20 16:45:00+00:00,5064.33,5070.76,5036.25,2026-02-20 17:06:00+00:00,5070.76,SL,-6.88,6.43,-1.07,16,S94_SWEEP_REVERSAL_SHORT
s94_sweep_reversal,BUY,2026-02-20 15:10:00+00:00,5018.145,4983.69,5138.07,2026-02-22 23:04:00+00:00,5117.9,TIME,99.305,34.455,2.8822,15,S94_SWEEP_REVERSAL_LONG
s94_sweep_reversal,BUY,2026-02-23 07:35:00+00:00,5129.61,5124.08,5156.51,2026-02-23 08:29:00+00:00,5124.08,SL,-5.98,5.53,-1.0814,7,S94_SWEEP_REVERSAL_LONG
s94_sweep_reversal,BUY,2026-02-23 08:40:00+00:00,5125.19,5121.48,5139.35,2026-02-23 08:55:00+00:00,5139.35,TP,13.71,3.71,3.6954,8,S94_SWEEP_REVERSAL_LONG
s94_sweep_reversal,BUY,2026-02-24 10:40:00+00:00,5166.565,5162.55,5190.56,2026-02-24 12:17:00+00:00,5162.55,SL,-4.465,4.015,-1.1121,10,S94_SWEEP_REVERSAL_LONG
s94_sweep_reversal,BUY,2026-02-24 12:13:00+00:00,5165.21,5162.89,5180.1,2026-02-24 12:17:00+00:00,5162.89,SL,-2.77,2.32,-1.194,12,S94_SWEEP_REVERSAL_LONG
s94_sweep_reversal,BUY,2026-02-24 13:45:00+00:00,5141.615,5131.39,5177.56,2026-02-24 13:48:00+00:00,5131.39,SL,-10.675,10.225,-1.044,13,S94_SWEEP_REVERSAL_LONG
s94_sweep_reversal,SELL,2026-02-24 20:41:00+00:00,5170.37,5173.44,5158.47,2026-02-24 20:55:00+00:00,5158.47,TP,11.45,3.07,3.7296,20,S94_SWEEP_REVERSAL_SHORT
s94_sweep_reversal,BUY,2026-02-24 23:20:00+00:00,5130.68,5127.69,5146.66,2026-02-24 23:42:00+00:00,5146.66,TP,15.53,2.99,5.194,23,S94_SWEEP_REVERSAL_LONG
s94_sweep_reversal,SELL,2026-02-25 01:25:00+00:00,5181.49,5188.49,5160.76,2026-02-25 01:29:00+00:00,5188.49,SL,-7.45,7.0,-1.0643,1,S94_SWEEP_REVERSAL_SHORT
s94_sweep_reversal,SELL,2026-02-25 01:33:00+00:00,5185.88,5189.39,5167.91,2026-02-25 01:35:00+00:00,5189.39,SL,-3.96,3.51,-1.1282,1,S94_SWEEP_REVERSAL_SHORT
s94_sweep_reversal,BUY,2026-02-25 10:16:00+00:00,5180.325,5175.71,5197.43,2026-02-25 10:20:00+00:00,5175.71,SL,-5.065,4.615,-1.0975,10,S94_SWEEP_REVERSAL_LONG
s94_sweep_reversal,SELL,2026-02-25 15:16:00+00:00,5195.285,5204.67,5177.9,2026-02-25 15:27:00+00:00,5177.9,TP,16.935,9.385,1.8045,15,S94_SWEEP_REVERSAL_SHORT
s94_sweep_reversal,SELL,2026-02-25 15:49:00+00:00,5197.265,5204.18,5177.9,2026-02-25 16:22:00+00:00,5204.18,SL,-7.365,6.915,-1.0651,15,S94_SWEEP_REVERSAL_SHORT
s94_sweep_reversal,BUY,2026-02-26 02:40:00+00:00,5178.53,5173.45,5193.39,2026-02-26 03:18:00+00:00,5193.39,TP,14.41,5.08,2.8366,2,S94_SWEEP_REVERSAL_LONG
s94_sweep_reversal,BUY,2026-02-26 08:40:00+00:00,5174.07,5169.8,5191.41,2026-02-26 08:47:00+00:00,5169.8,SL,-4.72,4.27,-1.1054,8,S94_SWEEP_REVERSAL_LONG
s94_sweep_reversal,BUY,2026-02-26 11:51:00+00:00,5167.7,5165.26,5181.81,2026-02-26 11:54:00+00:00,5165.26,SL,-2.89,2.44,-1.1844,11,S94_SWEEP_REVERSAL_LONG
s94_sweep_reversal,BUY,2026-02-26 14:08:00+00:00,5161.05,5157.07,5178.59,2026-02-26 14:30:00+00:00,5157.07,SL,-4.43,3.98,-1.1131,14,S94_SWEEP_REVERSAL_LONG
s94_sweep_reversal,BUY,2026-02-26 15:15:00+00:00,5157.87,5135.71,5200.68,2026-02-26 15:27:00+00:00,5135.71,SL,-22.61,22.16,-1.0203,15,S94_SWEEP_REVERSAL_LONG
s94_sweep_reversal,SELL,2026-02-26 17:09:00+00:00,5188.095,5194.17,5169.17,2026-02-26 17:49:00+00:00,5169.17,TP,18.475,6.075,3.0412,17,S94_SWEEP_REVERSAL_SHORT
s94_sweep_reversal,SELL,2026-02-27 02:15:00+00:00,5195.03,5201.05,5183.77,2026-02-27 02:30:00+00:00,5183.77,TP,10.81,6.02,1.7957,2,S94_SWEEP_REVERSAL_SHORT
s94_sweep_reversal,BUY,2026-02-27 07:28:00+00:00,5181.015,5176.73,5188.82,2026-02-27 07:31:00+00:00,5176.73,SL,-4.735,4.285,-1.105,7,S94_SWEEP_REVERSAL_LONG
s94_sweep_reversal,SELL,2026-02-27 15:12:00+00:00,5238.18,5241.49,5224.47,2026-02-27 15:18:00+00:00,5224.47,TP,13.26,3.31,4.006,15,S94_SWEEP_REVERSAL_SHORT
s94_sweep_reversal,SELL,2026-02-27 16:02:00+00:00,5240.825,5248.33,5217.62,2026-02-27 16:11:00+00:00,5248.33,SL,-7.955,7.505,-1.06,16,S94_SWEEP_REVERSAL_SHORT
s94_sweep_reversal,SELL,2026-02-27 20:30:00+00:00,5257.75,5263.41,5246.49,2026-02-27 20:45:00+00:00,5263.41,SL,-6.11,5.66,-1.0795,20,S94_SWEEP_REVERSAL_SHORT
s94_sweep_reversal,BUY,2026-03-02 01:20:00+00:00,5329.785,5311.11,5380.57,2026-03-02 01:29:00+00:00,5311.11,SL,-19.125,18.675,-1.0241,1,S94_SWEEP_REVERSAL_LONG
s94_sweep_reversal,BUY,2026-03-02 12:00:00+00:00,5379.055,5373.2,5405.77,2026-03-02 13:05:00+00:00,5405.77,TP,26.265,5.855,4.4859,12,S94_SWEEP_REVERSAL_LONG
s94_sweep_reversal,SELL,2026-03-02 13:10:00+00:00,5401.045,5412.56,5369.57,2026-03-02 13:31:00+00:00,5412.56,SL,-11.965,11.515,-1.0391,13,S94_SWEEP_REVERSAL_SHORT
s94_sweep_reversal,BUY,2026-03-02 14:15:00+00:00,5374.37,5361.17,5410.59,2026-03-02 14:21:00+00:00,5361.17,SL,-13.65,13.2,-1.0341,14,S94_SWEEP_REVERSAL_LONG
s94_sweep_reversal,BUY,2026-03-03 05:15:00+00:00,5358.94,5353.08,5378.74,2026-03-03 05:18:00+00:00,5353.08,SL,-6.31,5.86,-1.0768,5,S94_SWEEP_REVERSAL_LONG
s94_sweep_reversal,BUY,2026-03-03 11:17:00+00:00,5183.12,5154.86,5344.29,2026-03-03 11:28:00+00:00,5154.86,SL,-28.71,28.26,-1.0159,11,S94_SWEEP_REVERSAL_LONG
s94_sweep_reversal,BUY,2026-03-04 06:15:00+00:00,5141.14,5111.86,5170.78,2026-03-04 07:06:00+00:00,5170.78,TP,29.19,29.28,0.9969,6,S94_SWEEP_REVERSAL_LONG
s94_sweep_reversal,SELL,2026-03-04 07:15:00+00:00,5168.47,5177.96,5141.04,2026-03-04 08:47:00+00:00,5177.96,SL,-9.94,9.49,-1.0474,7,S94_SWEEP_REVERSAL_SHORT
s94_sweep_reversal,SELL,2026-03-04 09:20:00+00:00,5176.065,5183.9,5155.35,2026-03-04 09:39:00+00:00,5183.9,SL,-8.285,7.835,-1.0574,9,S94_SWEEP_REVERSAL_SHORT
s94_sweep_reversal,BUY,2026-03-04 14:55:00+00:00,5147.64,5141.03,5217.38,2026-03-04 14:56:00+00:00,5141.03,SL,-7.06,6.61,-1.0681,14,S94_SWEEP_REVERSAL_LONG
s94_sweep_reversal,BUY,2026-03-04 17:30:00+00:00,5131.34,5117.52,5174.51,2026-03-04 18:20:00+00:00,5117.52,SL,-14.27,13.82,-1.0326,17,S94_SWEEP_REVERSAL_LONG
s94_sweep_reversal,SELL,2026-03-05 02:30:00+00:00,5186.575,5188.76,5168.01,2026-03-05 02:53:00+00:00,5188.76,SL,-2.635,2.185,-1.2059,2,S94_SWEEP_REVERSAL_SHORT
s94_sweep_reversal,BUY,2026-03-05 13:30:00+00:00,5120.785,5071.34,5185.83,2026-03-05 15:08:00+00:00,5071.34,SL,-49.895,49.445,-1.0091,13,S94_SWEEP_REVERSAL_LONG
s94_sweep_reversal,BUY,2026-03-05 15:21:00+00:00,5081.23,5055.47,5151.55,2026-03-05 16:30:00+00:00,5055.47,SL,-26.21,25.76,-1.0175,15,S94_SWEEP_REVERSAL_LONG
s94_sweep_reversal,BUY,2026-03-05 16:35:00+00:00,5060.625,5052.62,5094.16,2026-03-05 18:03:00+00:00,5052.62,SL,-8.455,8.005,-1.0562,16,S94_SWEEP_REVERSAL_LONG
s94_sweep_reversal,SELL,2026-03-05 20:26:00+00:00,5085.525,5097.28,5063.1,2026-03-05 23:41:00+00:00,5097.28,SL,-12.205,11.755,-1.0383,20,S94_SWEEP_REVERSAL_SHORT
s94_sweep_reversal,SELL,2026-03-05 23:28:00+00:00,5094.925,5097.45,5069.08,2026-03-05 23:41:00+00:00,5097.45,SL,-2.975,2.525,-1.1782,23,S94_SWEEP_REVERSAL_SHORT
s94_sweep_reversal,BUY,2026-03-06 01:11:00+00:00,5074.22,5064.44,5104.35,2026-03-06 01:36:00+00:00,5104.35,TP,29.68,9.78,3.0348,1,S94_SWEEP_REVERSAL_LONG
s94_sweep_reversal,BUY,2026-03-06 07:33:00+00:00,5109.25,5104.84,5118.84,2026-03-06 07:54:00+00:00,5118.84,TP,9.14,4.41,2.0726,7,S94_SWEEP_REVERSAL_LONG
s94_sweep_reversal,BUY,2026-03-06 13:01:00+00:00,5075.66,5060.1,5098.45,2026-03-06 13:30:00+00:00,5098.45,TP,22.34,15.56,1.4357,13,S94_SWEEP_REVERSAL_LONG
s94_sweep_reversal,SELL,2026-03-06 14:57:00+00:00,5123.16,5133.27,5035.13,2026-03-06 15:00:00+00:00,5133.27,SL,-10.56,10.11,-1.0445,14,S94_SWEEP_REVERSAL_SHORT
s94_sweep_reversal,SELL,2026-03-06 21:35:00+00:00,5171.89,5175.36,5165.66,2026-03-06 21:57:00+00:00,5175.36,SL,-3.92,3.47,-1.1297,21,S94_SWEEP_REVERSAL_SHORT
s94_sweep_reversal,BUY,2026-03-08 22:15:00+00:00,5149.34,5110.83,5212.06,2026-03-08 22:43:00+00:00,5110.83,SL,-38.96,38.51,-1.0117,22,S94_SWEEP_REVERSAL_LONG
s94_sweep_reversal,BUY,2026-03-08 23:50:00+00:00,5065.5,5038.8,5106.22,2026-03-09 00:13:00+00:00,5038.8,SL,-27.15,26.7,-1.0169,23,S94_SWEEP_REVERSAL_LONG
s94_sweep_reversal,BUY,2026-03-09 11:19:00+00:00,5087.07,5083.04,5109.36,2026-03-09 11:20:00+00:00,5083.04,SL,-4.48,4.03,-1.1117,11,S94_SWEEP_REVERSAL_LONG
s94_sweep_reversal,SELL,2026-03-09 19:58:00+00:00,5140.79,5144.82,5124.01,2026-03-09 20:00:00+00:00,5144.82,SL,-4.48,4.03,-1.1117,19,S94_SWEEP_REVERSAL_SHORT
s94_sweep_reversal,SELL,2026-03-10 15:20:00+00:00,5227.08,5229.39,5211.79,2026-03-10 15:31:00+00:00,5229.39,SL,-2.76,2.31,-1.1948,15,S94_SWEEP_REVERSAL_SHORT
s94_sweep_reversal,BUY,2026-03-11 05:43:00+00:00,5199.42,5188.53,5210.77,2026-03-11 06:17:00+00:00,5210.77,TP,10.9,10.89,1.0009,5,S94_SWEEP_REVERSAL_LONG
s94_sweep_reversal,BUY,2026-03-11 07:45:00+00:00,5190.705,5183.02,5212.41,2026-03-11 08:26:00+00:00,5183.02,SL,-8.135,7.685,-1.0586,7,S94_SWEEP_REVERSAL_LONG
s94_sweep_reversal,BUY,2026-03-11 08:37:00+00:00,5183.47,5180.41,5196.54,2026-03-11 08:38:00+00:00,5180.41,SL,-3.51,3.06,-1.1471,8,S94_SWEEP_REVERSAL_LONG
s94_sweep_reversal,BUY,2026-03-11 08:45:00+00:00,5179.905,5174.21,5197.9,2026-03-11 12:36:00+00:00,5174.21,SL,-6.145,5.695,-1.079,8,S94_SWEEP_REVERSAL_LONG
s94_sweep_reversal,BUY,2026-03-11 12:46:00+00:00,5175.35,5172.74,5190.46,2026-03-11 12:47:00+00:00,5172.74,SL,-3.06,2.61,-1.1724,12,S94_SWEEP_REVERSAL_LONG
s94_sweep_reversal,BUY,2026-03-10 19:00:00+00:00,5185.3,5154.49,5276.72,2026-03-11 13:51:00+00:00,5154.49,SL,-31.26,30.81,-1.0146,19,S94_SWEEP_REVERSAL_LONG
s94_sweep_reversal,BUY,2026-03-11 22:26:00+00:00,5169.375,5167.11,5189.08,2026-03-11 22:27:00+00:00,5167.11,SL,-2.715,2.265,-1.1987,22,S94_SWEEP_REVERSAL_LONG
s94_sweep_reversal,SELL,2026-03-12 10:05:00+00:00,5189.86,5192.18,5173.93,2026-03-12 11:20:00+00:00,5173.93,TP,15.48,2.32,6.6724,10,S94_SWEEP_REVERSAL_SHORT
s94_sweep_reversal,BUY,2026-03-12 12:04:00+00:00,5174.43,5172.49,5185.9,2026-03-12 12:05:00+00:00,5172.49,SL,-2.39,1.94,-1.232,12,S94_SWEEP_REVERSAL_LONG
s94_sweep_reversal,BUY,2026-03-12 13:31:00+00:00,5163.685,5157.67,5190.41,2026-03-12 13:42:00+00:00,5157.67,SL,-6.465,6.015,-1.0748,13,S94_SWEEP_REVERSAL_LONG
s94_sweep_reversal,BUY,2026-03-12 17:45:00+00:00,5109.85,5103.96,5126.89,2026-03-12 17:58:00+00:00,5103.96,SL,-6.34,5.89,-1.0764,17,S94_SWEEP_REVERSAL_LONG
s94_sweep_reversal,BUY,2026-03-12 19:11:00+00:00,5089.135,5076.93,5111.23,2026-03-12 20:26:00+00:00,5076.93,SL,-12.655,12.205,-1.0369,19,S94_SWEEP_REVERSAL_LONG
s94_sweep_reversal,SELL,2026-03-13 11:01:00+00:00,5097.165,5098.68,5090.57,2026-03-13 11:07:00+00:00,5090.57,TP,6.145,1.515,4.0561,11,S94_SWEEP_REVERSAL_SHORT
s94_sweep_reversal,SELL,2026-03-13 12:10:00+00:00,5111.26,5120.73,5096.21,2026-03-13 12:46:00+00:00,5120.73,SL,-9.92,9.47,-1.0475,12,S94_SWEEP_REVERSAL_SHORT
s94_sweep_reversal,BUY,2026-03-13 19:59:00+00:00,5015.045,5008.42,5041.98,2026-03-15 22:04:00+00:00,5015.76,TIME,0.265,6.625,0.04,19,S94_SWEEP_REVERSAL_LONG
s94_sweep_reversal,BUY,2026-03-15 22:41:00+00:00,5009.745,4998.7,5046.67,2026-03-15 23:20:00+00:00,4998.7,SL,-11.495,11.045,-1.0407,22,S94_SWEEP_REVERSAL_LONG
s94_sweep_reversal,SELL,2026-03-16 00:33:00+00:00,5026.335,5029.29,5010.84,2026-03-16 00:34:00+00:00,5029.29,SL,-3.405,2.955,-1.1523,0,S94_SWEEP_REVERSAL_SHORT
s94_sweep_reversal,BUY,2026-03-16 07:26:00+00:00,5003.41,5000.15,5019.26,2026-03-16 07:28:00+00:00,5000.15,SL,-3.71,3.26,-1.138,7,S94_SWEEP_REVERSAL_LONG
s94_sweep_reversal,BUY,2026-03-16 09:44:00+00:00,4982.675,4979.27,4992.95,2026-03-16 09:45:00+00:00,4979.27,SL,-3.855,3.405,-1.1322,9,S94_SWEEP_REVERSAL_LONG
s94_sweep_reversal,BUY,2026-03-16 14:55:00+00:00,4992.78,4986.92,5017.34,2026-03-16 15:29:00+00:00,4986.92,SL,-6.31,5.86,-1.0768,14,S94_SWEEP_REVERSAL_LONG
s94_sweep_reversal,SELL,2026-03-18 01:15:00+00:00,5012.24,5016.72,4999.89,2026-03-18 01:45:00+00:00,4999.89,TP,11.9,4.48,2.6562,1,S94_SWEEP_REVERSAL_SHORT
s94_sweep_reversal,BUY,2026-03-18 02:56:00+00:00,4993.39,4990.97,5007.51,2026-03-18 02:58:00+00:00,4990.97,SL,-2.87,2.42,-1.186,2,S94_SWEEP_REVERSAL_LONG
s94_sweep_reversal,BUY,2026-03-18 03:12:00+00:00,4991.455,4985.02,5006.3,2026-03-18 04:36:00+00:00,4985.02,SL,-6.885,6.435,-1.0699,3,S94_SWEEP_REVERSAL_LONG
s94_sweep_reversal,BUY,2026-03-17 15:45:00+00:00,4984.015,4971.15,5017.81,2026-03-18 10:35:00+00:00,4971.15,SL,-13.315,12.865,-1.035,15,S94_SWEEP_REVERSAL_LONG
s94_sweep_reversal,BUY,2026-03-18 10:29:00+00:00,4981.83,4976.36,5003.55,2026-03-18 10:35:00+00:00,4976.36,SL,-5.92,5.47,-1.0823,10,S94_SWEEP_REVERSAL_LONG
s94_sweep_reversal,BUY,2026-03-18 10:45:00+00:00,4977.455,4955.27,5001.86,2026-03-18 11:05:00+00:00,4955.27,SL,-22.635,22.185,-1.0203,10,S94_SWEEP_REVERSAL_LONG
s94_sweep_reversal,SELL,2026-03-18 17:34:00+00:00,4894.67,4899.01,4877.56,2026-03-18 17:38:00+00:00,4899.01,SL,-4.79,4.34,-1.1037,17,S94_SWEEP_REVERSAL_SHORT
s94_sweep_reversal,SELL,2026-03-20 01:35:00+00:00,4677.205,4681.7,4651.05,2026-03-20 01:40:00+00:00,4681.7,SL,-4.945,4.495,-1.1001,1,S94_SWEEP_REVERSAL_SHORT
s94_sweep_reversal,SELL,2026-03-20 02:57:00+00:00,4699.53,4704.85,4662.1,2026-03-20 03:04:00+00:00,4704.85,SL,-5.77,5.32,-1.0846,2,S94_SWEEP_REVERSAL_SHORT
s94_sweep_reversal,BUY,2026-03-20 10:17:00+00:00,4661.305,4647.45,4688.84,2026-03-20 10:21:00+00:00,4647.45,SL,-14.305,13.855,-1.0325,10,S94_SWEEP_REVERSAL_LONG
s94_sweep_reversal,BUY,2026-03-20 18:38:00+00:00,4540.785,4535.49,4600.32,2026-03-20 18:42:00+00:00,4535.49,SL,-5.745,5.295,-1.085,18,S94_SWEEP_REVERSAL_LONG
s94_sweep_reversal,BUY,2026-03-22 23:36:00+00:00,4477.54,4470.55,4485.41,2026-03-22 23:43:00+00:00,4485.41,TP,7.42,6.99,1.0615,23,S94_SWEEP_REVERSAL_LONG
s94_sweep_reversal,SELL,2026-03-23 14:32:00+00:00,4492.925,4518.23,4409.41,2026-03-23 15:44:00+00:00,4409.41,TP,83.065,25.305,3.2826,14,S94_SWEEP_REVERSAL_SHORT
s94_sweep_reversal,BUY,2026-03-23 22:10:00+00:00,4382.855,4353.96,4413.9,2026-03-23 22:29:00+00:00,4413.9,TP,30.595,28.895,1.0588,22,S94_SWEEP_REVERSAL_LONG
s94_sweep_reversal,BUY,2026-03-24 11:53:00+00:00,4391.285,4370.6,4509.75,2026-03-24 12:39:00+00:00,4370.6,SL,-21.135,20.685,-1.0218,11,S94_SWEEP_REVERSAL_LONG
s94_sweep_reversal,BUY,2026-03-24 17:15:00+00:00,4396.455,4386.35,4429.08,2026-03-24 17:32:00+00:00,4386.35,SL,-10.555,10.105,-1.0445,17,S94_SWEEP_REVERSAL_LONG
s94_sweep_reversal,SELL,2026-03-24 20:36:00+00:00,4467.27,4488.8,4414.45,2026-03-24 23:16:00+00:00,4488.8,SL,-21.98,21.53,-1.0209,20,S94_SWEEP_REVERSAL_SHORT
s94_sweep_reversal,SELL,2026-03-25 00:10:00+00:00,4551.66,4556.07,4519.79,2026-03-25 00:27:00+00:00,4556.07,SL,-4.86,4.41,-1.102,0,S94_SWEEP_REVERSAL_SHORT
s94_sweep_reversal,SELL,2026-03-25 08:25:00+00:00,4563.34,4569.46,4546.54,2026-03-25 09:45:00+00:00,4546.54,TP,16.35,6.12,2.6716,8,S94_SWEEP_REVERSAL_SHORT
s94_sweep_reversal,BUY,2026-03-25 23:48:00+00:00,4494.7,4487.67,4523.48,2026-03-26 00:13:00+00:00,4523.48,TP,28.33,7.03,4.0299,23,S94_SWEEP_REVERSAL_LONG
s94_sweep_reversal,BUY,2026-03-26 05:40:00+00:00,4489.075,4477.84,4508.8,2026-03-26 05:45:00+00:00,4477.84,SL,-11.685,11.235,-1.0401,5,S94_SWEEP_REVERSAL_LONG
s94_sweep_reversal,SELL,2026-03-26 13:55:00+00:00,4456.865,4462.08,4439.62,2026-03-26 13:59:00+00:00,4439.62,TP,16.795,5.215,3.2205,13,S94_SWEEP_REVERSAL_SHORT
s94_sweep_reversal,BUY,2026-03-26 09:31:00+00:00,4415.87,4411.58,4462.54,2026-03-26 14:22:00+00:00,4462.54,TP,46.22,4.29,10.7739,9,S94_SWEEP_REVERSAL_LONG
s94_sweep_reversal,SELL,2026-03-26 14:33:00+00:00,4463.995,4471.28,4434.5,2026-03-26 14:34:00+00:00,4471.28,SL,-7.735,7.285,-1.0618,14,S94_SWEEP_REVERSAL_SHORT
s94_sweep_reversal,BUY,2026-03-26 18:20:00+00:00,4372.655,4365.52,4420.49,2026-03-26 19:54:00+00:00,4365.52,SL,-7.585,7.135,-1.0631,18,S94_SWEEP_REVERSAL_LONG
s94_sweep_reversal,SELL,2026-03-26 20:21:00+00:00,4399.45,4418.0,4295.68,2026-03-26 20:39:00+00:00,4418.0,SL,-19.0,18.55,-1.0243,20,S94_SWEEP_REVERSAL_SHORT
s94_sweep_reversal,BUY,2026-03-27 00:35:00+00:00,4389.84,4381.09,4412.84,2026-03-27 00:50:00+00:00,4381.09,SL,-9.2,8.75,-1.0514,0,S94_SWEEP_REVERSAL_LONG
s94_sweep_reversal,SELL,2026-03-27 05:06:00+00:00,4446.33,4450.7,4440.62,2026-03-27 05:30:00+00:00,4450.7,SL,-4.82,4.37,-1.103,5,S94_SWEEP_REVERSAL_SHORT
s94_sweep_reversal,SELL,2026-03-27 15:31:00+00:00,4544.815,4558.33,4509.06,2026-03-27 16:40:00+00:00,4509.06,TP,35.305,13.515,2.6123,15,S94_SWEEP_REVERSAL_SHORT
s94_sweep_reversal,BUY,2026-03-29 22:56:00+00:00,4486.505,4479.89,4545.89,2026-03-29 23:05:00+00:00,4479.89,SL,-7.065,6.615,-1.068,22,S94_SWEEP_REVERSAL_LONG
s94_sweep_reversal,SELL,2026-03-30 05:18:00+00:00,4513.55,4519.33,4493.65,2026-03-30 05:49:00+00:00,4519.33,SL,-6.23,5.78,-1.0779,5,S94_SWEEP_REVERSAL_SHORT
s94_sweep_reversal,SELL,2026-03-31 01:30:00+00:00,4583.87,4586.11,4544.84,2026-03-31 01:31:00+00:00,4586.11,SL,-2.69,2.24,-1.2009,1,S94_SWEEP_REVERSAL_SHORT
s94_sweep_reversal,SELL,2026-03-31 01:38:00+00:00,4585.6,4593.82,4559.63,2026-03-31 01:40:00+00:00,4593.82,SL,-8.67,8.22,-1.0547,1,S94_SWEEP_REVERSAL_SHORT
s94_sweep_reversal,SELL,2026-03-31 11:30:00+00:00,4575.4,4585.42,4546.43,2026-03-31 11:39:00+00:00,4585.42,SL,-10.47,10.02,-1.0449,11,S94_SWEEP_REVERSAL_SHORT
s94_sweep_reversal,SELL,2026-03-31 11:38:00+00:00,4581.94,4583.78,4566.96,2026-03-31 11:39:00+00:00,4583.78,SL,-2.29,1.84,-1.2446,11,S94_SWEEP_REVERSAL_SHORT
s94_sweep_reversal,SELL,2026-03-31 13:50:00+00:00,4593.365,4598.86,4571.92,2026-03-31 13:51:00+00:00,4598.86,SL,-5.945,5.495,-1.0819,13,S94_SWEEP_REVERSAL_SHORT
s94_sweep_reversal,SELL,2026-03-31 14:29:00+00:00,4619.255,4627.0,4583.69,2026-03-31 14:34:00+00:00,4627.0,SL,-8.195,7.745,-1.0581,14,S94_SWEEP_REVERSAL_SHORT
s94_sweep_reversal,SELL,2026-03-31 23:33:00+00:00,4687.335,4698.84,4647.14,2026-03-31 23:56:00+00:00,4698.84,SL,-11.955,11.505,-1.0391,23,S94_SWEEP_REVERSAL_SHORT
s94_sweep_reversal,BUY,2026-04-01 02:45:00+00:00,4681.225,4677.49,4693.18,2026-04-01 03:19:00+00:00,4693.18,TP,11.505,3.735,3.0803,2,S94_SWEEP_REVERSAL_LONG
s94_sweep_reversal,SELL,2026-04-01 08:25:00+00:00,4733.235,4751.46,4696.85,2026-04-01 11:38:00+00:00,4751.46,SL,-18.675,18.225,-1.0247,8,S94_SWEEP_REVERSAL_SHORT
s94_sweep_reversal,SELL,2026-04-01 15:01:00+00:00,4762.905,4770.36,4743.49,2026-04-01 15:03:00+00:00,4770.36,SL,-7.905,7.455,-1.0604,15,S94_SWEEP_REVERSAL_SHORT
s94_sweep_reversal,SELL,2026-04-01 17:28:00+00:00,4790.84,4793.78,4780.16,2026-04-01 17:34:00+00:00,4780.16,TP,10.23,2.94,3.4796,17,S94_SWEEP_REVERSAL_SHORT
s94_sweep_reversal,SELL,2026-04-01 22:44:00+00:00,4778.21,4782.61,4761.24,2026-04-01 22:51:00+00:00,4782.61,SL,-4.85,4.4,-1.1023,22,S94_SWEEP_REVERSAL_SHORT
s94_sweep_reversal,SELL,2026-04-01 23:25:00+00:00,4793.195,4801.03,4778.45,2026-04-02 00:02:00+00:00,4778.45,TP,14.295,7.835,1.8245,23,S94_SWEEP_REVERSAL_SHORT
s94_sweep_reversal,BUY,2026-04-02 01:16:00+00:00,4742.17,4720.25,4848.08,2026-04-02 01:20:00+00:00,4720.25,SL,-22.37,21.92,-1.0205,1,S94_SWEEP_REVERSAL_LONG
s94_sweep_reversal,BUY,2026-04-02 02:34:00+00:00,4667.195,4645.03,4750.41,2026-04-02 05:34:00+00:00,4645.03,SL,-22.615,22.165,-1.0203,2,S94_SWEEP_REVERSAL_LONG
s94_sweep_reversal,BUY,2026-04-02 05:58:00+00:00,4594.97,4583.45,4685.45,2026-04-02 06:02:00+00:00,4583.45,SL,-11.97,11.52,-1.0391,5,S94_SWEEP_REVERSAL_LONG
s94_sweep_reversal,BUY,2026-04-02 11:30:00+00:00,4613.15,4601.43,4649.85,2026-04-02 11:42:00+00:00,4601.43,SL,-12.17,11.72,-1.0384,11,S94_SWEEP_REVERSAL_LONG
s94_sweep_reversal,BUY,2026-04-02 13:10:00+00:00,4592.895,4577.59,4625.17,2026-04-02 13:48:00+00:00,4625.17,TP,31.825,15.305,2.0794,13,S94_SWEEP_REVERSAL_LONG
s94_sweep_reversal,SELL,2026-04-06 09:13:00+00:00,4699.89,4704.25,4688.77,2026-04-06 09:30:00+00:00,4704.25,SL,-4.81,4.36,-1.1032,9,S94_SWEEP_REVERSAL_SHORT
s94_sweep_reversal,BUY,2026-04-06 15:37:00+00:00,4659.8,4654.63,4678.84,2026-04-06 15:38:00+00:00,4654.63,SL,-5.62,5.17,-1.087,15,S94_SWEEP_REVERSAL_LONG
s94_sweep_reversal,BUY,2026-04-06 17:48:00+00:00,4652.095,4644.33,4673.67,2026-04-07 01:00:00+00:00,4644.33,SL,-8.215,7.765,-1.058,17,S94_SWEEP_REVERSAL_LONG
s94_sweep_reversal,BUY,2026-04-07 01:10:00+00:00,4643.505,4623.82,4697.14,2026-04-07 01:52:00+00:00,4623.82,SL,-20.135,19.685,-1.0229,1,S94_SWEEP_REVERSAL_LONG
s94_sweep_reversal,BUY,2026-04-07 02:00:00+00:00,4625.47,4614.3,4657.42,2026-04-07 04:32:00+00:00,4657.42,TP,31.5,11.17,2.8201,2,S94_SWEEP_REVERSAL_LONG
s94_sweep_reversal,BUY,2026-04-07 14:15:00+00:00,4616.53,4605.41,4647.47,2026-04-07 14:25:00+00:00,4647.47,TP,30.49,11.12,2.7419,14,S94_SWEEP_REVERSAL_LONG
s94_sweep_reversal,SELL,2026-04-07 16:23:00+00:00,4661.935,4670.55,4637.15,2026-04-07 17:06:00+00:00,4670.55,SL,-9.065,8.615,-1.0522,16,S94_SWEEP_REVERSAL_SHORT
s94_sweep_reversal,SELL,2026-04-07 17:32:00+00:00,4668.825,4674.56,4655.59,2026-04-07 17:35:00+00:00,4674.56,SL,-6.185,5.735,-1.0785,17,S94_SWEEP_REVERSAL_SHORT
s94_sweep_reversal,SELL,2026-04-07 20:01:00+00:00,4706.875,4721.98,4652.68,2026-04-07 22:04:00+00:00,4721.98,SL,-15.555,15.105,-1.0298,20,S94_SWEEP_REVERSAL_SHORT
s94_sweep_reversal,SELL,2026-04-08 00:16:00+00:00,4836.505,4863.64,4803.03,2026-04-08 01:19:00+00:00,4803.03,TP,33.025,27.135,1.2171,0,S94_SWEEP_REVERSAL_SHORT
s94_sweep_reversal,SELL,2026-04-08 17:03:00+00:00,4763.32,4766.26,4754.8,2026-04-08 17:19:00+00:00,4754.8,TP,8.07,2.94,2.7449,17,S94_SWEEP_REVERSAL_SHORT
s94_sweep_reversal,BUY,2026-04-09 07:28:00+00:00,4705.98,4702.98,4723.48,2026-04-09 07:36:00+00:00,4723.48,TP,17.05,3.0,5.6833,7,S94_SWEEP_REVERSAL_LONG
s94_sweep_reversal,SELL,2026-04-09 07:37:00+00:00,4726.575,4731.41,4699.54,2026-04-09 07:39:00+00:00,4731.41,SL,-5.285,4.835,-1.0931,7,S94_SWEEP_REVERSAL_SHORT
s94_sweep_reversal,SELL,2026-04-09 09:09:00+00:00,4731.735,4733.55,4720.61,2026-04-09 10:24:00+00:00,4733.55,SL,-2.265,1.815,-1.2479,9,S94_SWEEP_REVERSAL_SHORT
s94_sweep_reversal,SELL,2026-04-09 13:15:00+00:00,4757.665,4760.42,4738.34,2026-04-09 13:35:00+00:00,4760.42,SL,-3.205,2.755,-1.1633,13,S94_SWEEP_REVERSAL_SHORT
s94_sweep_reversal,BUY,2026-04-09 22:46:00+00:00,4760.835,4759.09,4772.36,2026-04-09 22:51:00+00:00,4759.09,SL,-2.195,1.745,-1.2579,22,S94_SWEEP_REVERSAL_LONG
s94_sweep_reversal,BUY,2026-04-10 08:55:00+00:00,4735.065,4729.66,4757.44,2026-04-10 09:19:00+00:00,4757.44,TP,21.925,5.405,4.0564,8,S94_SWEEP_REVERSAL_LONG
s94_sweep_reversal,SELL,2026-04-10 10:23:00+00:00,4757.7,4761.73,4728.33,2026-04-10 11:24:00+00:00,4761.73,SL,-4.48,4.03,-1.1117,10,S94_SWEEP_REVERSAL_SHORT
s94_sweep_reversal,BUY,2026-04-13 04:18:00+00:00,4711.44,4707.94,4722.47,2026-04-13 04:54:00+00:00,4722.47,TP,10.58,3.5,3.0229,4,S94_SWEEP_REVERSAL_LONG
s94_sweep_reversal,SELL,2026-04-13 05:38:00+00:00,4724.065,4727.05,4716.95,2026-04-13 05:56:00+00:00,4727.05,SL,-3.435,2.985,-1.1508,5,S94_SWEEP_REVERSAL_SHORT
s94_sweep_reversal,SELL,2026-04-13 07:19:00+00:00,4732.79,4740.2,4712.62,2026-04-13 09:38:00+00:00,4712.62,TP,19.72,7.41,2.6613,7,S94_SWEEP_REVERSAL_SHORT
s94_sweep_reversal,BUY,2026-04-13 15:25:00+00:00,4703.375,4699.86,4717.39,2026-04-13 15:38:00+00:00,4717.39,TP,13.565,3.515,3.8592,15,S94_SWEEP_REVERSAL_LONG
s94_sweep_reversal,SELL,2026-04-13 17:19:00+00:00,4744.64,4746.68,4727.06,2026-04-13 17:22:00+00:00,4746.68,SL,-2.49,2.04,-1.2206,17,S94_SWEEP_REVERSAL_SHORT
s94_sweep_reversal,SELL,2026-04-13 22:43:00+00:00,4750.205,4752.59,4741.13,2026-04-13 22:45:00+00:00,4752.59,SL,-2.835,2.385,-1.1887,22,S94_SWEEP_REVERSAL_SHORT
s94_sweep_reversal,SELL,2026-04-14 01:05:00+00:00,4773.35,4776.76,4764.06,2026-04-14 01:09:00+00:00,4776.76,SL,-3.86,3.41,-1.132,1,S94_SWEEP_REVERSAL_SHORT
s94_sweep_reversal,SELL,2026-04-14 13:33:00+00:00,4788.31,4793.61,4780.45,2026-04-14 13:34:00+00:00,4793.61,SL,-5.75,5.3,-1.0849,13,S94_SWEEP_REVERSAL_SHORT
s94_sweep_reversal,SELL,2026-04-14 14:00:00+00:00,4796.63,4805.58,4773.31,2026-04-14 14:19:00+00:00,4805.58,SL,-9.4,8.95,-1.0503,14,S94_SWEEP_REVERSAL_SHORT
s94_sweep_reversal,SELL,2026-04-14 16:50:00+00:00,4818.33,4820.84,4810.29,2026-04-14 16:58:00+00:00,4810.29,TP,7.59,2.51,3.0239,16,S94_SWEEP_REVERSAL_SHORT
s94_sweep_reversal,BUY,2026-04-15 00:26:00+00:00,4830.895,4828.29,4838.63,2026-04-15 00:38:00+00:00,4828.29,SL,-3.055,2.605,-1.1727,0,S94_SWEEP_REVERSAL_LONG
s94_sweep_reversal,BUY,2026-04-15 02:40:00+00:00,4827.285,4820.21,4850.09,2026-04-15 03:02:00+00:00,4820.21,SL,-7.525,7.075,-1.0636,2,S94_SWEEP_REVERSAL_LONG
s94_sweep_reversal,SELL,2026-04-15 01:26:00+00:00,4850.88,4876.51,4807.61,2026-04-15 07:01:00+00:00,4807.61,TP,42.82,25.63,1.6707,1,S94_SWEEP_REVERSAL_SHORT
s94_sweep_reversal,BUY,2026-04-15 07:16:00+00:00,4811.31,4802.24,4823.45,2026-04-15 09:11:00+00:00,4802.24,SL,-9.52,9.07,-1.0496,7,S94_SWEEP_REVERSAL_LONG
s94_sweep_reversal,BUY,2026-04-15 09:20:00+00:00,4804.595,4789.88,4824.48,2026-04-15 09:47:00+00:00,4789.88,SL,-15.165,14.715,-1.0306,9,S94_SWEEP_REVERSAL_LONG
s94_sweep_reversal,BUY,2026-04-15 10:26:00+00:00,4791.115,4784.82,4807.23,2026-04-15 11:25:00+00:00,4807.23,TP,15.665,6.295,2.4885,10,S94_SWEEP_REVERSAL_LONG
s94_sweep_reversal,SELL,2026-04-16 04:25:00+00:00,4827.205,4830.96,4815.56,2026-04-16 04:38:00+00:00,4830.96,SL,-4.205,3.755,-1.1198,4,S94_SWEEP_REVERSAL_SHORT
s94_sweep_reversal,BUY,2026-04-16 08:19:00+00:00,4811.33,4806.24,4821.12,2026-04-16 10:15:00+00:00,4806.24,SL,-5.54,5.09,-1.0884,8,S94_SWEEP_REVERSAL_LONG
s94_sweep_reversal,BUY,2026-04-16 10:30:00+00:00,4806.59,4804.94,4811.65,2026-04-16 10:41:00+00:00,4811.65,TP,4.61,1.65,2.7939,10,S94_SWEEP_REVERSAL_LONG
s94_sweep_reversal,SELL,2026-04-16 11:16:00+00:00,4818.11,4821.23,4812.55,2026-04-16 11:56:00+00:00,4821.23,SL,-3.57,3.12,-1.1442,11,S94_SWEEP_REVERSAL_SHORT
s94_sweep_reversal,BUY,2026-04-16 14:05:00+00:00,4787.895,4783.94,4812.6,2026-04-16 14:40:00+00:00,4783.94,SL,-4.405,3.955,-1.1138,14,S94_SWEEP_REVERSAL_LONG
s94_sweep_reversal,SELL,2026-04-17 12:00:00+00:00,4800.995,4814.53,4785.7,2026-04-17 12:25:00+00:00,4814.53,SL,-13.985,13.535,-1.0332,12,S94_SWEEP_REVERSAL_SHORT
s94_sweep_reversal,SELL,2026-04-17 12:20:00+00:00,4806.2,4813.22,4785.7,2026-04-17 12:25:00+00:00,4813.22,SL,-7.47,7.02,-1.0641,12,S94_SWEEP_REVERSAL_SHORT
s94_sweep_reversal,BUY,2026-04-17 17:44:00+00:00,4855.065,4853.47,4874.1,2026-04-17 19:55:00+00:00,4853.47,SL,-2.045,1.595,-1.2821,17,S94_SWEEP_REVERSAL_LONG
s94_sweep_reversal,BUY,2026-04-19 23:55:00+00:00,4751.22,4733.23,4796.14,2026-04-20 01:23:00+00:00,4796.14,TP,44.47,17.99,2.4719,23,S94_SWEEP_REVERSAL_LONG
s94_sweep_reversal,SELL,2026-04-20 07:10:00+00:00,4796.36,4802.95,4788.51,2026-04-20 07:18:00+00:00,4802.95,SL,-7.04,6.59,-1.0683,7,S94_SWEEP_REVERSAL_SHORT
s94_sweep_reversal,SELL,2026-04-20 10:17:00+00:00,4798.075,4799.91,4782.7,2026-04-20 10:18:00+00:00,4799.91,SL,-2.285,1.835,-1.2452,10,S94_SWEEP_REVERSAL_SHORT
s94_sweep_reversal,SELL,2026-04-20 12:11:00+00:00,4810.9,4813.04,4799.89,2026-04-20 12:12:00+00:00,4813.04,SL,-2.59,2.14,-1.2103,12,S94_SWEEP_REVERSAL_SHORT
s94_sweep_reversal,SELL,2026-04-20 13:08:00+00:00,4814.46,4824.1,4793.55,2026-04-20 13:29:00+00:00,4824.1,SL,-10.09,9.64,-1.0467,13,S94_SWEEP_REVERSAL_SHORT
s94_sweep_reversal,BUY,2026-04-21 01:53:00+00:00,4810.615,4808.88,4818.94,2026-04-21 01:54:00+00:00,4808.88,SL,-2.185,1.735,-1.2594,1,S94_SWEEP_REVERSAL_LONG
s94_sweep_reversal,BUY,2026-04-21 06:19:00+00:00,4779.54,4774.81,4795.29,2026-04-21 06:52:00+00:00,4774.81,SL,-5.18,4.73,-1.0951,6,S94_SWEEP_REVERSAL_LONG
s94_sweep_reversal,BUY,2026-04-21 08:13:00+00:00,4774.8,4772.41,4786.73,2026-04-21 08:21:00+00:00,4786.73,TP,11.48,2.39,4.8033,8,S94_SWEEP_REVERSAL_LONG
s94_sweep_reversal,BUY,2026-04-21 13:06:00+00:00,4775.49,4764.31,4809.33,2026-04-21 13:15:00+00:00,4764.31,SL,-11.63,11.18,-1.0403,13,S94_SWEEP_REVERSAL_LONG
s94_sweep_reversal,BUY,2026-04-21 14:55:00+00:00,4736.83,4720.51,4768.01,2026-04-21 16:28:00+00:00,4720.51,SL,-16.77,16.32,-1.0276,14,S94_SWEEP_REVERSAL_LONG
s94_sweep_reversal,SELL,2026-04-22 01:30:00+00:00,4747.455,4749.62,4732.06,2026-04-22 01:31:00+00:00,4749.62,SL,-2.615,2.165,-1.2079,1,S94_SWEEP_REVERSAL_SHORT
s94_sweep_reversal,BUY,2026-04-22 12:55:00+00:00,4745.89,4742.25,4758.27,2026-04-22 13:01:00+00:00,4742.25,SL,-4.09,3.64,-1.1236,12,S94_SWEEP_REVERSAL_LONG
s94_sweep_reversal,BUY,2026-04-22 14:41:00+00:00,4736.595,4728.34,4759.7,2026-04-22 15:35:00+00:00,4728.34,SL,-8.705,8.255,-1.0545,14,S94_SWEEP_REVERSAL_LONG
s94_sweep_reversal,SELL,2026-04-23 00:46:00+00:00,4750.2,4752.38,4730.13,2026-04-23 00:52:00+00:00,4752.38,SL,-2.63,2.18,-1.2064,0,S94_SWEEP_REVERSAL_SHORT
s94_sweep_reversal,SELL,2026-04-23 08:20:00+00:00,4721.57,4726.0,4712.83,2026-04-23 08:32:00+00:00,4712.83,TP,8.29,4.43,1.8713,8,S94_SWEEP_REVERSAL_SHORT
s94_sweep_reversal,BUY,2026-04-23 09:00:00+00:00,4703.2,4701.42,4711.41,2026-04-23 09:02:00+00:00,4701.42,SL,-2.23,1.78,-1.2528,9,S94_SWEEP_REVERSAL_LONG
s94_sweep_reversal,BUY,2026-04-23 17:15:00+00:00,4715.76,4703.52,4745.59,2026-04-23 17:31:00+00:00,4703.52,SL,-12.69,12.24,-1.0368,17,S94_SWEEP_REVERSAL_LONG
s94_sweep_reversal,SELL,2026-04-23 23:46:00+00:00,4699.445,4701.19,4686.27,2026-04-24 00:25:00+00:00,4701.19,SL,-2.195,1.745,-1.2579,23,S94_SWEEP_REVERSAL_SHORT
s94_sweep_reversal,SELL,2026-04-24 11:15:00+00:00,4697.55,4704.89,4671.28,2026-04-24 11:22:00+00:00,4704.89,SL,-7.79,7.34,-1.0613,11,S94_SWEEP_REVERSAL_SHORT
s94_sweep_reversal,BUY,2026-04-27 08:52:00+00:00,4708.985,4704.75,4716.28,2026-04-27 09:09:00+00:00,4704.75,SL,-4.685,4.235,-1.1063,8,S94_SWEEP_REVERSAL_LONG
s94_sweep_reversal,BUY,2026-04-27 15:22:00+00:00,4672.405,4666.07,4691.73,2026-04-27 23:28:00+00:00,4691.73,TP,18.875,6.335,2.9795,15,S94_SWEEP_REVERSAL_LONG
s94_sweep_reversal,BUY,2026-04-28 02:56:00+00:00,4668.44,4666.14,4680.44,2026-04-28 05:00:00+00:00,4666.14,SL,-2.75,2.3,-1.1957,2,S94_SWEEP_REVERSAL_LONG
s94_sweep_reversal,SELL,2026-04-28 18:25:00+00:00,4600.3,4601.81,4595.5,2026-04-28 18:34:00+00:00,4595.5,TP,4.35,1.51,2.8808,18,S94_SWEEP_REVERSAL_SHORT
s94_sweep_reversal,SELL,2026-04-29 04:49:00+00:00,4604.32,4606.21,4598.01,2026-04-29 05:03:00+00:00,4606.21,SL,-2.34,1.89,-1.2381,4,S94_SWEEP_REVERSAL_SHORT
s94_sweep_reversal,BUY,2026-04-29 10:00:00+00:00,4555.135,4550.81,4567.95,2026-04-29 10:14:00+00:00,4567.95,TP,12.365,4.325,2.859,10,S94_SWEEP_REVERSAL_LONG
s94_sweep_reversal,SELL,2026-04-30 00:30:00+00:00,4564.985,4569.68,4547.52,2026-04-30 00:45:00+00:00,4569.68,SL,-5.145,4.695,-1.0958,0,S94_SWEEP_REVERSAL_SHORT
s94_sweep_reversal,SELL,2026-04-30 10:16:00+00:00,4629.76,4632.47,4614.36,2026-04-30 10:23:00+00:00,4632.47,SL,-3.16,2.71,-1.1661,10,S94_SWEEP_REVERSAL_SHORT
s94_sweep_reversal,BUY,2026-04-30 13:45:00+00:00,4624.75,4619.19,4639.43,2026-04-30 13:46:00+00:00,4619.19,SL,-6.01,5.56,-1.0809,13,S94_SWEEP_REVERSAL_LONG
s94_sweep_reversal,BUY,2026-04-30 16:26:00+00:00,4609.5,4604.68,4618.15,2026-04-30 17:09:00+00:00,4618.15,TP,8.2,4.82,1.7012,16,S94_SWEEP_REVERSAL_LONG
s94_sweep_reversal,SELL,2026-04-30 19:10:00+00:00,4625.57,4627.88,4617.14,2026-04-30 19:27:00+00:00,4617.14,TP,7.98,2.31,3.4545,19,S94_SWEEP_REVERSAL_SHORT
