strategy,position_id,created_at,symbol,quantity,total_buy_quantity,avg_buy_price,avg_sell_price,realized_profit_loss,user_broker_id,exit_at,exit_kind,entry_lots,entry_side
S99 MSS FVG Reversal,13dd7ddd-220c-4478-93b9-4e475bed0825,2026-07-07 01:31:17.869759+00:00,XAU_USD,0.0,0.0,0.0,4136.9,-0.67,43e48e58-aec5-468e-9fb7-db36a6c846a1,2026-07-07 01:33:23.408372+00:00,STOPLOSS,0.2,SELL
S99 MSS FVG Reversal,3e5e591c-bba4-4592-b30b-ebe6674c5747,2026-07-07 08:22:06.209185+00:00,XAU_USD,0.0,0.08,4134.88,0.0,-0.39,43e48e58-aec5-468e-9fb7-db36a6c846a1,2026-07-07 08:43:09.329182+00:00,STOPLOSS,0.08,BUY
S99 MSS FVG Reversal,9bfcb3a5-3ac4-4483-81a3-10f9ba8eb30c,2026-07-07 09:13:19.127603+00:00,XAU_USD,0.0,0.0,0.0,4127.31,0.15,43e48e58-aec5-468e-9fb7-db36a6c846a1,2026-07-07 09:13:31.630768+00:00,TARGET,0.1,SELL
S99 MSS FVG Reversal,98a193b0-3d14-4636-ba84-7de51d66da9e,2026-07-07 09:48:08.070591+00:00,XAU_USD,0.0,0.1,4128.11,0.0,-0.18,43e48e58-aec5-468e-9fb7-db36a6c846a1,2026-07-07 09:50:01.145148+00:00,STOPLOSS,0.1,BUY
S99 MSS FVG Reversal,95ecb93e-e610-4928-82b0-f219c9b9090b,2026-07-07 11:32:14.397712+00:00,XAU_USD,0.0,0.06,4140.77,0.0,0.45,43e48e58-aec5-468e-9fb7-db36a6c846a1,2026-07-07 11:44:58.604107+00:00,TARGET,0.06,BUY
S99 MSS FVG Reversal,63c5ba00-3502-4c90-a86e-3a93371194bf,2026-07-07 12:21:19.502665+00:00,XAU_USD,0.0,0.05,4166.66,0.0,0.49,43e48e58-aec5-468e-9fb7-db36a6c846a1,2026-07-07 13:00:14.335862+00:00,TARGET,0.05,BUY
S99 MSS FVG Reversal,85d58a6c-7aca-44db-a36b-5454e419ce48,2026-07-08 07:29:08.256260+00:00,XAU_USD,0.0,0.0,0.0,4120.13,-0.43,43e48e58-aec5-468e-9fb7-db36a6c846a1,2026-07-08 07:31:59.831836+00:00,STOPLOSS,0.1,SELL
S99 MSS FVG Reversal,86c80867-8aaa-46c6-9e7b-bac984ff14ee,2026-07-08 09:16:03.720099+00:00,XAU_USD,0.0,0.0,0.0,4057.39,0.57,43e48e58-aec5-468e-9fb7-db36a6c846a1,2026-07-08 09:43:13.831675+00:00,TARGET,0.06,SELL
S99 MSS FVG Reversal,8cbdfa7a-7117-4068-b025-7fd33a64933d,2026-07-08 14:52:22.938250+00:00,XAU_USD,0.0,0.0,0.0,4043.48,-0.04,43e48e58-aec5-468e-9fb7-db36a6c846a1,2026-07-08 14:52:23.964755+00:00,STOPLOSS,0.1,SELL
S99 MSS FVG Reversal,eb732283-c517-4482-888a-9faaf7d8fd49,2026-07-08 15:21:22.882182+00:00,XAU_USD,0.0,0.0,0.0,4033.12,0.4,43e48e58-aec5-468e-9fb7-db36a6c846a1,2026-07-08 15:22:35.115671+00:00,TARGET,0.09,SELL
S99 MSS FVG Reversal,0949f909-4087-4f8a-9b23-166958b87a6b,2026-07-09 06:41:15.329699+00:00,XAU_USD,0.0,0.1,4097.28,0.0,0.48,43e48e58-aec5-468e-9fb7-db36a6c846a1,2026-07-09 06:43:44.700924+00:00,TARGET,0.1,BUY
S99 MSS FVG Reversal,db7a231b-b5c9-444f-8e3e-089380b313da,2026-07-09 08:31:37.584188+00:00,XAU_USD,0.0,0.1,4116.58,0.0,-0.55,43e48e58-aec5-468e-9fb7-db36a6c846a1,2026-07-09 08:33:48.109467+00:00,STOPLOSS,0.1,BUY
S99 MSS FVG Reversal,316f761a-8543-4cb1-8e6e-f7a0d1fb357a,2026-07-09 11:01:08.499484+00:00,XAU_USD,0.0,0.0,0.0,4099.59,-0.29,43e48e58-aec5-468e-9fb7-db36a6c846a1,2026-07-09 11:01:19.801615+00:00,STOPLOSS,0.1,SELL
S99 MSS FVG Reversal,a15a6a89-9677-4a6d-83df-309c21aa1706,2026-07-09 12:16:02.500091+00:00,XAU_USD,0.0,0.1,4111.66,0.0,-0.25,43e48e58-aec5-468e-9fb7-db36a6c846a1,2026-07-09 12:19:09.054821+00:00,STOPLOSS,0.1,BUY
S99 MSS FVG Reversal,57f89551-72aa-42fe-bcc5-fcad3d83bc9d,2026-07-10 11:41:29.786474+00:00,XAU_USD,0.0,0.0,0.0,4099.67,-0.38,43e48e58-aec5-468e-9fb7-db36a6c846a1,2026-07-10 11:41:59.658235+00:00,STOPLOSS,0.1,SELL
S99 MSS FVG Reversal,c4bd3bd0-2406-4551-ab81-6c4d7c2d693c,2026-07-10 12:21:18.569391+00:00,XAU_USD,0.0,0.07,4110.76,0.0,-0.53,43e48e58-aec5-468e-9fb7-db36a6c846a1,2026-07-10 12:33:56.867035+00:00,STOPLOSS,0.07,BUY
S99 MSS FVG Reversal,347d5202-5498-454a-af5c-b550f3824d45,2026-07-13 06:22:09.852140+00:00,XAU_USD,0.0,0.0,0.0,4056.19,-0.32,43e48e58-aec5-468e-9fb7-db36a6c846a1,2026-07-13 06:26:24.739369+00:00,STOPLOSS,0.1,SELL
S99 MSS FVG Reversal,f71a56f1-f1d3-4b9f-9938-25bd42738aba,2026-07-13 10:51:07.910748+00:00,XAU_USD,0.0,0.0,0.0,4055.05,-0.36,43e48e58-aec5-468e-9fb7-db36a6c846a1,2026-07-13 11:06:01.923485+00:00,STOPLOSS,0.03,SELL
S99 MSS FVG Reversal,4f852ff0-e313-4d85-a22c-b2a2e1c59763,2026-07-13 12:01:06.812184+00:00,XAU_USD,0.0,0.0,0.0,4058.77,-0.29,43e48e58-aec5-468e-9fb7-db36a6c846a1,2026-07-13 12:24:33.339212+00:00,STOPLOSS,0.1,SELL
S99 MSS FVG Reversal,bc04fb88-8dc0-428a-b0f6-f2e3be34dc62,2026-07-14 12:51:17.755528+00:00,XAU_USD,0.0,0.01,4080.4,0.0,-0.52,43e48e58-aec5-468e-9fb7-db36a6c846a1,2026-07-14 20:51:24.231324+00:00,TIME_EXIT,0.01,BUY
S99 MSS FVG Reversal,90d35304-ff45-407a-bedd-e50850b460ec,2026-07-15 13:27:16.920552+00:00,XAU_USD,0.0,0.1,4055.97,0.0,0.7,43e48e58-aec5-468e-9fb7-db36a6c846a1,2026-07-15 13:42:13.926165+00:00,TARGET,0.1,BUY
S99 MSS FVG Reversal,ec6adfc0-704c-4d28-bc8f-8277cd92a757,2026-07-15 15:26:10.968609+00:00,XAU_USD,0.0,0.0,0.0,4046.63,0.5,43e48e58-aec5-468e-9fb7-db36a6c846a1,2026-07-15 16:19:48.094804+00:00,TARGET,0.04,SELL
S99 MSS FVG Reversal,8cd26436-6fad-42bb-b328-3221f2875bc2,2026-07-16 15:57:17.954276+00:00,XAU_USD,0.0,0.04,4006.93,0.0,-0.37,43e48e58-aec5-468e-9fb7-db36a6c846a1,2026-07-16 16:08:05.917991+00:00,STOPLOSS,0.04,BUY
S99 MSS FVG Reversal,41413f5a-b93b-4311-b3cc-a1f152e740da,2026-07-17 08:26:05.554805+00:00,XAU_USD,0.0,0.0,0.0,3994.52,0.34,43e48e58-aec5-468e-9fb7-db36a6c846a1,2026-07-17 08:28:13.178547+00:00,TARGET,0.1,SELL
S99 MSS FVG Reversal,84bd061f-3825-45fb-8032-fe2388599c3b,2026-07-17 11:02:21.945569+00:00,XAU_USD,0.0,0.0,0.0,3993.69,0.26,43e48e58-aec5-468e-9fb7-db36a6c846a1,2026-07-17 11:06:49.581978+00:00,TARGET,0.1,SELL
S99 MSS FVG Reversal,e055fff8-67c9-455a-8cd7-434579ab237c,2026-07-17 12:11:10.188407+00:00,XAU_USD,0.0,0.0,0.0,3992.8,0.49,43e48e58-aec5-468e-9fb7-db36a6c846a1,2026-07-17 12:20:31.671747+00:00,TARGET,0.1,SELL
S99 MSS FVG Reversal,e744a1d2-d24d-473d-8ee8-982196573844,2026-07-20 06:41:03.884364+00:00,XAU_USD,0.0,0.0,0.0,4005.34,0.26,43e48e58-aec5-468e-9fb7-db36a6c846a1,2026-07-20 06:47:23.215579+00:00,STOPLOSS,0.1,SELL
S99 MSS FVG Reversal,aa55881b-31bd-44e0-b868-f50240aaf21e,2026-07-21 07:06:20.961992+00:00,XAU_USD,0.0,0.1,4077.42,0.0,-0.34,43e48e58-aec5-468e-9fb7-db36a6c846a1,2026-07-21 07:09:49.506099+00:00,STOPLOSS,0.1,BUY
S99 MSS FVG Reversal,dec23985-9788-4113-8641-8b11c0424980,2026-07-21 08:33:07.734177+00:00,XAU_USD,0.0,0.0,0.0,4064.47,0.27,43e48e58-aec5-468e-9fb7-db36a6c846a1,2026-07-21 08:36:35.663652+00:00,TARGET,0.1,SELL
S99 MSS FVG Reversal,d3b9d0f1-a0e8-4fd8-b555-8aee50b27287,2026-07-21 11:13:20.909096+00:00,XAU_USD,0.0,0.0,0.0,4058.63,-0.53,43e48e58-aec5-468e-9fb7-db36a6c846a1,2026-07-21 12:24:42.441351+00:00,STOPLOSS,0.08,SELL
S99 MSS FVG Reversal,27e46302-f490-4e2b-bdd4-a081fe6da4b8,2026-07-22 07:55:12.728530+00:00,XAU_USD,0.0,0.0,0.0,4113.95,0.34,43e48e58-aec5-468e-9fb7-db36a6c846a1,2026-07-22 07:58:27.077301+00:00,TARGET,0.1,SELL
S99 MSS FVG Reversal,42459629-372b-4d88-a8a0-d73170b8d924,2026-07-23 13:20:09.834056+00:00,XAU_USD,0.0,0.0,0.0,4049.79,-0.25,43e48e58-aec5-468e-9fb7-db36a6c846a1,2026-07-23 13:28:11.762300+00:00,STOPLOSS,0.04,SELL
S100 M3 Combo Scalper,1a09cfb9-af6e-4851-a488-b09bc30b3e97,2026-07-23 13:43:23.110891+00:00,XAU_USD,0.0,0.0,0.0,4060.2,1.02,43e48e58-aec5-468e-9fb7-db36a6c846a1,2026-07-23 13:57:21.285518+00:00,TARGET,0.09,SELL
S100 M3 Combo Scalper,44a96bc9-72f1-4f7e-b083-9b4b84996c69,2026-07-23 15:37:17.921142+00:00,XAU_USD,0.0,0.0,0.0,4048.9,-0.41,43e48e58-aec5-468e-9fb7-db36a6c846a1,2026-07-23 15:37:24.258844+00:00,STOPLOSS,0.1,SELL
S100 M3 Combo Scalper,00e9210f-a843-4f5b-946e-9e4514ed3ab0,2026-07-24 05:24:09.367279+00:00,XAU_USD,0.0,0.0,0.0,4029.22,-0.2,43e48e58-aec5-468e-9fb7-db36a6c846a1,2026-07-24 05:34:34.345818+00:00,STOPLOSS,0.1,SELL
S100 M3 Combo Scalper,2cd1fb5a-c481-427f-84be-4e0c006906e8,2026-07-24 07:16:15.008000+00:00,XAU_USD,0.0,0.1,4044.53,0.0,0.5,43e48e58-aec5-468e-9fb7-db36a6c846a1,2026-07-24 07:25:55.688321+00:00,TARGET,0.1,BUY
S99 MSS FVG Reversal,75bb0b9e-dc82-4f89-b957-ec22c7554282,2026-07-24 07:16:16.694745+00:00,XAU_USD,0.0,0.07,4044.65,0.0,0.55,43e48e58-aec5-468e-9fb7-db36a6c846a1,2026-07-24 07:34:11.847687+00:00,TARGET,0.07,BUY
S100 M3 Combo Scalper,065efac7-86fb-40b6-8889-1d6ece99c22c,2026-07-24 07:36:15.806023+00:00,XAU_USD,0.0,0.1,4051.64,0.0,-0.39,43e48e58-aec5-468e-9fb7-db36a6c846a1,2026-07-24 07:39:20.171501+00:00,STOPLOSS,0.1,BUY
S100 M3 Combo Scalper,9df76164-c1e0-4987-b6a4-a62a41e60be9,2026-07-24 08:35:22.326911+00:00,XAU_USD,0.0,0.1,4050.22,0.0,0.48,43e48e58-aec5-468e-9fb7-db36a6c846a1,2026-07-24 08:43:49.647489+00:00,TARGET,0.1,BUY
S100 M3 Combo Scalper,ac9a1881-b6eb-4151-8d8e-ad94e00b7ec0,2026-07-24 13:01:09.210565+00:00,XAU_USD,0.0,0.1,4055.69,0.0,-0.42,43e48e58-aec5-468e-9fb7-db36a6c846a1,2026-07-24 13:05:43.671445+00:00,STOPLOSS,0.1,BUY
S100 M3 Combo Scalper,d377f9d8-e878-40dc-b7fc-cf6f1b0c29ae,2026-07-24 14:05:09.685893+00:00,XAU_USD,0.0,0.09,4063.61,0.0,-0.31,43e48e58-aec5-468e-9fb7-db36a6c846a1,2026-07-24 14:07:05.184355+00:00,STOPLOSS,0.09,BUY
S100 M3 Combo Scalper,02d52f90-572a-4a03-be79-fb6822191bf2,2026-07-27 06:29:05.322605+00:00,XAU_USD,0.0,0.1,4094.97,0.0,0.71,43e48e58-aec5-468e-9fb7-db36a6c846a1,2026-07-27 07:16:25.609568+00:00,TARGET,0.1,BUY
S99 MSS FVG Reversal,b31cc16f-2702-49d9-ad4e-433c136ceb94,2026-07-27 07:28:05.560327+00:00,XAU_USD,0.0,0.1,4103.78,0.0,-0.36,43e48e58-aec5-468e-9fb7-db36a6c846a1,2026-07-27 07:36:32.368203+00:00,STOPLOSS,0.1,BUY
S99 MSS FVG Reversal,867b5ed8-4faa-4b9a-8da9-07823ac737b6,2026-07-27 10:00:14.341998+00:00,XAU_USD,0.0,0.1,4096.33,0.0,-0.31,43e48e58-aec5-468e-9fb7-db36a6c846a1,2026-07-27 10:01:01.721759+00:00,STOPLOSS,0.1,BUY
S100 M3 Combo Scalper,25f00dcc-7ab0-4e24-976a-6b83aa9933c7,2026-07-28 05:43:05.320753+00:00,XAU_USD,0.0,0.0,0.0,4041.31,-0.16,43e48e58-aec5-468e-9fb7-db36a6c846a1,2026-07-28 05:45:02.348423+00:00,STOPLOSS,0.1,SELL
S100 M3 Combo Scalper,0caedbf2-e567-46ff-88e5-61d2c52b62e5,2026-07-28 06:49:07.901772+00:00,XAU_USD,0.0,0.0,0.0,4049.43,-0.28,43e48e58-aec5-468e-9fb7-db36a6c846a1,2026-07-28 07:18:09.435745+00:00,STOPLOSS,0.1,SELL
S100 M3 Combo Scalper,02361ac9-7704-4be5-a388-fd0d77cccd8c,2026-07-28 08:45:13.480960+00:00,XAU_USD,0.0,0.0,0.0,4043.61,0.87,43e48e58-aec5-468e-9fb7-db36a6c846a1,2026-07-28 09:35:25.675565+00:00,TARGET,0.1,SELL
S99 MSS FVG Reversal,0b2b389a-a6a8-43af-93e9-f23b82e696b7,2026-07-28 10:08:11.151437+00:00,XAU_USD,0.0,0.0,0.0,4026.74,0.64,43e48e58-aec5-468e-9fb7-db36a6c846a1,2026-07-28 10:21:23.495766+00:00,TARGET,0.09,SELL
S100 M3 Combo Scalper,fd944713-9887-42bb-a719-5aede34ae038,2026-07-28 13:21:18.120911+00:00,XAU_USD,0.0,0.0,0.0,4033.44,-0.13,43e48e58-aec5-468e-9fb7-db36a6c846a1,2026-07-28 13:21:52.622677+00:00,STOPLOSS,0.1,SELL
S100 M3 Combo Scalper,0af31a6a-213c-4ba6-b1f0-5f36b7503d8d,2026-07-29 02:02:18.043007+00:00,XAU_USD,0.0,0.0,0.0,4027.64,-0.25,43e48e58-aec5-468e-9fb7-db36a6c846a1,2026-07-29 02:03:48.853502+00:00,STOPLOSS,0.1,SELL
S100 M3 Combo Scalper,50059d9e-1923-4fd2-922c-fabd4ac4a4dc,2026-07-29 02:28:11.544020+00:00,XAU_USD,0.0,0.08,4031.56,0.0,-0.34,43e48e58-aec5-468e-9fb7-db36a6c846a1,2026-07-29 03:16:01.319908+00:00,STOPLOSS,0.08,BUY
S100 M3 Combo Scalper,0a0ae82c-4463-4ea7-88de-a2dc78e2107a,2026-07-29 05:28:17.811657+00:00,XAU_USD,0.0,0.1,4030.49,0.0,0.41,43e48e58-aec5-468e-9fb7-db36a6c846a1,2026-07-29 05:43:02.310344+00:00,TARGET,0.1,BUY
S100 M3 Combo Scalper,498e4077-0897-478c-ab34-4849e1ed7fc3,2026-07-29 05:49:18.269476+00:00,XAU_USD,0.0,0.1,4035.18,0.0,-0.33,43e48e58-aec5-468e-9fb7-db36a6c846a1,2026-07-29 05:56:03.585153+00:00,STOPLOSS,0.1,BUY
S100 M3 Combo Scalper,fa90b063-05db-43fc-b693-809f199216a1,2026-07-29 06:21:16.708458+00:00,XAU_USD,0.0,0.1,4037.04,0.0,0.7,43e48e58-aec5-468e-9fb7-db36a6c846a1,2026-07-29 06:35:09.915793+00:00,TARGET,0.1,BUY
S100 M3 Combo Scalper,731942f3-7e06-43e8-b89b-b7e172e4308e,2026-07-29 07:24:12.024883+00:00,XAU_USD,0.0,0.1,4046.48,0.0,-0.31,43e48e58-aec5-468e-9fb7-db36a6c846a1,2026-07-29 07:49:44.470937+00:00,STOPLOSS,0.1,BUY
S100 M3 Combo Scalper,505ec275-53fb-4d58-a410-53e0505d845f,2026-07-29 14:17:18.568551+00:00,XAU_USD,0.0,0.0,0.0,4003.13,-0.31,43e48e58-aec5-468e-9fb7-db36a6c846a1,2026-07-29 14:18:26.115808+00:00,STOPLOSS,0.1,SELL
S99 MSS FVG Reversal,6ff5ac1d-f40a-43ab-9eb8-09827c7f6d23,2026-07-29 14:23:07.393529+00:00,XAU_USD,0.0,0.0,0.0,4008.75,0.4,43e48e58-aec5-468e-9fb7-db36a6c846a1,2026-07-29 14:27:11.027429+00:00,TARGET,0.1,SELL
S100 M3 Combo Scalper,f059e999-d928-4014-a36f-5c2b7e4de152,2026-07-30 01:10:11.531817+00:00,XAU_USD,0.0,0.07,4086.4,0.0,-0.23,43e48e58-aec5-468e-9fb7-db36a6c846a1,2026-07-30 01:12:07.888558+00:00,STOPLOSS,0.07,BUY
S100 M3 Combo Scalper,9249029c-18d7-46b7-87f3-eb6c83c8e8dc,2026-07-30 01:42:20.894828+00:00,XAU_USD,0.0,0.06,4089.7,0.0,-0.4,43e48e58-aec5-468e-9fb7-db36a6c846a1,2026-07-30 02:14:26.207596+00:00,STOPLOSS,0.06,BUY
S99 MSS FVG Reversal,95ef01a8-917c-4f31-95d5-94092690142c,2026-07-30 07:21:16.724535+00:00,XAU_USD,0.0,0.1,4045.17,0.0,-0.16,43e48e58-aec5-468e-9fb7-db36a6c846a1,2026-07-30 07:28:09.489894+00:00,STOPLOSS,0.1,BUY
S100 M3 Combo Scalper,e830b9b7-a4aa-427c-a7e5-be22e833bf43,2026-07-30 08:05:21.425972+00:00,XAU_USD,0.0,0.0,0.0,4045.27,-0.1,43e48e58-aec5-468e-9fb7-db36a6c846a1,2026-07-30 08:05:27.630497+00:00,STOPLOSS,0.09,SELL
S100 M3 Combo Scalper,7168c227-51c8-42cb-9368-65e769faf99f,2026-07-31 02:04:14.855844+00:00,XAU_USD,0.0,0.0,0.0,4085.84,-0.2,43e48e58-aec5-468e-9fb7-db36a6c846a1,2026-07-31 02:06:11.290949+00:00,STOPLOSS,0.1,SELL
S100 M3 Combo Scalper,5c586b33-c4ff-49ec-bf90-7ab71275cdf7,2026-07-31 03:06:19.329068+00:00,XAU_USD,0.0,0.0,0.0,4075.45,-0.19,43e48e58-aec5-468e-9fb7-db36a6c846a1,2026-07-31 03:38:11.933471+00:00,STOPLOSS,0.1,SELL
S100 M3 Combo Scalper,0f57144b-7280-48c1-af02-f81ac0c4338e,2026-07-31 05:18:06.275881+00:00,XAU_USD,0.0,0.0,0.0,4082.11,-0.1,43e48e58-aec5-468e-9fb7-db36a6c846a1,2026-07-31 05:44:18.462945+00:00,TARGET,0.1,SELL
S100 M3 Combo Scalper,f6eb9a36-0d73-4ded-aa78-fa97d4b0dcaf,2026-07-31 06:47:06.650890+00:00,XAU_USD,0.0,0.0,0.0,4080.69,0.7,43e48e58-aec5-468e-9fb7-db36a6c846a1,2026-07-31 07:29:47.298489+00:00,TARGET,0.1,SELL
S100 M3 Combo Scalper,70f0360f-845e-4710-928d-70f0c5c22c0c,2026-07-31 07:41:05.939920+00:00,XAU_USD,0.0,0.0,0.0,4072.83,0.42,43e48e58-aec5-468e-9fb7-db36a6c846a1,2026-07-31 07:59:51.186323+00:00,TARGET,0.1,SELL
S99 MSS FVG Reversal,44bafd23-5ff9-43ff-9336-c8ccc5bec116,2026-07-31 07:41:07.295954+00:00,XAU_USD,0.0,0.0,0.0,4072.83,0.32,43e48e58-aec5-468e-9fb7-db36a6c846a1,2026-07-31 07:59:31.973552+00:00,TARGET,0.1,SELL
S100 M3 Combo Scalper,da1eb652-2ba7-41e0-83b8-7a467a80972d,2026-07-31 08:15:07.401466+00:00,XAU_USD,0.0,0.0,0.0,4062.36,-0.34,43e48e58-aec5-468e-9fb7-db36a6c846a1,2026-07-31 08:19:26.545938+00:00,STOPLOSS,0.1,SELL
S99 MSS FVG Reversal,88a94a6a-29d8-4e6d-aabf-2d6f0f5d37b2,2026-07-31 08:20:04.400605+00:00,XAU_USD,0.0,0.0,0.0,4066.54,0.53,43e48e58-aec5-468e-9fb7-db36a6c846a1,2026-07-31 08:23:57.080525+00:00,TARGET,0.1,SELL
S100 M3 Combo Scalper,f9ae1c96-a158-4ae6-bdcc-bf4551d46b47,2026-07-31 08:33:06.798625+00:00,XAU_USD,0.0,0.0,0.0,4057.24,-0.31,43e48e58-aec5-468e-9fb7-db36a6c846a1,2026-07-31 08:40:24.705278+00:00,STOPLOSS,0.1,SELL
S99 MSS FVG Reversal,b2a11bcd-7100-4c3a-a6bf-4e81d1ca5f22,2026-07-31 09:31:06.554628+00:00,XAU_USD,0.0,0.0,0.0,4053.47,0.3,43e48e58-aec5-468e-9fb7-db36a6c846a1,2026-07-31 09:38:34.361366+00:00,TARGET,0.1,SELL
S100 M3 Combo Scalper,fb6b8431-dc34-45c6-87c7-bcb67f4d5a38,2026-07-31 13:03:06.573612+00:00,XAU_USD,0.0,0.0,0.0,4042.57,0.94,43e48e58-aec5-468e-9fb7-db36a6c846a1,2026-07-31 13:39:39.915352+00:00,TARGET,0.07,SELL
S99 MSS FVG Reversal,6dc5c34c-c35f-4d9c-ae25-b13268b58a3b,2026-07-31 13:57:07.408892+00:00,XAU_USD,0.0,0.0,0.0,4031.25,0.59,43e48e58-aec5-468e-9fb7-db36a6c846a1,2026-07-31 14:08:54.763420+00:00,TARGET,0.06,SELL
S100 M3 Combo Scalper,85f59c5d-0b34-4025-839f-05efffb93ba2,2026-07-31 14:10:07.059908+00:00,XAU_USD,0.0,0.0,0.0,4027.52,-0.28,43e48e58-aec5-468e-9fb7-db36a6c846a1,2026-07-31 14:16:58.864969+00:00,STOPLOSS,0.05,SELL
S100 M3 Combo Scalper,137ae76c-d18a-4996-aa4f-c6913487e4a5,2026-07-31 15:14:04.722083+00:00,XAU_USD,0.0,0.0,0.0,4045.72,-0.23,43e48e58-aec5-468e-9fb7-db36a6c846a1,2026-07-31 15:15:19.068515+00:00,STOPLOSS,0.1,SELL
S100 M3 Combo Scalper,dc2a577f-f1fc-4b64-8354-a8e24f3ed455,2026-08-03 01:39:08.235788+00:00,XAU_USD,0.0,0.1,4052.93,0.0,-0.26,43e48e58-aec5-468e-9fb7-db36a6c846a1,2026-08-03 01:42:06.925386+00:00,STOPLOSS,0.1,BUY
S100 M3 Combo Scalper,12365e01-c57b-4465-bd41-6832f0c9b93d,2026-08-03 01:54:05.396805+00:00,XAU_USD,0.0,0.1,4051.68,0.0,-0.08,43e48e58-aec5-468e-9fb7-db36a6c846a1,2026-08-03 01:54:18.789243+00:00,STOPLOSS,0.1,BUY
S100 M3 Combo Scalper,b3c8de46-d9cc-4e7c-808f-02b1082708f9,2026-08-03 02:08:05.895579+00:00,XAU_USD,0.0,0.1,4058.92,0.0,-0.24,43e48e58-aec5-468e-9fb7-db36a6c846a1,2026-08-03 02:08:44.345342+00:00,STOPLOSS,0.1,BUY
S100 M3 Combo Scalper,83bb359a-3bba-4ffb-8cc4-8db71fa287aa,2026-08-03 04:00:06.388387+00:00,XAU_USD,0.0,0.1,4065.42,0.0,0.62,43e48e58-aec5-468e-9fb7-db36a6c846a1,2026-08-03 04:49:03.203670+00:00,TARGET,0.1,BUY
S100 M3 Combo Scalper,9c75b4c9-a94d-429f-831b-edc44eab0999,2026-08-03 05:31:06.503704+00:00,XAU_USD,0.0,0.1,4058.68,0.0,-0.1,43e48e58-aec5-468e-9fb7-db36a6c846a1,2026-08-03 05:34:37.026994+00:00,STOPLOSS,0.1,BUY
S100 M3 Combo Scalper,58ae8703-ec71-4f95-b061-ac9c320097bc,2026-08-03 05:50:05.767585+00:00,XAU_USD,0.0,0.1,4060.09,0.0,0.82,43e48e58-aec5-468e-9fb7-db36a6c846a1,2026-08-03 05:58:13.540027+00:00,TARGET,0.1,BUY
S100 M3 Combo Scalper,d91a221c-4675-44a6-89c8-01563bb8e8d4,2026-08-03 06:05:08.122713+00:00,XAU_USD,0.0,0.1,4068.54,0.0,-0.31,43e48e58-aec5-468e-9fb7-db36a6c846a1,2026-08-03 06:33:39.266243+00:00,STOPLOSS,0.1,BUY
S99 MSS FVG Reversal,3f56083c-7274-4e20-b6ef-ee7d7d181f15,2026-08-03 09:50:06.011636+00:00,XAU_USD,0.0,0.0,0.0,4056.32,0.41,43e48e58-aec5-468e-9fb7-db36a6c846a1,2026-08-03 10:25:42.364736+00:00,TARGET,0.1,SELL
S100 M3 Combo Scalper,aafc87b7-7464-477b-ad83-d5c085abf543,2026-08-03 13:18:04.732657+00:00,XAU_USD,0.0,0.0,0.0,4037.94,0.86,43e48e58-aec5-468e-9fb7-db36a6c846a1,2026-08-03 13:36:15.562329+00:00,TARGET,0.08,SELL
S100 M3 Combo Scalper,daddc54c-9027-492c-a8f9-8ed796994e51,2026-08-03 15:09:05.770740+00:00,XAU_USD,0.0,0.0,0.0,4036.17,-0.26,43e48e58-aec5-468e-9fb7-db36a6c846a1,2026-08-03 15:44:05.250677+00:00,STOPLOSS,0.1,SELL
S100 M3 Combo Scalper,78ccfddf-7f09-4a4f-b7b6-7767069dd32a,2026-08-04 01:36:06.320726+00:00,XAU_USD,0.0,0.1,4051.98,0.0,0.8,43e48e58-aec5-468e-9fb7-db36a6c846a1,2026-08-04 01:44:06.596447+00:00,TARGET,0.1,BUY
S100 M3 Combo Scalper,c23c0d74-e2ad-48e5-8327-a188a4af7257,2026-08-04 01:57:04.782153+00:00,XAU_USD,0.0,0.1,4059.35,0.0,-0.29,43e48e58-aec5-468e-9fb7-db36a6c846a1,2026-08-04 02:06:25.371488+00:00,STOPLOSS,0.1,BUY
S100 M3 Combo Scalper,e9d7017c-8793-4795-8ffb-96faa5992590,2026-08-04 02:43:04.061055+00:00,XAU_USD,0.0,0.1,4060.99,0.0,-0.1,43e48e58-aec5-468e-9fb7-db36a6c846a1,2026-08-04 02:54:36.876026+00:00,STOPLOSS,0.1,BUY
S100 M3 Combo Scalper,6adbcd6d-f362-4804-974e-c0131d87e3bd,2026-08-04 03:24:02.457714+00:00,XAU_USD,0.0,0.1,4059.07,0.0,-0.14,43e48e58-aec5-468e-9fb7-db36a6c846a1,2026-08-04 03:27:39.748506+00:00,STOPLOSS,0.1,BUY
S100 M3 Combo Scalper,8a0a9540-1381-4a2d-aebc-4cab675bca37,2026-08-04 04:20:07.286649+00:00,XAU_USD,0.0,0.1,4056.99,0.0,0.66,43e48e58-aec5-468e-9fb7-db36a6c846a1,2026-08-04 04:32:46.054554+00:00,TARGET,0.1,BUY
S100 M3 Combo Scalper,ada40058-919c-4120-b14d-3371bd838e60,2026-08-04 04:52:06.298962+00:00,XAU_USD,0.0,0.1,4064.62,0.0,-0.18,43e48e58-aec5-468e-9fb7-db36a6c846a1,2026-08-04 05:04:12.829268+00:00,STOPLOSS,0.1,BUY
S99 MSS FVG Reversal,20009743-685c-4017-98a1-ad7ce4f0622b,2026-08-04 06:42:06.229299+00:00,XAU_USD,0.0,0.0,0.0,4058.57,-0.22,43e48e58-aec5-468e-9fb7-db36a6c846a1,2026-08-04 06:45:02.055039+00:00,STOPLOSS,0.1,SELL
S100 M3 Combo Scalper,089b5544-eb2d-4f8f-826f-6dd3fb66cf5d,2026-08-04 06:55:06.076257+00:00,XAU_USD,0.0,0.1,4060.59,0.0,0.48,43e48e58-aec5-468e-9fb7-db36a6c846a1,2026-08-04 07:05:36.232389+00:00,TARGET,0.1,BUY
S100 M3 Combo Scalper,063059c9-38ad-41fc-8836-05ab6fd8c2df,2026-08-04 07:14:03.100029+00:00,XAU_USD,0.0,0.1,4061.44,0.0,0.86,43e48e58-aec5-468e-9fb7-db36a6c846a1,2026-08-04 08:03:42.038835+00:00,TARGET,0.1,BUY
S100 M3 Combo Scalper,3ae92951-005d-4350-b2cc-765ff903468b,2026-08-04 08:16:04.696719+00:00,XAU_USD,0.0,0.1,4067.67,0.0,-0.25,43e48e58-aec5-468e-9fb7-db36a6c846a1,2026-08-04 08:22:22.541471+00:00,STOPLOSS,0.1,BUY
S99 MSS FVG Reversal,b6cf9b22-8e9f-47a0-a940-5e7209d6419a,2026-08-04 11:56:07.199715+00:00,XAU_USD,0.0,0.07,4071.53,0.0,-0.16,43e48e58-aec5-468e-9fb7-db36a6c846a1,2026-08-04 12:01:07.714604+00:00,STOPLOSS,0.07,BUY
S100 M3 Combo Scalper,ce4025d6-8a10-4989-864e-edbc3bb68b77,2026-08-04 13:29:03.822889+00:00,XAU_USD,0.0,0.06,4078.94,0.0,0.87,43e48e58-aec5-468e-9fb7-db36a6c846a1,2026-08-04 13:49:40.384073+00:00,TARGET,0.06,BUY
S100 M3 Combo Scalper,6889ebf9-b993-44e4-91c8-2bcaaf4f1a55,2026-08-04 15:48:04.794724+00:00,XAU_USD,0.0,0.08,4083.74,0.0,0.76,43e48e58-aec5-468e-9fb7-db36a6c846a1,2026-08-04 17:00:06.805461+00:00,TIME_EXIT,0.08,BUY
S100 M3 Combo Scalper,427247d5-b782-4b47-a17e-e0d95dc2efff,2026-08-05 01:15:09.742221+00:00,XAU_USD,0.0,0.1,4086.11,0.0,-0.36,43e48e58-aec5-468e-9fb7-db36a6c846a1,2026-08-05 01:33:29.141350+00:00,STOPLOSS,0.1,BUY
S100 M3 Combo Scalper,c73dd0bc-cc9a-42f0-ad61-9f2f820d614f,2026-08-05 02:03:05.523117+00:00,XAU_USD,0.0,0.08,4099.4,0.0,0.86,43e48e58-aec5-468e-9fb7-db36a6c846a1,2026-08-05 02:35:54.370081+00:00,TARGET,0.08,BUY
S100 M3 Combo Scalper,bb64e421-7cbe-4a1d-9ca6-1804935008d3,2026-08-05 03:02:05.132964+00:00,XAU_USD,0.0,0.1,4129.45,0.0,0.54,43e48e58-aec5-468e-9fb7-db36a6c846a1,2026-08-05 03:08:18.107505+00:00,TARGET,0.1,BUY
S100 M3 Combo Scalper,b0f9a9cf-f130-4fef-a638-0ec08af92715,2026-08-05 03:17:06.354149+00:00,XAU_USD,0.0,0.1,4132.08,0.0,-0.3,43e48e58-aec5-468e-9fb7-db36a6c846a1,2026-08-05 03:30:48.436170+00:00,STOPLOSS,0.1,BUY
S100 M3 Combo Scalper,425f261e-7c3d-4785-aab2-22edc9c7e6e7,2026-08-05 04:31:05.571966+00:00,XAU_USD,0.0,0.1,4138.15,0.0,-0.22,43e48e58-aec5-468e-9fb7-db36a6c846a1,2026-08-05 04:37:34.528912+00:00,STOPLOSS,0.1,BUY
S100 M3 Combo Scalper,6fcbdfbd-977d-40f7-a78d-6d363329b3f8,2026-08-05 05:28:03.248736+00:00,XAU_USD,0.0,0.1,4138.69,0.0,0.49,43e48e58-aec5-468e-9fb7-db36a6c846a1,2026-08-05 05:30:08.832431+00:00,TARGET,0.1,BUY
S100 M3 Combo Scalper,31f4fe71-9bd1-483f-8a6f-bbcbaa5df571,2026-08-05 06:17:06.381757+00:00,XAU_USD,0.0,0.07,4171.17,0.0,-0.37,43e48e58-aec5-468e-9fb7-db36a6c846a1,2026-08-05 06:21:46.127462+00:00,STOPLOSS,0.07,BUY
S100 M3 Combo Scalper,e668994c-8824-40a2-8f67-9f1a8771b4fd,2026-08-05 07:03:05.553065+00:00,XAU_USD,0.0,0.1,4175.22,0.0,-0.27,43e48e58-aec5-468e-9fb7-db36a6c846a1,2026-08-05 07:04:35.212304+00:00,STOPLOSS,0.1,BUY
S100 M3 Combo Scalper,bbac4516-c824-42a9-827e-88c844b48557,2026-08-05 08:02:03.356806+00:00,XAU_USD,0.0,0.1,4170.1,0.0,-0.28,43e48e58-aec5-468e-9fb7-db36a6c846a1,2026-08-05 08:14:40.756931+00:00,STOPLOSS,0.1,BUY
S100 M3 Combo Scalper,52a96f53-359c-4d17-bacd-d4b9c446bfb5,2026-08-05 08:46:07.048992+00:00,XAU_USD,0.0,0.1,4163.38,0.0,-0.09,43e48e58-aec5-468e-9fb7-db36a6c846a1,2026-08-05 08:46:47.338570+00:00,STOPLOSS,0.1,BUY
S99 MSS FVG Reversal,06516174-7192-4afc-b28f-8f82af893de2,2026-08-05 11:23:08.105245+00:00,XAU_USD,0.0,0.09,4170.25,0.0,0.56,43e48e58-aec5-468e-9fb7-db36a6c846a1,2026-08-05 11:27:49.524186+00:00,TARGET,0.09,BUY
S100 M3 Combo Scalper,42ebed6d-3694-4d62-95f3-cc826d0c8787,2026-08-05 13:13:07.460493+00:00,XAU_USD,0.0,0.07,4189.84,0.0,1.03,43e48e58-aec5-468e-9fb7-db36a6c846a1,2026-08-05 13:57:08.802969+00:00,TARGET,0.07,BUY
S100 M3 Combo Scalper,149af47d-ee34-49e3-8018-4c635bfbe872,2026-08-05 14:03:06.957997+00:00,XAU_USD,0.0,0.06,4208.19,0.0,0.97,43e48e58-aec5-468e-9fb7-db36a6c846a1,2026-08-05 14:08:05.228481+00:00,TARGET,0.06,BUY
S99 MSS FVG Reversal,55f7a186-e088-4faa-976d-b1fa71a1a991,2026-08-05 14:52:04.949486+00:00,XAU_USD,0.0,0.04,4240.5,0.0,0.6,43e48e58-aec5-468e-9fb7-db36a6c846a1,2026-08-05 15:02:43.917570+00:00,TARGET,0.04,BUY
S100 M3 Combo Scalper,25589d57-1c7e-464c-b7d0-75c863586631,2026-08-05 14:52:04.957703+00:00,XAU_USD,0.0,0.04,4240.5,0.0,0.9,43e48e58-aec5-468e-9fb7-db36a6c846a1,2026-08-05 15:26:44.114630+00:00,TARGET,0.04,BUY
S100 M3 Combo Scalper,860bf273-248d-486e-a81a-d4d65c3ba9fb,2026-08-06 01:03:06.385232+00:00,XAU_USD,0.0,0.05,4294.77,0.0,-0.17,43e48e58-aec5-468e-9fb7-db36a6c846a1,2026-08-06 01:05:34.561757+00:00,STOPLOSS,0.05,BUY
S100 M3 Combo Scalper,3c23a6ce-5e50-44c0-aeef-c782b008062e,2026-08-06 02:12:02.847878+00:00,XAU_USD,0.0,0.04,4293.19,0.0,-0.16,43e48e58-aec5-468e-9fb7-db36a6c846a1,2026-08-06 02:30:04.591889+00:00,STOPLOSS,0.04,BUY
S100 M3 Combo Scalper,f98095a0-cb1a-4e0c-9bc9-d8d960a6d706,2026-08-06 04:23:07.440540+00:00,XAU_USD,0.0,0.0,0.0,4263.01,0.9,43e48e58-aec5-468e-9fb7-db36a6c846a1,2026-08-06 04:29:30.814625+00:00,TARGET,0.1,SELL
S100 M3 Combo Scalper,ef1bc0e7-da4e-4675-9376-b330186ecd91,2026-08-06 04:36:05.275254+00:00,XAU_USD,0.0,0.0,0.0,4260.13,-0.07,43e48e58-aec5-468e-9fb7-db36a6c846a1,2026-08-06 04:37:35.138762+00:00,STOPLOSS,0.1,SELL
S100 M3 Combo Scalper,5ccd60a5-725b-4135-8366-81175fbdb968,2026-08-06 06:59:13.494446+00:00,XAU_USD,0.0,0.0,0.0,4255.46,-0.12,43e48e58-aec5-468e-9fb7-db36a6c846a1,2026-08-06 07:05:11.472020+00:00,STOPLOSS,0.1,SELL
S99 MSS FVG Reversal,c1c79f2a-f7a0-404e-b66f-1596aacbc1a2,2026-08-06 07:21:04.584282+00:00,XAU_USD,0.0,0.1,4261.01,0.0,-0.25,43e48e58-aec5-468e-9fb7-db36a6c846a1,2026-08-06 07:21:18.895073+00:00,STOPLOSS,0.1,BUY
S100 M3 Combo Scalper,62dc6298-2fbd-4055-9aa3-28a23efda868,2026-08-06 07:42:06.928475+00:00,XAU_USD,0.0,0.0,0.0,4258.23,-0.22,43e48e58-aec5-468e-9fb7-db36a6c846a1,2026-08-06 07:55:34.201371+00:00,STOPLOSS,0.1,SELL
S99 MSS FVG Reversal,fb7d24cf-dfb3-4d9a-9b8e-5d12e1f4f5d6,2026-08-06 08:21:07.306972+00:00,XAU_USD,0.0,0.1,4267.96,0.0,-0.38,43e48e58-aec5-468e-9fb7-db36a6c846a1,2026-08-06 08:24:18.996794+00:00,STOPLOSS,0.1,BUY
S100 M3 Combo Scalper,dc93784c-e670-49e5-84de-22dc7d599767,2026-08-06 08:25:06.705822+00:00,XAU_USD,0.0,0.0,0.0,4266.83,-0.33,43e48e58-aec5-468e-9fb7-db36a6c846a1,2026-08-06 08:30:35.285189+00:00,STOPLOSS,0.1,SELL
S100 M3 Combo Scalper,ba6b97fe-f44d-4e98-a422-471b0f5d12a3,2026-08-06 08:39:05.876095+00:00,XAU_USD,0.0,0.1,4271.84,0.0,0.83,43e48e58-aec5-468e-9fb7-db36a6c846a1,2026-08-06 09:00:48.782602+00:00,TARGET,0.1,BUY
S100 M3 Combo Scalper,0330e5e6-0ebf-4de3-b3ed-787d4fd293e2,2026-08-06 13:20:23.463657+00:00,XAU_USD,0.0,0.0,0.0,4244.85,-0.17,43e48e58-aec5-468e-9fb7-db36a6c846a1,2026-08-06 13:20:58.687037+00:00,STOPLOSS,0.07,SELL
S99 MSS FVG Reversal,be407e3d-d91d-41d9-8730-77d51047bcf4,2026-08-06 15:27:22.805416+00:00,XAU_USD,0.0,0.0,0.0,4258.25,0.54,43e48e58-aec5-468e-9fb7-db36a6c846a1,2026-08-06 15:34:22.264473+00:00,TARGET,0.07,SELL
S100 M3 Combo Scalper,ab516d10-00ae-4160-b2f6-d4059d41134c,2026-08-07 02:37:06.137486+00:00,XAU_USD,0.0,0.1,4253.45,0.0,-0.19,43e48e58-aec5-468e-9fb7-db36a6c846a1,2026-08-07 02:40:25.305856+00:00,STOPLOSS,0.1,BUY
S100 M3 Combo Scalper,25130bbe-591a-479b-8221-15dd93192842,2026-08-07 03:11:07.409127+00:00,XAU_USD,0.0,0.1,4255.71,0.0,-0.15,43e48e58-aec5-468e-9fb7-db36a6c846a1,2026-08-07 03:11:17.175163+00:00,STOPLOSS,0.1,BUY
S100 M3 Combo Scalper,2e788e6e-b052-41d5-9402-1ca65cd8710d,2026-08-07 04:04:07.075626+00:00,XAU_USD,0.0,0.1,4263.24,0.0,0.55,43e48e58-aec5-468e-9fb7-db36a6c846a1,2026-08-07 05:10:42.175549+00:00,TARGET,0.1,BUY
S100 M3 Combo Scalper,a5e47456-5ca5-4a78-bae5-53061663bbfb,2026-08-07 05:18:05.104619+00:00,XAU_USD,0.0,0.1,4268.66,0.0,-0.36,43e48e58-aec5-468e-9fb7-db36a6c846a1,2026-08-07 05:28:32.304749+00:00,STOPLOSS,0.1,BUY
S100 M3 Combo Scalper,51194b0b-5e08-40a3-8217-48e003a82cd3,2026-08-07 05:41:07.633434+00:00,XAU_USD,0.0,0.1,4272.36,0.0,-0.17,43e48e58-aec5-468e-9fb7-db36a6c846a1,2026-08-07 05:42:26.944430+00:00,STOPLOSS,0.1,BUY
S100 M3 Combo Scalper,63091c92-7630-4dcc-88ec-9f84888a0b83,2026-08-07 06:16:07.173105+00:00,XAU_USD,0.0,0.1,4286.66,0.0,-0.37,43e48e58-aec5-468e-9fb7-db36a6c846a1,2026-08-07 06:30:05.299698+00:00,STOPLOSS,0.1,BUY
S99 MSS FVG Reversal,5f01957b-038e-4add-acaa-a6b4292ccbec,2026-08-07 06:50:06.061400+00:00,XAU_USD,0.0,0.07,4289.25,0.0,-0.19,43e48e58-aec5-468e-9fb7-db36a6c846a1,2026-08-07 07:26:17.233720+00:00,STOPLOSS,0.07,BUY
S100 M3 Combo Scalper,c72f4eb8-45b7-432f-af83-52cabb30c859,2026-08-07 06:50:07.759793+00:00,XAU_USD,0.0,0.08,4289.58,0.0,-0.23,43e48e58-aec5-468e-9fb7-db36a6c846a1,2026-08-07 07:26:14.772222+00:00,STOPLOSS,0.08,BUY
S100 M3 Combo Scalper,70a293ee-bf2d-4c1f-99e8-24ce98395fb9,2026-08-10 01:34:07.088484+00:00,XAU_USD,0.0,0.0,0.0,4318.25,-0.31,43e48e58-aec5-468e-9fb7-db36a6c846a1,2026-08-10 02:10:25.366666+00:00,STOPLOSS,0.05,SELL
S100 M3 Combo Scalper,bfad9212-66a2-43a6-9939-24d1e1510b48,2026-08-10 04:46:23.029275+00:00,XAU_USD,0.0,0.0,0.0,4333.83,-0.12,43e48e58-aec5-468e-9fb7-db36a6c846a1,2026-08-10 04:47:15.210389+00:00,STOPLOSS,0.1,SELL
S100 M3 Combo Scalper,43524066-11e3-4533-bf02-491c27a87db0,2026-08-10 05:39:03.572115+00:00,XAU_USD,0.0,0.1,4340.0,0.0,0.78,43e48e58-aec5-468e-9fb7-db36a6c846a1,2026-08-10 05:51:00.501195+00:00,TARGET,0.1,BUY
S100 M3 Combo Scalper,0106307c-06a6-4a5d-a7b2-7be2a67143e9,2026-08-10 05:56:03.662856+00:00,XAU_USD,0.0,0.1,4346.36,0.0,-0.14,43e48e58-aec5-468e-9fb7-db36a6c846a1,2026-08-10 06:01:16.742242+00:00,STOPLOSS,0.1,BUY
S99 MSS FVG Reversal,9e8894e8-34ef-4b44-b61f-8a8da45fcf0b,2026-08-10 07:02:07.588747+00:00,XAU_USD,0.0,0.06,4354.36,0.0,-0.33,43e48e58-aec5-468e-9fb7-db36a6c846a1,2026-08-10 08:39:45.587540+00:00,STOPLOSS,0.06,BUY
S100 M3 Combo Scalper,32e134c8-494b-4708-ba9f-2262b7bcb91f,2026-08-10 07:56:08.362577+00:00,XAU_USD,0.0,0.1,4355.65,0.0,-0.29,43e48e58-aec5-468e-9fb7-db36a6c846a1,2026-08-10 08:09:13.388263+00:00,STOPLOSS,0.1,BUY
S99 MSS FVG Reversal,125fabf5-cd55-4058-937d-9ab0fd1e5db5,2026-08-10 11:22:02.366792+00:00,XAU_USD,0.0,0.0,0.0,4332.23,-0.23,43e48e58-aec5-468e-9fb7-db36a6c846a1,2026-08-10 11:25:21.323454+00:00,STOPLOSS,0.1,SELL
S99 MSS FVG Reversal,3ed98dae-e27e-433a-ab93-5e7bce69d031,2026-08-10 13:41:04.782804+00:00,XAU_USD,0.0,0.1,4335.77,0.0,-0.24,43e48e58-aec5-468e-9fb7-db36a6c846a1,2026-08-10 13:43:42.464372+00:00,STOPLOSS,0.1,BUY
S100 M3 Combo Scalper,9ac55a65-b3b1-4c21-96da-ea9fadc0a9e5,2026-08-11 01:37:07.319352+00:00,XAU_USD,0.0,0.1,4417.62,0.0,-0.27,43e48e58-aec5-468e-9fb7-db36a6c846a1,2026-08-11 01:45:09.108937+00:00,STOPLOSS,0.1,BUY
S100 M3 Combo Scalper,02c85f3f-de73-4e68-8e3f-080e340a8443,2026-08-11 02:00:04.053200+00:00,XAU_USD,0.0,0.1,4429.92,0.0,-0.3,43e48e58-aec5-468e-9fb7-db36a6c846a1,2026-08-11 02:00:23.940867+00:00,STOPLOSS,0.1,BUY
S100 M3 Combo Scalper,6528239f-a503-4c75-8ac2-f9a1238880d6,2026-08-11 02:20:05.754071+00:00,XAU_USD,0.0,0.06,4431.37,0.0,-0.31,43e48e58-aec5-468e-9fb7-db36a6c846a1,2026-08-11 02:24:54.139459+00:00,STOPLOSS,0.06,BUY
S100 M3 Combo Scalper,9b1cb9f9-ea6c-491b-82ae-bc45319e3ce9,2026-08-11 03:44:05.857192+00:00,XAU_USD,0.0,0.1,4417.58,0.0,-0.27,43e48e58-aec5-468e-9fb7-db36a6c846a1,2026-08-11 03:49:32.097496+00:00,STOPLOSS,0.1,BUY
S100 M3 Combo Scalper,62c6ed3c-e47d-4ba8-a6f9-cdedea5984c9,2026-08-11 04:05:06.311191+00:00,XAU_USD,0.0,0.1,4418.05,0.0,-0.24,43e48e58-aec5-468e-9fb7-db36a6c846a1,2026-08-11 04:07:53.760288+00:00,STOPLOSS,0.1,BUY
S99 MSS FVG Reversal,f97fb5a2-da3d-450b-b992-2133a493cfad,2026-08-11 08:48:03.590446+00:00,XAU_USD,0.0,0.1,4374.66,0.0,-0.34,43e48e58-aec5-468e-9fb7-db36a6c846a1,2026-08-11 08:54:54.593945+00:00,STOPLOSS,0.1,BUY
S100 M3 Combo Scalper,2016cbab-fad2-4495-a471-e2c78930a4f2,2026-08-12 02:24:05.693340+00:00,XAU_USD,0.0,0.1,4403.0,0.0,-0.25,43e48e58-aec5-468e-9fb7-db36a6c846a1,2026-08-12 02:30:16.726485+00:00,STOPLOSS,0.1,BUY
S100 M3 Combo Scalper,8631016f-c8cc-47e2-86c5-a457ae6fc2a4,2026-08-12 03:23:05.989994+00:00,XAU_USD,0.0,0.1,4405.15,0.0,-0.24,43e48e58-aec5-468e-9fb7-db36a6c846a1,2026-08-12 03:43:16.693306+00:00,STOPLOSS,0.1,BUY
S100 M3 Combo Scalper,be06bb31-2c86-4c58-a43c-0dbaf5fabb76,2026-08-12 05:09:06.750122+00:00,XAU_USD,0.0,0.1,4403.86,0.0,-0.26,43e48e58-aec5-468e-9fb7-db36a6c846a1,2026-08-12 05:14:45.053244+00:00,STOPLOSS,0.1,BUY
S100 M3 Combo Scalper,502c1f9f-9a1c-48dd-be95-ec9d96f8daf6,2026-08-12 06:03:03.754422+00:00,XAU_USD,0.0,0.09,4388.75,0.0,-0.23,43e48e58-aec5-468e-9fb7-db36a6c846a1,2026-08-12 06:07:52.649137+00:00,STOPLOSS,0.09,BUY
S100 M3 Combo Scalper,ec3b0696-4b72-4662-b0bf-562f8a23c152,2026-08-12 07:36:05.893500+00:00,XAU_USD,0.0,0.1,4404.85,0.0,-0.18,43e48e58-aec5-468e-9fb7-db36a6c846a1,2026-08-12 08:48:06.477016+00:00,TIME_EXIT,0.1,BUY
S100 M3 Combo Scalper,b721a2ac-c1e1-42d8-9e5b-fc49479e9846,2026-08-14 01:07:25.228770+00:00,XAU_USD,0.0,0.0,0.0,4332.0,0.77,43e48e58-aec5-468e-9fb7-db36a6c846a1,2026-08-14 01:52:34.073384+00:00,TARGET,0.04,SELL
S100 M3 Combo Scalper,be73ab9a-eb2a-4d19-b415-f5cb095d5ee6,2026-08-14 01:54:06.373420+00:00,XAU_USD,0.0,0.0,0.0,4318.45,-0.14,43e48e58-aec5-468e-9fb7-db36a6c846a1,2026-08-14 01:55:20.703374+00:00,STOPLOSS,0.1,SELL
S100 M3 Combo Scalper,abee6410-d0bf-46c6-8e4e-8470eb0c3b8e,2026-08-14 02:16:02.891786+00:00,XAU_USD,0.0,0.0,0.0,4314.62,-0.33,43e48e58-aec5-468e-9fb7-db36a6c846a1,2026-08-14 02:27:10.984887+00:00,STOPLOSS,0.1,SELL
S100 M3 Combo Scalper,1e2aeb3b-b6ee-4526-9ad9-40df7ff9fb0b,2026-08-14 06:45:06.094200+00:00,XAU_USD,0.0,0.0,0.0,4333.13,-0.1,43e48e58-aec5-468e-9fb7-db36a6c846a1,2026-08-14 06:45:51.606034+00:00,STOPLOSS,0.1,SELL
S100 M3 Combo Scalper,4d718571-74a2-4337-aa4b-91ab913f837c,2026-08-14 08:23:07.518808+00:00,XAU_USD,0.0,0.1,4344.14,0.0,0.39,43e48e58-aec5-468e-9fb7-db36a6c846a1,2026-08-14 08:37:41.898803+00:00,TARGET,0.1,BUY
S100 M3 Combo Scalper,24781703-1839-4bdd-8e63-c604866f881c,2026-08-14 08:43:03.791577+00:00,XAU_USD,0.0,0.1,4345.98,0.0,-0.13,43e48e58-aec5-468e-9fb7-db36a6c846a1,2026-08-14 08:44:22.825950+00:00,STOPLOSS,0.1,BUY
S99 MSS FVG Reversal,9c572331-5ea1-42cc-9b4a-e7fba0d65425,2026-08-14 11:26:07.383539+00:00,XAU_USD,0.0,0.1,4353.81,0.0,0.33,43e48e58-aec5-468e-9fb7-db36a6c846a1,2026-08-14 11:28:22.953896+00:00,TARGET,0.1,BUY
S100 M3 Combo Scalper,0fba8a60-3093-43cf-9c4f-d74d5f33737c,2026-08-14 14:11:07.420199+00:00,XAU_USD,0.0,0.1,4387.58,0.0,-0.29,43e48e58-aec5-468e-9fb7-db36a6c846a1,2026-08-14 14:34:40.907164+00:00,STOPLOSS,0.1,BUY
S100 M3 Combo Scalper,ac67b14b-ffa4-4e68-b1e3-f5ec74791a84,2026-08-14 15:10:20.992780+00:00,XAU_USD,0.0,0.08,4386.64,0.0,-0.39,43e48e58-aec5-468e-9fb7-db36a6c846a1,2026-08-14 15:25:41.124662+00:00,STOPLOSS,0.08,BUY
S100 M3 Combo Scalper,778f19db-7532-4f90-8d8b-f185f72df6a1,2026-08-18 05:45:07.379881+00:00,XAU_USD,0.0,0.0,0.0,4393.77,-0.13,43e48e58-aec5-468e-9fb7-db36a6c846a1,2026-08-18 05:48:27.246517+00:00,STOPLOSS,0.1,SELL
S100 M3 Combo Scalper,5f0ed0fa-3f94-4b80-b33b-b339ec9df385,2026-08-18 06:10:08.246824+00:00,XAU_USD,0.0,0.0,0.0,4392.9,-0.17,43e48e58-aec5-468e-9fb7-db36a6c846a1,2026-08-18 06:11:03.569956+00:00,STOPLOSS,0.1,SELL
S100 M3 Combo Scalper,0059e673-bf0b-4e21-8e51-dbce03e536fa,2026-08-18 06:44:05.855004+00:00,XAU_USD,0.0,0.0,0.0,4397.9,-0.23,43e48e58-aec5-468e-9fb7-db36a6c846a1,2026-08-18 07:04:46.690929+00:00,STOPLOSS,0.1,SELL
S100 M3 Combo Scalper,8bd66a06-9374-4909-af31-e2bf46b63360,2026-08-19 03:36:23.090212+00:00,XAU_USD,0.0,0.1,4358.03,0.0,-0.29,43e48e58-aec5-468e-9fb7-db36a6c846a1,2026-08-19 03:59:02.026610+00:00,STOPLOSS,0.1,BUY
S100 M3 Combo Scalper,f01d8133-9f3a-4fb2-ba4d-3c34eb60b051,2026-08-19 05:58:03.379121+00:00,XAU_USD,0.0,0.0,0.0,4338.51,-0.24,43e48e58-aec5-468e-9fb7-db36a6c846a1,2026-08-19 06:01:03.348346+00:00,STOPLOSS,0.1,SELL
S100 M3 Combo Scalper,ec442f6c-72e5-441f-98b8-09e1f70a8400,2026-08-19 06:38:05.075981+00:00,XAU_USD,0.0,0.0,0.0,4344.35,-0.29,43e48e58-aec5-468e-9fb7-db36a6c846a1,2026-08-19 06:55:05.337539+00:00,STOPLOSS,0.08,SELL
S100 M3 Combo Scalper,72d63c74-4ab5-4d99-b0d7-fafcb6fce3b9,2026-08-19 07:39:06.982337+00:00,XAU_USD,0.0,0.1,4358.81,0.0,-0.23,43e48e58-aec5-468e-9fb7-db36a6c846a1,2026-08-19 07:42:08.641027+00:00,STOPLOSS,0.1,BUY
S99 MSS FVG Reversal,07e83cd8-11fb-4255-996c-345f8bbb67aa,2026-08-19 09:05:05.090668+00:00,XAU_USD,0.0,0.0,0.0,4359.23,0.53,43e48e58-aec5-468e-9fb7-db36a6c846a1,2026-08-19 09:19:05.655426+00:00,TARGET,0.1,SELL
S99 MSS FVG Reversal,b13fa11c-b514-4abc-b217-7d69c3c385e7,2026-08-19 11:18:05.898944+00:00,XAU_USD,0.0,0.1,4370.42,0.0,-0.3,43e48e58-aec5-468e-9fb7-db36a6c846a1,2026-08-19 11:39:42.922445+00:00,STOPLOSS,0.1,BUY
S100 M3 Combo Scalper,0bc91132-5111-4bee-8044-ace3dcf09705,2026-08-19 14:12:10.528663+00:00,XAU_USD,0.0,0.03,4469.66,0.0,0.74,43e48e58-aec5-468e-9fb7-db36a6c846a1,2026-08-19 14:41:36.234998+00:00,TARGET,0.03,BUY
S99 MSS FVG Reversal,016ce118-1ffd-49db-80c5-53b727dab729,2026-08-19 14:47:06.521716+00:00,XAU_USD,0.0,0.06,4483.08,0.0,-0.28,43e48e58-aec5-468e-9fb7-db36a6c846a1,2026-08-19 14:49:35.846902+00:00,STOPLOSS,0.06,BUY
S99 MSS FVG Reversal,37066f2e-5579-40c9-ab27-7a00daa8ff47,2026-08-19 15:51:06.617418+00:00,XAU_USD,0.0,0.1,4489.04,0.0,0.5,43e48e58-aec5-468e-9fb7-db36a6c846a1,2026-08-19 16:00:03.145056+00:00,TARGET,0.1,BUY
S100 M3 Combo Scalper,0fa65d57-8d2d-4a10-9ae1-ac90ff6d69b4,2026-08-20 02:25:04.962315+00:00,XAU_USD,0.0,0.0,0.0,4494.09,-0.21,43e48e58-aec5-468e-9fb7-db36a6c846a1,2026-08-20 03:02:14.554482+00:00,STOPLOSS,0.1,SELL
S100 M3 Combo Scalper,cab2f2b2-55d2-4a0a-9148-d443a740f655,2026-08-20 04:24:07.345142+00:00,XAU_USD,0.0,0.0,0.0,4495.2,0.55,43e48e58-aec5-468e-9fb7-db36a6c846a1,2026-08-20 04:30:02.238843+00:00,TARGET,0.1,SELL
S100 M3 Combo Scalper,b160875a-6c07-4ebd-bbd8-38862dc2dcac,2026-08-20 04:53:03.892491+00:00,XAU_USD,0.0,0.0,0.0,4491.1,0.89,43e48e58-aec5-468e-9fb7-db36a6c846a1,2026-08-20 05:34:29.123723+00:00,TARGET,0.09,SELL
S99 MSS FVG Reversal,2e711ca6-fd94-4ffb-89d9-5b0c8556900a,2026-08-20 12:11:12.906233+00:00,XAU_USD,0.0,0.0,0.0,4460.41,-0.32,43e48e58-aec5-468e-9fb7-db36a6c846a1,2026-08-20 12:18:13.329590+00:00,STOPLOSS,0.05,SELL
S100 M3 Combo Scalper,befe0024-90e4-484c-bd5c-04138217f3c2,2026-08-20 15:22:06.630804+00:00,XAU_USD,0.0,0.05,4526.53,0.0,-0.15,43e48e58-aec5-468e-9fb7-db36a6c846a1,2026-08-20 15:34:08.568424+00:00,STOPLOSS,0.05,BUY
S100 M3 Combo Scalper,27b444a5-34ca-4f9e-ae51-09cb09c424e8,2026-08-21 02:29:07.214184+00:00,XAU_USD,0.0,0.09,4526.75,0.0,0.95,43e48e58-aec5-468e-9fb7-db36a6c846a1,2026-08-21 02:44:56.830500+00:00,TARGET,0.09,BUY
S100 M3 Combo Scalper,b488cc54-f3fe-4ad8-9875-880ec27858be,2026-08-21 02:57:06.063983+00:00,XAU_USD,0.0,0.1,4538.67,0.0,-0.3,43e48e58-aec5-468e-9fb7-db36a6c846a1,2026-08-21 02:58:52.840166+00:00,STOPLOSS,0.1,BUY
S100 M3 Combo Scalper,4846dc85-5a6e-4e8d-80bb-f557ba5eefe4,2026-08-21 03:37:06.528418+00:00,XAU_USD,0.0,0.1,4531.44,0.0,-0.25,43e48e58-aec5-468e-9fb7-db36a6c846a1,2026-08-21 03:40:44.209730+00:00,STOPLOSS,0.1,BUY
S100 M3 Combo Scalper,2c0eb9db-4877-4812-a9d8-05fbbb480834,2026-08-21 04:07:23.398070+00:00,XAU_USD,0.0,0.1,4537.06,0.0,0.61,43e48e58-aec5-468e-9fb7-db36a6c846a1,2026-08-21 04:20:51.497565+00:00,TARGET,0.1,BUY
S100 M3 Combo Scalper,df6ba05e-7a6d-415e-a5f2-33db102ebe98,2026-08-21 04:27:04.878334+00:00,XAU_USD,0.0,0.1,4545.5,0.0,-0.34,43e48e58-aec5-468e-9fb7-db36a6c846a1,2026-08-21 04:38:31.382709+00:00,STOPLOSS,0.1,BUY
S100 M3 Combo Scalper,89665629-076f-4d33-a829-16fa2c4e8d5a,2026-08-21 06:02:08.626082+00:00,XAU_USD,0.0,0.1,4552.23,0.0,-0.41,43e48e58-aec5-468e-9fb7-db36a6c846a1,2026-08-21 06:03:01.337759+00:00,STOPLOSS,0.1,BUY
S100 M3 Combo Scalper,5edd11d8-bdbc-4a18-9123-088a4174849e,2026-08-21 06:22:04.819256+00:00,XAU_USD,0.0,0.08,4553.07,0.0,0.92,43e48e58-aec5-468e-9fb7-db36a6c846a1,2026-08-21 06:35:41.233896+00:00,TARGET,0.08,BUY
S100 M3 Combo Scalper,ff27a271-3a0a-4d4b-b12e-98cc716e6b41,2026-08-21 06:41:03.859199+00:00,XAU_USD,0.0,0.07,4561.22,0.0,-0.19,43e48e58-aec5-468e-9fb7-db36a6c846a1,2026-08-21 07:53:06.723899+00:00,TIME_EXIT,0.07,BUY
S100 M3 Combo Scalper,577c93ea-7a62-484b-8ad9-f5ba2787d939,2026-08-21 08:31:05.927752+00:00,XAU_USD,0.0,0.1,4578.2,0.0,-0.12,43e48e58-aec5-468e-9fb7-db36a6c846a1,2026-08-21 08:39:37.368880+00:00,STOPLOSS,0.1,BUY
S99 MSS FVG Reversal,189e32f9-a9a0-4dc8-a896-80af1bd12a6d,2026-08-21 09:20:07.906996+00:00,XAU_USD,0.0,0.03,4592.48,0.0,-0.23,43e48e58-aec5-468e-9fb7-db36a6c846a1,2026-08-21 09:27:52.002423+00:00,STOPLOSS,0.03,BUY
S99 MSS FVG Reversal,33cac9c3-0118-43d8-ac93-b21cbd7ccf31,2026-08-21 12:46:03.811390+00:00,XAU_USD,0.0,0.0,0.0,4576.79,-0.15,43e48e58-aec5-468e-9fb7-db36a6c846a1,2026-08-21 12:48:07.141282+00:00,STOPLOSS,0.1,SELL
S100 M3 Combo Scalper,c9f8a0ef-6c11-4604-8a2c-0491e677d57c,2026-08-21 14:35:06.468066+00:00,XAU_USD,0.0,0.08,4590.98,0.0,-0.48,43e48e58-aec5-468e-9fb7-db36a6c846a1,2026-08-21 14:38:01.722464+00:00,STOPLOSS,0.08,BUY
S100 M3 Combo Scalper,871b8120-03e6-4e19-acc5-7869c24c585d,2026-08-21 14:56:09.540491+00:00,XAU_USD,0.0,0.06,4586.03,0.0,0.9,43e48e58-aec5-468e-9fb7-db36a6c846a1,2026-08-21 15:23:39.106532+00:00,TARGET,0.06,BUY
S100 M3 Combo Scalper,a5aa6189-ccef-4295-88e7-ac8c11728077,2026-08-21 15:42:04.482574+00:00,XAU_USD,0.0,0.08,4608.65,0.0,0.92,43e48e58-aec5-468e-9fb7-db36a6c846a1,2026-08-21 16:21:09.314845+00:00,TARGET,0.08,BUY
S100 M3 Combo Scalper,af9470f0-937a-4b63-9ad4-e73f36d07139,2026-08-24 01:06:15.466759+00:00,XAU_USD,0.0,0.04,4625.66,0.0,-0.36,43e48e58-aec5-468e-9fb7-db36a6c846a1,2026-08-24 01:20:44.002349+00:00,STOPLOSS,0.04,BUY
S100 M3 Combo Scalper,ad584d4f-876a-49f0-b1ab-4c7a6a070949,2026-08-24 02:31:05.618906+00:00,XAU_USD,0.0,0.1,4652.31,0.0,-0.17,43e48e58-aec5-468e-9fb7-db36a6c846a1,2026-08-24 02:33:32.038494+00:00,STOPLOSS,0.1,BUY
S100 M3 Combo Scalper,1a2dd3df-5b3a-4305-99a1-c0aa15a1a9c7,2026-08-24 03:03:04.018126+00:00,XAU_USD,0.0,0.08,4638.84,0.0,-0.24,43e48e58-aec5-468e-9fb7-db36a6c846a1,2026-08-24 03:06:44.405611+00:00,STOPLOSS,0.08,BUY
S100 M3 Combo Scalper,dc202455-e106-4054-b7eb-7f58e3cf8f35,2026-08-24 03:21:04.744200+00:00,XAU_USD,0.0,0.1,4635.75,0.0,1.0,43e48e58-aec5-468e-9fb7-db36a6c846a1,2026-08-24 03:26:05.516695+00:00,TARGET,0.1,BUY
S100 M3 Combo Scalper,764a635b-937c-42e0-8ca1-a85bd1b35db0,2026-08-24 03:57:03.801951+00:00,XAU_USD,0.0,0.06,4641.32,0.0,-0.39,43e48e58-aec5-468e-9fb7-db36a6c846a1,2026-08-24 04:06:37.704570+00:00,STOPLOSS,0.06,BUY
S100 M3 Combo Scalper,ee383551-3f1b-47e2-bbc4-b39049803900,2026-08-24 05:09:04.773568+00:00,XAU_USD,0.0,0.1,4641.08,0.0,-0.27,43e48e58-aec5-468e-9fb7-db36a6c846a1,2026-08-24 05:22:31.506720+00:00,STOPLOSS,0.1,BUY
S100 M3 Combo Scalper,9fc9691d-e194-4619-aab0-073b16105b9a,2026-08-24 06:22:03.506335+00:00,XAU_USD,0.0,0.1,4653.33,0.0,-0.17,43e48e58-aec5-468e-9fb7-db36a6c846a1,2026-08-24 06:22:23.874576+00:00,STOPLOSS,0.1,BUY
S100 M3 Combo Scalper,157e0aff-ed13-43b2-b635-b99b66622bbc,2026-08-24 07:02:06.132580+00:00,XAU_USD,0.0,0.05,4648.52,0.0,-0.33,43e48e58-aec5-468e-9fb7-db36a6c846a1,2026-08-24 07:30:33.456384+00:00,STOPLOSS,0.05,BUY
S100 M3 Combo Scalper,97be0228-ee41-4b7a-930f-09f25c796e5f,2026-08-24 07:39:04.630747+00:00,XAU_USD,0.0,0.1,4644.26,0.0,-0.23,43e48e58-aec5-468e-9fb7-db36a6c846a1,2026-08-24 07:41:36.589006+00:00,STOPLOSS,0.1,BUY
S99 MSS FVG Reversal,7063c556-ef65-4113-aef1-685e6be6790c,2026-08-24 07:52:02.999620+00:00,XAU_USD,0.0,0.0,0.0,4636.56,-0.34,43e48e58-aec5-468e-9fb7-db36a6c846a1,2026-08-24 08:07:20.045102+00:00,STOPLOSS,0.04,SELL
S100 M3 Combo Scalper,ab7b8713-976d-4f1d-b3ee-7200da9acb76,2026-08-24 08:02:03.529846+00:00,XAU_USD,0.0,0.1,4637.69,0.0,-0.15,43e48e58-aec5-468e-9fb7-db36a6c846a1,2026-08-24 08:12:02.261143+00:00,STOPLOSS,0.1,BUY
S100 M3 Combo Scalper,7a713505-8117-4427-8d6b-d1b3f99c9d9e,2026-08-24 08:50:04.736087+00:00,XAU_USD,0.0,0.08,4643.67,0.0,-0.38,43e48e58-aec5-468e-9fb7-db36a6c846a1,2026-08-24 08:56:55.278020+00:00,STOPLOSS,0.08,BUY
S99 MSS FVG Reversal,14946cd6-4667-4317-958b-2b8d4afa4965,2026-08-24 11:47:09.165732+00:00,XAU_USD,0.0,0.1,4651.88,0.0,-0.12,43e48e58-aec5-468e-9fb7-db36a6c846a1,2026-08-24 11:48:30.351120+00:00,STOPLOSS,0.1,BUY
S99 MSS FVG Reversal,e806383a-c1e0-48be-aa3c-d29ed79d3448,2026-08-24 13:18:03.759150+00:00,XAU_USD,0.0,0.1,4673.49,0.0,-0.37,43e48e58-aec5-468e-9fb7-db36a6c846a1,2026-08-24 13:21:54.443455+00:00,STOPLOSS,0.1,BUY
S100 M3 Combo Scalper,ebd986f9-7f71-480b-9fe8-c162fc752e55,2026-08-24 13:38:06.604218+00:00,XAU_USD,0.0,0.1,4671.75,0.0,-0.18,43e48e58-aec5-468e-9fb7-db36a6c846a1,2026-08-24 13:38:28.386158+00:00,STOPLOSS,0.1,BUY
S99 MSS FVG Reversal,4d9649ee-fef7-4c29-8849-1133438d3c32,2026-08-24 14:43:05.860902+00:00,XAU_USD,0.0,0.1,4671.2,0.0,-0.34,43e48e58-aec5-468e-9fb7-db36a6c846a1,2026-08-24 14:49:46.169528+00:00,STOPLOSS,0.1,BUY
S100 M3 Combo Scalper,3b52247a-0a2e-4076-b8b7-2b148124780c,2026-08-24 15:01:05.745489+00:00,XAU_USD,0.0,0.08,4668.08,0.0,-0.23,43e48e58-aec5-468e-9fb7-db36a6c846a1,2026-08-24 15:40:28.345988+00:00,STOPLOSS,0.08,BUY
S100 M3 Combo Scalper,13a27a99-781c-4c9c-8d4b-e88fb77d0bdf,2026-08-25 02:15:04.829169+00:00,XAU_USD,0.0,0.0,0.0,4641.12,-0.39,43e48e58-aec5-468e-9fb7-db36a6c846a1,2026-08-25 02:18:29.757619+00:00,STOPLOSS,0.05,SELL
S100 M3 Combo Scalper,17a40c4a-ecf4-4681-b4eb-f5dd0dcc4e28,2026-08-25 03:51:03.693854+00:00,XAU_USD,0.0,0.0,0.0,4633.31,-0.35,43e48e58-aec5-468e-9fb7-db36a6c846a1,2026-08-25 04:12:52.513059+00:00,STOPLOSS,0.1,SELL
S100 M3 Combo Scalper,9cd90a00-fbd5-45c2-ae2a-0237c83f73cd,2026-08-25 04:39:07.918940+00:00,XAU_USD,0.0,0.0,0.0,4627.22,-0.35,43e48e58-aec5-468e-9fb7-db36a6c846a1,2026-08-25 05:05:05.934798+00:00,STOPLOSS,0.1,SELL
S100 M3 Combo Scalper,af0a183d-886c-4254-ab0a-e987e6a566a4,2026-08-26 02:38:08.332543+00:00,XAU_USD,0.0,0.1,4660.19,0.0,0.73,43e48e58-aec5-468e-9fb7-db36a6c846a1,2026-08-26 02:41:46.328018+00:00,TARGET,0.1,BUY
S100 M3 Combo Scalper,804624a6-f0b2-4938-9c38-fb455613b39d,2026-08-26 02:49:03.964111+00:00,XAU_USD,0.0,0.1,4666.44,0.0,-0.19,43e48e58-aec5-468e-9fb7-db36a6c846a1,2026-08-26 02:52:05.554128+00:00,STOPLOSS,0.1,BUY
S100 M3 Combo Scalper,e729d568-fc10-49f7-8cea-7b30ebc1ef78,2026-08-26 04:42:23.805869+00:00,XAU_USD,0.0,0.0,0.0,4641.14,-0.15,43e48e58-aec5-468e-9fb7-db36a6c846a1,2026-08-26 05:02:35.193902+00:00,STOPLOSS,0.1,SELL
S100 M3 Combo Scalper,04614e4f-74e2-403c-8bdc-d7b81a6df4a8,2026-08-26 05:41:06.339984+00:00,XAU_USD,0.0,0.0,0.0,4643.81,0.95,43e48e58-aec5-468e-9fb7-db36a6c846a1,2026-08-26 06:16:48.499711+00:00,TARGET,0.09,SELL
S99 MSS FVG Reversal,8b89f2d4-61f9-40bf-a308-d1a81084d0c0,2026-08-26 06:32:05.450735+00:00,XAU_USD,0.0,0.0,0.0,4629.84,-0.27,43e48e58-aec5-468e-9fb7-db36a6c846a1,2026-08-26 06:41:40.057736+00:00,STOPLOSS,0.1,SELL
S100 M3 Combo Scalper,7258c04f-1f2c-49d8-93df-e4ed9c030810,2026-08-26 07:33:07.467334+00:00,XAU_USD,0.0,0.0,0.0,4633.89,-0.12,43e48e58-aec5-468e-9fb7-db36a6c846a1,2026-08-26 07:33:53.537658+00:00,STOPLOSS,0.1,SELL
S100 M3 Combo Scalper,a89611a0-dfce-40ef-b269-568749290905,2026-08-26 07:58:06.497462+00:00,XAU_USD,0.0,0.0,0.0,4628.91,0.58,43e48e58-aec5-468e-9fb7-db36a6c846a1,2026-08-26 08:15:28.365564+00:00,TARGET,0.1,SELL
S99 MSS FVG Reversal,0f6b9019-30ee-470b-93f7-64f20da8be4c,2026-08-26 12:11:04.008751+00:00,XAU_USD,0.0,0.1,4625.85,0.0,0.49,43e48e58-aec5-468e-9fb7-db36a6c846a1,2026-08-26 12:30:03.038630+00:00,TARGET,0.1,BUY
S99 MSS FVG Reversal,2f73e711-b026-41e6-86fa-c1b02a6598ce,2026-08-26 15:11:03.497205+00:00,XAU_USD,0.0,0.0,0.0,4599.16,0.53,43e48e58-aec5-468e-9fb7-db36a6c846a1,2026-08-26 15:13:57.754716+00:00,TARGET,0.06,SELL
S100 M3 Combo Scalper,a5848f62-fdf7-4eb1-a561-b2e323f803f3,2026-08-26 15:19:07.202060+00:00,XAU_USD,0.0,0.0,0.0,4593.22,-0.15,43e48e58-aec5-468e-9fb7-db36a6c846a1,2026-08-26 15:28:36.480659+00:00,STOPLOSS,0.06,SELL
S100 M3 Combo Scalper,e801171e-fcf2-482c-a168-3548faa62d64,2026-08-27 01:09:03.251747+00:00,XAU_USD,0.0,0.07,4615.4,0.0,0.92,43e48e58-aec5-468e-9fb7-db36a6c846a1,2026-08-27 01:38:24.345830+00:00,TARGET,0.07,BUY
S100 M3 Combo Scalper,6591b014-fb1d-4655-95f8-1268ed5c0cd2,2026-08-27 01:43:05.153439+00:00,XAU_USD,0.0,0.06,4625.66,0.0,0.27,43e48e58-aec5-468e-9fb7-db36a6c846a1,2026-08-27 02:55:06.107318+00:00,TIME_EXIT,0.06,BUY
S100 M3 Combo Scalper,36eab484-0ef8-464d-af30-50194f316c44,2026-08-27 03:19:03.053338+00:00,XAU_USD,0.0,0.1,4633.69,0.0,-0.29,43e48e58-aec5-468e-9fb7-db36a6c846a1,2026-08-27 03:40:28.443341+00:00,STOPLOSS,0.1,BUY
S100 M3 Combo Scalper,df637b28-1561-4c10-8f05-293c6b83ab48,2026-08-27 05:59:06.853681+00:00,XAU_USD,0.0,0.0,0.0,4605.78,-0.32,43e48e58-aec5-468e-9fb7-db36a6c846a1,2026-08-27 06:21:32.295626+00:00,STOPLOSS,0.08,SELL
S99 MSS FVG Reversal,f282050f-43b8-424e-be69-3103e568cbd7,2026-08-27 13:43:04.974052+00:00,XAU_USD,0.0,0.0,0.0,4581.62,0.53,43e48e58-aec5-468e-9fb7-db36a6c846a1,2026-08-27 13:48:21.497569+00:00,TARGET,0.05,SELL
S100 M3 Combo Scalper,edb79f3c-ec33-4fde-ad5e-03548914a89c,2026-08-27 15:28:05.030641+00:00,XAU_USD,0.0,0.0,0.0,4592.34,-0.23,43e48e58-aec5-468e-9fb7-db36a6c846a1,2026-08-27 15:28:47.292139+00:00,STOPLOSS,0.1,SELL
S100 M3 Combo Scalper,6b7156e1-fe3c-40b9-9961-c4732f47fcca,2026-08-28 01:49:04.036766+00:00,XAU_USD,0.0,0.0,0.0,4580.15,-0.3,43e48e58-aec5-468e-9fb7-db36a6c846a1,2026-08-28 01:51:01.927817+00:00,STOPLOSS,0.09,SELL
S100 M3 Combo Scalper,7a8fd91c-20bb-465a-9526-dae2a3e9b4ff,2026-08-28 01:56:05.156951+00:00,XAU_USD,0.0,0.0,0.0,4577.76,-0.38,43e48e58-aec5-468e-9fb7-db36a6c846a1,2026-08-28 02:24:47.660963+00:00,STOPLOSS,0.06,SELL
S100 M3 Combo Scalper,dc3253bc-e8ad-4984-832d-ef0e74b6bb3d,2026-08-28 03:16:07.299196+00:00,XAU_USD,0.0,0.0,0.0,4586.75,-0.11,43e48e58-aec5-468e-9fb7-db36a6c846a1,2026-08-28 03:18:14.844143+00:00,STOPLOSS,0.1,SELL
S100 M3 Combo Scalper,a93ec402-d569-4cbb-8134-8b671fd7b62b,2026-08-28 03:42:08.103656+00:00,XAU_USD,0.0,0.0,0.0,4581.56,-0.33,43e48e58-aec5-468e-9fb7-db36a6c846a1,2026-08-28 04:25:49.151383+00:00,STOPLOSS,0.1,SELL
S100 M3 Combo Scalper,3e229982-1581-4c3c-bb96-4f39f5ca7b1e,2026-08-28 04:43:03.978003+00:00,XAU_USD,0.0,0.0,0.0,4579.26,-0.22,43e48e58-aec5-468e-9fb7-db36a6c846a1,2026-08-28 04:48:29.521926+00:00,STOPLOSS,0.1,SELL
S100 M3 Combo Scalper,a36fa8bc-f240-4800-ada9-6be0aecff914,2026-08-31 01:04:07.568066+00:00,XAU_USD,0.0,0.0,0.0,4458.01,0.84,43e48e58-aec5-468e-9fb7-db36a6c846a1,2026-08-31 01:11:35.020724+00:00,TARGET,0.04,SELL
S100 M3 Combo Scalper,6ec14a64-00e9-425d-9737-9c935a9d86d2,2026-08-31 01:15:06.175599+00:00,XAU_USD,0.0,0.0,0.0,4444.7,-0.28,43e48e58-aec5-468e-9fb7-db36a6c846a1,2026-08-31 01:22:42.612689+00:00,STOPLOSS,0.03,SELL
S100 M3 Combo Scalper,68bcfe3b-a069-4d5d-a886-7f38f56b8a14,2026-08-31 01:56:05.108419+00:00,XAU_USD,0.0,0.0,0.0,4444.98,0.93,43e48e58-aec5-468e-9fb7-db36a6c846a1,2026-08-31 02:02:13.994204+00:00,TARGET,0.06,SELL
S100 M3 Combo Scalper,ec8bfae2-b335-4ab8-b3c6-6bcd33eecbe3,2026-08-31 02:09:08.027017+00:00,XAU_USD,0.0,0.0,0.0,4431.33,0.82,43e48e58-aec5-468e-9fb7-db36a6c846a1,2026-08-31 02:40:51.789597+00:00,TARGET,0.03,SELL
S100 M3 Combo Scalper,62bca73e-d38e-4c95-a064-d28b0b670671,2026-08-31 04:36:06.943546+00:00,XAU_USD,0.0,0.0,0.0,4418.0,-0.22,43e48e58-aec5-468e-9fb7-db36a6c846a1,2026-08-31 04:37:14.509713+00:00,STOPLOSS,0.1,SELL
S100 M3 Combo Scalper,2613490a-4529-4d87-adb8-f159573a2176,2026-08-31 06:19:22.687200+00:00,XAU_USD,0.0,0.0,0.0,4436.21,-0.28,43e48e58-aec5-468e-9fb7-db36a6c846a1,2026-08-31 06:39:08.016282+00:00,STOPLOSS,0.1,SELL
S99 MSS FVG Reversal,fc8c6174-febe-4d08-bf5f-26da1237c9a4,2026-08-31 06:52:03.605983+00:00,XAU_USD,0.0,0.1,4438.09,0.0,-0.22,43e48e58-aec5-468e-9fb7-db36a6c846a1,2026-08-31 07:14:44.925024+00:00,STOPLOSS,0.1,BUY
S100 M3 Combo Scalper,3c151154-a3ee-4ae3-bd40-3114dda40335,2026-08-31 07:31:05.634554+00:00,XAU_USD,0.0,0.1,4444.24,0.0,-0.37,43e48e58-aec5-468e-9fb7-db36a6c846a1,2026-08-31 08:12:07.439665+00:00,STOPLOSS,0.1,BUY
S99 MSS FVG Reversal,9c30f5a5-6d07-4000-bcbf-9a4ef0ec053d,2026-08-31 10:12:05.631035+00:00,XAU_USD,0.0,0.1,4447.11,0.0,0.36,43e48e58-aec5-468e-9fb7-db36a6c846a1,2026-08-31 10:14:06.574432+00:00,TARGET,0.1,BUY
S100 M3 Combo Scalper,2e0c70e3-a099-4ed8-be2f-da332bb7f1b7,2026-08-31 13:17:06.771068+00:00,XAU_USD,0.0,0.09,4442.75,0.0,-0.36,43e48e58-aec5-468e-9fb7-db36a6c846a1,2026-08-31 13:32:27.115433+00:00,STOPLOSS,0.09,BUY
S99 MSS FVG Reversal,5752864f-86c0-4ac6-9ce5-85c8091695d3,2026-08-31 14:18:08.355739+00:00,XAU_USD,0.0,0.0,0.0,4429.49,0.59,43e48e58-aec5-468e-9fb7-db36a6c846a1,2026-08-31 14:20:44.283151+00:00,TARGET,0.09,SELL
S100 M3 Combo Scalper,a299d1f1-229b-4db3-8300-059a90bac93b,2026-08-31 14:55:05.155504+00:00,XAU_USD,0.0,0.0,0.0,4432.28,-0.39,43e48e58-aec5-468e-9fb7-db36a6c846a1,2026-08-31 14:56:44.796418+00:00,STOPLOSS,0.1,SELL
S100 M3 Combo Scalper,19bea29e-db96-4efa-a99e-c27d861b077c,2026-09-01 02:49:04.397095+00:00,XAU_USD,0.0,0.0,0.0,4435.87,-0.13,43e48e58-aec5-468e-9fb7-db36a6c846a1,2026-09-01 02:53:21.406958+00:00,STOPLOSS,0.1,SELL
S100 M3 Combo Scalper,edb04876-c75a-4cd4-ac1a-d2c1314d1c60,2026-09-01 03:28:04.048235+00:00,XAU_USD,0.0,0.0,0.0,4435.8,-0.26,43e48e58-aec5-468e-9fb7-db36a6c846a1,2026-09-01 03:41:28.702497+00:00,STOPLOSS,0.1,SELL
S100 M3 Combo Scalper,da3ec626-d1e1-4eda-a928-9e556fcf1368,2026-09-01 04:18:03.544512+00:00,XAU_USD,0.0,0.0,0.0,4433.64,0.8,43e48e58-aec5-468e-9fb7-db36a6c846a1,2026-09-01 04:50:59.770528+00:00,TARGET,0.1,SELL
S100 M3 Combo Scalper,0fdf1ad9-102c-4770-bd7c-1f0f3166d53d,2026-09-01 06:12:04.087229+00:00,XAU_USD,0.0,0.0,0.0,4434.44,0.47,43e48e58-aec5-468e-9fb7-db36a6c846a1,2026-09-01 07:24:06.218069+00:00,TIME_EXIT,0.08,SELL
S100 M3 Combo Scalper,47c90d3f-5834-4f39-a4ba-85d4f046b0f0,2026-09-01 07:39:07.109648+00:00,XAU_USD,0.0,0.0,0.0,4421.4,1.06,43e48e58-aec5-468e-9fb7-db36a6c846a1,2026-09-01 08:04:07.460582+00:00,TARGET,0.1,SELL
S100 M3 Combo Scalper,eaf13efd-4774-4827-abd7-08ebc9b0593e,2026-09-01 08:14:06.349580+00:00,XAU_USD,0.0,0.0,0.0,4406.22,0.92,43e48e58-aec5-468e-9fb7-db36a6c846a1,2026-09-01 08:23:34.835155+00:00,TARGET,0.06,SELL
S99 MSS FVG Reversal,1181d9df-12c0-445e-a00e-2dae2effa7bd,2026-09-01 08:41:02.434372+00:00,XAU_USD,0.0,0.0,0.0,4380.68,0.69,43e48e58-aec5-468e-9fb7-db36a6c846a1,2026-09-01 09:02:59.020608+00:00,TARGET,0.05,SELL
S99 MSS FVG Reversal,a8199dcd-5f23-46a0-80ad-78d759e1a3f0,2026-09-01 13:23:06.322349+00:00,XAU_USD,0.0,0.0,0.0,4335.06,-0.37,43e48e58-aec5-468e-9fb7-db36a6c846a1,2026-09-01 13:25:59.404569+00:00,STOPLOSS,0.1,SELL
S100 M3 Combo Scalper,85d805fe-f743-4429-ba71-4cb1025a0826,2026-09-02 01:16:09.122486+00:00,XAU_USD,0.0,0.0,0.0,4325.06,0.81,43e48e58-aec5-468e-9fb7-db36a6c846a1,2026-09-02 01:34:13.046222+00:00,TARGET,0.05,SELL
S100 M3 Combo Scalper,0ab9861e-f386-43e0-ad3b-be0149cc829e,2026-09-02 01:49:06.433783+00:00,XAU_USD,0.0,0.0,0.0,4307.17,1.07,43e48e58-aec5-468e-9fb7-db36a6c846a1,2026-09-02 01:52:09.176114+00:00,TARGET,0.07,SELL
S100 M3 Combo Scalper,63b9a46a-bf37-45c8-8579-c7e2f8cae59f,2026-09-02 02:07:07.246609+00:00,XAU_USD,0.0,0.0,0.0,4300.8,-0.34,43e48e58-aec5-468e-9fb7-db36a6c846a1,2026-09-02 02:21:07.231644+00:00,STOPLOSS,0.06,SELL
S100 M3 Combo Scalper,ccd42ffc-8145-4037-bac5-197d3c5592ae,2026-09-02 03:02:06.486217+00:00,XAU_USD,0.0,0.0,0.0,4303.63,0.9,43e48e58-aec5-468e-9fb7-db36a6c846a1,2026-09-02 03:20:45.363654+00:00,TARGET,0.1,SELL
S100 M3 Combo Scalper,5b5cce77-a854-4b53-b81b-7268ab308647,2026-09-02 03:40:06.067945+00:00,XAU_USD,0.0,0.0,0.0,4291.2,-0.36,43e48e58-aec5-468e-9fb7-db36a6c846a1,2026-09-02 03:47:10.392325+00:00,STOPLOSS,0.1,SELL
S100 M3 Combo Scalper,e024b6aa-9c59-4789-9061-886d378d50b0,2026-09-02 06:47:06.880904+00:00,XAU_USD,0.0,0.1,4321.41,0.0,-0.12,43e48e58-aec5-468e-9fb7-db36a6c846a1,2026-09-02 06:47:54.976508+00:00,STOPLOSS,0.1,BUY
S100 M3 Combo Scalper,b8c4b4e2-dc31-4246-9578-9979e06af217,2026-09-02 08:43:04.764913+00:00,XAU_USD,0.0,0.1,4323.9,0.0,-0.21,43e48e58-aec5-468e-9fb7-db36a6c846a1,2026-09-02 08:44:31.338603+00:00,STOPLOSS,0.1,BUY
S99 MSS FVG Reversal,c82fb066-6eb4-4aa2-b1b6-d54d804c42e0,2026-09-02 09:31:05.642761+00:00,XAU_USD,0.0,0.0,0.0,4309.48,-0.36,43e48e58-aec5-468e-9fb7-db36a6c846a1,2026-09-02 11:10:58.135446+00:00,STOPLOSS,0.07,SELL
S100 M3 Combo Scalper,7b42c291-e988-488f-a657-bd233f0a8e20,2026-09-03 01:42:05.290964+00:00,XAU_USD,0.0,0.1,4404.62,0.0,-0.38,43e48e58-aec5-468e-9fb7-db36a6c846a1,2026-09-03 01:44:02.114661+00:00,STOPLOSS,0.1,BUY
S100 M3 Combo Scalper,5a88df53-6adb-479e-a470-156f513eb603,2026-09-03 02:00:08.398193+00:00,XAU_USD,0.0,0.07,4410.77,0.0,0.9,43e48e58-aec5-468e-9fb7-db36a6c846a1,2026-09-03 03:04:19.443963+00:00,TARGET,0.07,BUY
S100 M3 Combo Scalper,3268a60c-8aaa-4c96-b106-b2ebaa3c5578,2026-09-03 03:37:07.895703+00:00,XAU_USD,0.0,0.1,4430.21,0.0,-0.3,43e48e58-aec5-468e-9fb7-db36a6c846a1,2026-09-03 03:44:32.806023+00:00,STOPLOSS,0.1,BUY
S100 M3 Combo Scalper,0d0c2bf5-bb13-407e-87b9-e8d4b9820490,2026-09-03 04:14:06.870698+00:00,XAU_USD,0.0,0.09,4432.13,0.0,-0.36,43e48e58-aec5-468e-9fb7-db36a6c846a1,2026-09-03 05:15:51.999777+00:00,STOPLOSS,0.09,BUY
S100 M3 Combo Scalper,e54b1bb7-1df6-46d6-aa62-49fbca8807ce,2026-09-03 05:37:05.595839+00:00,XAU_USD,0.0,0.09,4426.87,0.0,0.89,43e48e58-aec5-468e-9fb7-db36a6c846a1,2026-09-03 05:50:22.389282+00:00,TARGET,0.09,BUY
S99 MSS FVG Reversal,cf4d4034-126f-41d3-b388-307a675f32c0,2026-09-03 06:36:08.983750+00:00,XAU_USD,0.0,0.0,0.0,4424.33,-0.21,43e48e58-aec5-468e-9fb7-db36a6c846a1,2026-09-03 06:45:17.369813+00:00,STOPLOSS,0.1,SELL
S100 M3 Combo Scalper,305a0db2-8039-425f-88d6-dbfbbce6add1,2026-09-03 06:48:25.353838+00:00,XAU_USD,0.0,0.09,4427.52,0.0,-0.39,43e48e58-aec5-468e-9fb7-db36a6c846a1,2026-09-03 06:53:14.987619+00:00,STOPLOSS,0.09,BUY
S100 M3 Combo Scalper,0d21efda-3421-4aa3-964e-c3ef6801e4a4,2026-09-03 07:09:03.339443+00:00,XAU_USD,0.0,0.1,4424.7,0.0,-0.2,43e48e58-aec5-468e-9fb7-db36a6c846a1,2026-09-03 07:13:32.115641+00:00,STOPLOSS,0.1,BUY
S99 MSS FVG Reversal,533ee503-8efd-4cb3-be3d-86b88bf0e594,2026-09-03 08:11:08.021715+00:00,XAU_USD,0.0,0.06,4434.26,0.0,-0.31,43e48e58-aec5-468e-9fb7-db36a6c846a1,2026-09-03 09:45:32.260498+00:00,STOPLOSS,0.06,BUY
S100 M3 Combo Scalper,fd64e241-ae25-4036-a1cd-bdaa4639a73a,2026-09-03 08:52:07.601848+00:00,XAU_USD,0.0,0.1,4434.98,0.0,-0.11,43e48e58-aec5-468e-9fb7-db36a6c846a1,2026-09-03 09:21:31.970351+00:00,STOPLOSS,0.1,BUY
S99 MSS FVG Reversal,9cd8c192-714d-40c6-b972-310dd053f101,2026-09-03 09:51:06.958189+00:00,XAU_USD,0.0,0.0,0.0,4430.16,0.23,43e48e58-aec5-468e-9fb7-db36a6c846a1,2026-09-03 09:52:07.638739+00:00,TARGET,0.1,SELL
S100 M3 Combo Scalper,a2d1e9e7-9302-4f96-8c15-d5636235c142,2026-09-04 01:31:07.457720+00:00,XAU_USD,0.0,0.0,0.0,4471.7,-0.36,43e48e58-aec5-468e-9fb7-db36a6c846a1,2026-09-04 01:37:31.655959+00:00,STOPLOSS,0.07,SELL
S100 M3 Combo Scalper,1038838e-9e85-4f7d-8d36-08d1625831b0,2026-09-04 02:25:05.011495+00:00,XAU_USD,0.0,0.0,0.0,4476.99,0.45,43e48e58-aec5-468e-9fb7-db36a6c846a1,2026-09-04 02:28:23.682782+00:00,TARGET,0.1,SELL
S100 M3 Combo Scalper,86b62d6b-e6af-4559-bcd2-d809d82f0933,2026-09-04 02:33:05.454526+00:00,XAU_USD,0.0,0.0,0.0,4472.62,-0.39,43e48e58-aec5-468e-9fb7-db36a6c846a1,2026-09-04 02:39:37.269306+00:00,STOPLOSS,0.1,SELL
S100 M3 Combo Scalper,ba84777d-51f9-42e3-9b83-0c0dee3ef1ac,2026-09-04 05:59:04.838655+00:00,XAU_USD,0.0,0.0,0.0,4471.26,-0.2,43e48e58-aec5-468e-9fb7-db36a6c846a1,2026-09-04 06:01:33.606007+00:00,STOPLOSS,0.1,SELL
S99 MSS FVG Reversal,4110f3ac-dfa9-4792-a834-6b151133902d,2026-09-04 06:42:06.038296+00:00,XAU_USD,0.0,0.0,0.0,4467.85,0.45,43e48e58-aec5-468e-9fb7-db36a6c846a1,2026-09-04 06:45:23.539985+00:00,TARGET,0.1,SELL
S99 MSS FVG Reversal,318a9132-5338-4297-9a54-e73a9a322123,2026-09-04 13:16:07.173340+00:00,XAU_USD,0.0,0.0,0.0,4395.89,-0.29,43e48e58-aec5-468e-9fb7-db36a6c846a1,2026-09-04 13:16:16.902541+00:00,STOPLOSS,0.09,SELL
S100 M3 Combo Scalper,5d15a0b7-4ce0-475a-b9d7-1d8c98fe6913,2026-09-04 13:16:08.674524+00:00,XAU_USD,0.0,0.0,0.0,4395.38,-0.36,43e48e58-aec5-468e-9fb7-db36a6c846a1,2026-09-04 13:25:56.536320+00:00,STOPLOSS,0.03,SELL
S100 M3 Combo Scalper,784a47cf-4e50-4219-a073-811f49232db9,2026-09-04 14:06:09.128213+00:00,XAU_USD,0.0,0.0,0.0,4421.02,-0.4,43e48e58-aec5-468e-9fb7-db36a6c846a1,2026-09-04 14:09:07.305536+00:00,STOPLOSS,0.07,SELL
S100 M3 Combo Scalper,c6a048c4-9518-4591-b855-36fa59c6a62b,2026-09-07 01:06:07.187589+00:00,XAU_USD,0.0,0.0,0.0,4409.59,0.86,43e48e58-aec5-468e-9fb7-db36a6c846a1,2026-09-07 01:13:04.087455+00:00,TARGET,0.08,SELL
S100 M3 Combo Scalper,1d8ba733-24b6-4916-b946-9058c775f8cc,2026-09-07 01:40:04.108302+00:00,XAU_USD,0.0,0.0,0.0,4413.09,-0.21,43e48e58-aec5-468e-9fb7-db36a6c846a1,2026-09-07 01:52:23.430585+00:00,STOPLOSS,0.1,SELL
S100 M3 Combo Scalper,237d8b96-dc27-4d01-93d6-d45da5cb2135,2026-09-07 03:05:04.046969+00:00,XAU_USD,0.0,0.0,0.0,4409.26,0.5,43e48e58-aec5-468e-9fb7-db36a6c846a1,2026-09-07 03:42:19.682942+00:00,TARGET,0.1,SELL
S100 M3 Combo Scalper,8fb0ab17-1fb7-45a4-8815-7f57f0586d79,2026-09-07 04:28:04.973874+00:00,XAU_USD,0.0,0.0,0.0,4402.15,0.42,43e48e58-aec5-468e-9fb7-db36a6c846a1,2026-09-07 04:34:31.311456+00:00,TARGET,0.1,SELL
S100 M3 Combo Scalper,573d126a-31c4-4088-b812-4116022f418a,2026-09-07 04:44:05.467796+00:00,XAU_USD,0.0,0.0,0.0,4397.04,-0.31,43e48e58-aec5-468e-9fb7-db36a6c846a1,2026-09-07 05:01:46.202002+00:00,STOPLOSS,0.1,SELL
S99 MSS FVG Reversal,5c1f7a36-3008-4ea9-ad14-e852137d840c,2026-09-07 06:12:02.641650+00:00,XAU_USD,0.0,0.0,0.0,4391.92,-0.22,43e48e58-aec5-468e-9fb7-db36a6c846a1,2026-09-07 06:17:16.744387+00:00,STOPLOSS,0.09,SELL
S100 M3 Combo Scalper,f77fa32a-c11d-4779-80d0-4e7bc65a2af4,2026-09-07 07:01:08.976666+00:00,XAU_USD,0.0,0.0,0.0,4394.21,-0.27,43e48e58-aec5-468e-9fb7-db36a6c846a1,2026-09-07 07:03:04.194674+00:00,STOPLOSS,0.1,SELL
S100 M3 Combo Scalper,927359e1-56d0-4133-9a9c-45c2e5758bac,2026-09-07 07:36:04.184563+00:00,XAU_USD,0.0,0.0,0.0,4397.71,-0.22,43e48e58-aec5-468e-9fb7-db36a6c846a1,2026-09-07 07:52:14.047684+00:00,STOPLOSS,0.1,SELL
S99 MSS FVG Reversal,ebd9afb4-a07c-439f-8778-8c6158282ffe,2026-09-07 11:06:05.086098+00:00,XAU_USD,0.0,0.0,0.0,4393.6,-0.16,43e48e58-aec5-468e-9fb7-db36a6c846a1,2026-09-07 11:23:31.347395+00:00,TARGET,0.1,SELL
S100 M3 Combo Scalper,7d9cf4d5-436f-42be-bfb3-85dedfa05a01,2026-09-07 13:49:04.238992+00:00,XAU_USD,0.0,0.1,4404.98,0.0,-0.27,43e48e58-aec5-468e-9fb7-db36a6c846a1,2026-09-07 13:58:14.993980+00:00,STOPLOSS,0.1,BUY
S99 MSS FVG Reversal,b72e184e-b0e9-4219-8376-de34b3593a97,2026-09-07 14:25:06.830735+00:00,XAU_USD,0.0,0.1,4407.28,0.0,0.08,43e48e58-aec5-468e-9fb7-db36a6c846a1,2026-09-07 14:25:24.312809+00:00,TARGET,0.1,BUY
S100 M3 Combo Scalper,eab3c243-5286-44e8-99d8-0d873ce89d31,2026-09-07 15:27:04.661935+00:00,XAU_USD,0.0,0.1,4412.35,0.0,-0.21,43e48e58-aec5-468e-9fb7-db36a6c846a1,2026-09-07 15:41:59.322837+00:00,STOPLOSS,0.1,BUY
S100 M3 Combo Scalper,06f4eff7-26dc-418f-966d-4ab7796523e0,2026-09-08 01:52:05.749906+00:00,XAU_USD,0.0,0.1,4436.92,0.0,-0.22,43e48e58-aec5-468e-9fb7-db36a6c846a1,2026-09-08 02:03:22.440662+00:00,STOPLOSS,0.1,BUY
S100 M3 Combo Scalper,972d450a-d83a-4314-8965-e175badedb0a,2026-09-08 03:26:07.066830+00:00,XAU_USD,0.0,0.08,4434.61,0.0,-0.07,43e48e58-aec5-468e-9fb7-db36a6c846a1,2026-09-08 04:38:08.512536+00:00,TIME_EXIT,0.08,BUY
S100 M3 Combo Scalper,f92b9560-89aa-4827-97d2-f96c0d6ef96a,2026-09-08 05:03:07.177550+00:00,XAU_USD,0.0,0.1,4437.68,0.0,-0.26,43e48e58-aec5-468e-9fb7-db36a6c846a1,2026-09-08 05:04:32.229186+00:00,STOPLOSS,0.1,BUY
S100 M3 Combo Scalper,7b6f78f3-6d18-489e-8fbc-9d156c9d8a0b,2026-09-08 05:44:02.702882+00:00,XAU_USD,0.0,0.1,4425.7,0.0,-0.28,43e48e58-aec5-468e-9fb7-db36a6c846a1,2026-09-08 05:50:56.324228+00:00,STOPLOSS,0.1,BUY
S99 MSS FVG Reversal,3100972a-8bed-4a46-aa8c-7078c1714b89,2026-09-08 06:41:07.279763+00:00,XAU_USD,0.0,0.0,0.0,4405.46,0.47,43e48e58-aec5-468e-9fb7-db36a6c846a1,2026-09-08 07:23:22.414038+00:00,TARGET,0.1,SELL
S100 M3 Combo Scalper,a65517ff-3d55-40e5-9aa8-de61c14778c2,2026-09-08 07:20:05.264856+00:00,XAU_USD,0.0,0.0,0.0,4403.4,0.88,43e48e58-aec5-468e-9fb7-db36a6c846a1,2026-09-08 07:39:34.799759+00:00,TARGET,0.09,SELL
S99 MSS FVG Reversal,9f24d757-2086-4f3c-a496-cfd1ba0fc355,2026-09-08 10:03:06.445614+00:00,XAU_USD,0.0,0.08,4399.84,0.0,-0.26,43e48e58-aec5-468e-9fb7-db36a6c846a1,2026-09-08 10:07:03.209889+00:00,STOPLOSS,0.08,BUY
S99 MSS FVG Reversal,2af06a8d-52e7-496a-8fc5-7315213a872e,2026-09-08 11:45:06.716663+00:00,XAU_USD,0.0,0.1,4403.79,0.0,-0.18,43e48e58-aec5-468e-9fb7-db36a6c846a1,2026-09-08 11:47:25.146597+00:00,STOPLOSS,0.1,BUY
S99 MSS FVG Reversal,8077c7cc-7a02-44a9-ba0d-28e5e4cdd8cc,2026-09-08 12:21:09.675305+00:00,XAU_USD,0.0,0.0,0.0,4394.57,-0.25,43e48e58-aec5-468e-9fb7-db36a6c846a1,2026-09-08 12:30:02.785323+00:00,STOPLOSS,0.03,SELL
S99 MSS FVG Reversal,1def2776-9153-469c-ba81-bc9aad15f76a,2026-09-08 13:03:18.426771+00:00,XAU_USD,0.0,0.1,4403.84,0.0,0.23,43e48e58-aec5-468e-9fb7-db36a6c846a1,2026-09-08 13:05:11.606141+00:00,TARGET,0.1,BUY
S100 M3 Combo Scalper,0e1caf9a-1c51-4674-8b9f-c00781f347d9,2026-09-08 13:36:08.591549+00:00,XAU_USD,0.0,0.0,0.0,4398.27,-0.31,43e48e58-aec5-468e-9fb7-db36a6c846a1,2026-09-08 13:55:00.397085+00:00,STOPLOSS,0.06,SELL
S100 M3 Combo Scalper,88edd50c-2fc1-4411-843c-784d4738db3e,2026-09-08 14:01:10.310331+00:00,XAU_USD,0.0,0.0,0.0,4400.15,-0.26,43e48e58-aec5-468e-9fb7-db36a6c846a1,2026-09-08 15:03:56.133816+00:00,STOPLOSS,0.04,SELL
S100 M3 Combo Scalper,2d53f20a-ae30-42b4-85bf-2d03f8143a4c,2026-09-09 03:03:03.965003+00:00,XAU_USD,0.0,0.1,4379.67,0.0,-0.17,43e48e58-aec5-468e-9fb7-db36a6c846a1,2026-09-09 03:15:46.876546+00:00,STOPLOSS,0.1,BUY
S100 M3 Combo Scalper,2aeeed4e-94f5-488b-8c97-b581bfdfd144,2026-09-09 04:41:05.190059+00:00,XAU_USD,0.0,0.1,4377.72,0.0,0.42,43e48e58-aec5-468e-9fb7-db36a6c846a1,2026-09-09 04:56:57.426864+00:00,TARGET,0.1,BUY
S100 M3 Combo Scalper,ded11c0a-4886-4e37-9b52-55c4f9e6a616,2026-09-09 06:09:07.283030+00:00,XAU_USD,0.0,0.1,4400.49,0.0,-0.23,43e48e58-aec5-468e-9fb7-db36a6c846a1,2026-09-09 06:21:52.435474+00:00,STOPLOSS,0.1,BUY
S100 M3 Combo Scalper,040e1742-acf8-4a46-8694-df8219406e8c,2026-09-09 06:41:05.064743+00:00,XAU_USD,0.0,0.1,4402.11,0.0,-0.16,43e48e58-aec5-468e-9fb7-db36a6c846a1,2026-09-09 06:43:11.514617+00:00,STOPLOSS,0.1,BUY
S100 M3 Combo Scalper,8b69b149-5939-439f-b0ab-062f06db81e5,2026-09-09 07:42:08.468711+00:00,XAU_USD,0.0,0.1,4410.25,0.0,-0.31,43e48e58-aec5-468e-9fb7-db36a6c846a1,2026-09-09 08:03:17.226520+00:00,STOPLOSS,0.1,BUY
S100 M3 Combo Scalper,ca33491e-1f74-4656-8025-b94d2d6796ec,2026-09-09 08:58:03.555652+00:00,XAU_USD,0.0,0.1,4400.97,0.0,-0.13,43e48e58-aec5-468e-9fb7-db36a6c846a1,2026-09-09 09:05:38.224859+00:00,STOPLOSS,0.1,BUY
S99 MSS FVG Reversal,a8265361-e571-49bc-93b2-ad29aed4c39a,2026-09-09 10:01:03.822307+00:00,XAU_USD,0.0,0.0,0.0,4390.87,-0.37,43e48e58-aec5-468e-9fb7-db36a6c846a1,2026-09-09 10:19:55.067797+00:00,STOPLOSS,0.1,SELL
S100 M3 Combo Scalper,7acf680a-5115-41c2-8662-495ce9c31ded,2026-09-10 02:12:07.102945+00:00,XAU_USD,0.0,0.1,4414.22,0.0,-0.24,43e48e58-aec5-468e-9fb7-db36a6c846a1,2026-09-10 02:16:01.744624+00:00,STOPLOSS,0.1,BUY
S100 M3 Combo Scalper,1db1425c-8004-4f42-93f2-6dd333318bae,2026-09-10 02:54:05.095004+00:00,XAU_USD,0.0,0.09,4420.29,0.0,-0.35,43e48e58-aec5-468e-9fb7-db36a6c846a1,2026-09-10 03:03:34.470361+00:00,STOPLOSS,0.09,BUY
S100 M3 Combo Scalper,b1ef0e5a-9b21-41b5-92c6-994d3a9bff72,2026-09-10 05:39:05.669633+00:00,XAU_USD,0.0,0.09,4424.58,0.0,0.92,43e48e58-aec5-468e-9fb7-db36a6c846a1,2026-09-10 06:12:45.143855+00:00,STOPLOSS,0.09,BUY
S100 M3 Combo Scalper,62802c42-a005-4d0f-b4b0-e810f07920cc,2026-09-10 06:49:05.399891+00:00,XAU_USD,0.0,0.1,4424.56,0.0,-0.34,43e48e58-aec5-468e-9fb7-db36a6c846a1,2026-09-10 07:01:16.524619+00:00,STOPLOSS,0.1,BUY
S100 M3 Combo Scalper,20224af3-f37f-4d22-b029-68150c79cb09,2026-09-10 08:52:06.241868+00:00,XAU_USD,0.0,0.0,0.0,4397.91,0.67,43e48e58-aec5-468e-9fb7-db36a6c846a1,2026-09-10 09:09:51.427215+00:00,TARGET,0.1,SELL
S99 MSS FVG Reversal,a69344fd-9e01-444a-99cf-9a2bb3e0cb9c,2026-09-10 08:52:07.178999+00:00,XAU_USD,0.0,0.0,0.0,4397.96,0.55,43e48e58-aec5-468e-9fb7-db36a6c846a1,2026-09-10 09:06:09.054300+00:00,TARGET,0.1,SELL
S99 MSS FVG Reversal,50e26fdb-1f05-4717-9a35-fe2e517c4fb7,2026-09-10 10:43:04.809071+00:00,XAU_USD,0.0,0.0,0.0,4386.45,0.58,43e48e58-aec5-468e-9fb7-db36a6c846a1,2026-09-10 12:03:36.756456+00:00,TARGET,0.04,SELL
S100 M3 Combo Scalper,8520bd3d-5041-4241-94fc-fcbf18b941a6,2026-09-10 14:12:06.317537+00:00,XAU_USD,0.0,0.0,0.0,4365.79,-0.34,43e48e58-aec5-468e-9fb7-db36a6c846a1,2026-09-10 14:25:21.118058+00:00,STOPLOSS,0.04,SELL
S99 MSS FVG Reversal,5046b8db-4d16-482b-8579-e69f91a65d0c,2026-09-10 14:15:06.700785+00:00,XAU_USD,0.0,0.08,4359.35,0.0,-0.33,43e48e58-aec5-468e-9fb7-db36a6c846a1,2026-09-10 14:17:57.030476+00:00,STOPLOSS,0.08,BUY
S100 M3 Combo Scalper,8af8523e-cacd-432d-a326-c85a18618e1f,2026-09-10 14:50:07.522552+00:00,XAU_USD,0.0,0.0,0.0,4358.61,-0.36,43e48e58-aec5-468e-9fb7-db36a6c846a1,2026-09-10 15:17:54.920453+00:00,STOPLOSS,0.06,SELL
S100 M3 Combo Scalper,d409e758-10cd-4dfb-bbd3-6988c78ee42b,2026-09-10 15:49:04.394326+00:00,XAU_USD,0.0,0.0,0.0,4362.98,-0.03,43e48e58-aec5-468e-9fb7-db36a6c846a1,2026-09-10 17:01:06.041067+00:00,TIME_EXIT,0.04,SELL
S100 M3 Combo Scalper,a91cae21-4785-412e-b6f2-c8a8d7e03ce8,2026-09-11 01:16:07.496287+00:00,XAU_USD,0.0,0.0,0.0,4335.08,0.59,43e48e58-aec5-468e-9fb7-db36a6c846a1,2026-09-11 02:28:08.298173+00:00,TIME_EXIT,0.06,SELL
S100 M3 Combo Scalper,50294669-6f18-47c2-ab47-57a0997a87bf,2026-09-11 02:39:10.645596+00:00,XAU_USD,0.0,0.0,0.0,4321.14,-0.33,43e48e58-aec5-468e-9fb7-db36a6c846a1,2026-09-11 02:41:37.906137+00:00,STOPLOSS,0.1,SELL
S100 M3 Combo Scalper,9eb152db-6efb-40d5-b666-f1e1c8a81868,2026-09-11 03:28:08.558102+00:00,XAU_USD,0.0,0.0,0.0,4308.95,-0.39,43e48e58-aec5-468e-9fb7-db36a6c846a1,2026-09-11 04:08:37.863780+00:00,STOPLOSS,0.06,SELL
S100 M3 Combo Scalper,ff195fab-4339-4524-a194-c20fdf83d52c,2026-09-11 05:59:17.222903+00:00,XAU_USD,0.0,0.1,4346.28,0.0,0.62,43e48e58-aec5-468e-9fb7-db36a6c846a1,2026-09-11 06:02:13.436358+00:00,TARGET,0.1,BUY
S100 M3 Combo Scalper,529659c1-1712-4b8a-bebd-3f5fee9d0b11,2026-09-11 06:18:05.146670+00:00,XAU_USD,0.0,0.1,4357.63,0.0,-0.29,43e48e58-aec5-468e-9fb7-db36a6c846a1,2026-09-11 06:21:45.371167+00:00,STOPLOSS,0.1,BUY
S100 M3 Combo Scalper,71a738b6-ba84-409b-9d89-07c7ef4fd2e3,2026-09-11 06:43:08.779511+00:00,XAU_USD,0.0,0.1,4351.01,0.0,-0.28,43e48e58-aec5-468e-9fb7-db36a6c846a1,2026-09-11 07:23:11.551685+00:00,STOPLOSS,0.1,BUY
S100 M3 Combo Scalper,37d35662-d646-42cf-af81-d7a59727e428,2026-09-11 08:56:08.290945+00:00,XAU_USD,0.0,0.07,4348.61,0.0,-0.32,43e48e58-aec5-468e-9fb7-db36a6c846a1,2026-09-11 09:10:27.719286+00:00,STOPLOSS,0.07,BUY
S99 MSS FVG Reversal,c17f61ac-6901-4827-9d54-0a57907590d1,2026-09-11 11:45:05.434459+00:00,XAU_USD,0.0,0.0,0.0,4334.55,0.46,43e48e58-aec5-468e-9fb7-db36a6c846a1,2026-09-11 12:04:04.495135+00:00,TARGET,0.1,SELL
S99 MSS FVG Reversal,bbc24703-e020-42ea-a9bc-a909e9e64740,2026-09-11 12:12:05.051105+00:00,XAU_USD,0.0,0.0,0.0,4330.16,-0.17,43e48e58-aec5-468e-9fb7-db36a6c846a1,2026-09-11 12:12:20.458588+00:00,STOPLOSS,0.1,SELL
S100 M3 Combo Scalper,bbce419d-8ea8-4282-b1b0-3ab1acfc6e05,2026-09-11 13:49:12.008067+00:00,XAU_USD,0.0,0.03,4393.54,0.0,-0.29,43e48e58-aec5-468e-9fb7-db36a6c846a1,2026-09-11 14:02:04.299500+00:00,STOPLOSS,0.03,BUY
S100 M3 Combo Scalper,4ce2a44e-7532-46ff-951f-7639427655c5,2026-09-11 15:00:09.761872+00:00,XAU_USD,0.0,0.05,4370.42,0.0,-0.28,43e48e58-aec5-468e-9fb7-db36a6c846a1,2026-09-11 15:08:06.703425+00:00,STOPLOSS,0.05,BUY
S99 MSS FVG Reversal,476161ad-7a25-4afe-8cf3-997ebf9b8464,2026-09-11 15:16:06.448541+00:00,XAU_USD,0.0,0.0,0.0,4363.07,-0.46,43e48e58-aec5-468e-9fb7-db36a6c846a1,2026-09-11 15:27:09.216947+00:00,STOPLOSS,0.09,SELL
S100 M3 Combo Scalper,e14b4eca-c6fb-4ea3-b327-9183909e4971,2026-09-14 02:51:07.551197+00:00,XAU_USD,0.0,0.0,0.0,4343.7,0.84,43e48e58-aec5-468e-9fb7-db36a6c846a1,2026-09-14 02:56:47.219965+00:00,TARGET,0.1,SELL
S100 M3 Combo Scalper,20db8b33-8962-4ae9-8043-62a6e4ca718b,2026-09-14 03:04:04.522028+00:00,XAU_USD,0.0,0.0,0.0,4332.52,-0.33,43e48e58-aec5-468e-9fb7-db36a6c846a1,2026-09-14 03:09:45.476955+00:00,STOPLOSS,0.1,SELL
S100 M3 Combo Scalper,c9b2aa7f-3375-48bb-9d39-3d9938eb3faa,2026-09-14 03:44:05.729401+00:00,XAU_USD,0.0,0.0,0.0,4328.83,-0.4,43e48e58-aec5-468e-9fb7-db36a6c846a1,2026-09-14 03:49:23.093064+00:00,STOPLOSS,0.1,SELL
S100 M3 Combo Scalper,e49c8dba-7d2d-4925-a43f-8a698ebde00e,2026-09-14 05:51:06.751636+00:00,XAU_USD,0.0,0.0,0.0,4327.68,-0.35,43e48e58-aec5-468e-9fb7-db36a6c846a1,2026-09-14 05:53:24.174580+00:00,STOPLOSS,0.08,SELL
S100 M3 Combo Scalper,0c3646af-39f1-4661-9d54-df2eef4cdc5c,2026-09-14 06:18:04.681463+00:00,XAU_USD,0.0,0.0,0.0,4328.99,0.9,43e48e58-aec5-468e-9fb7-db36a6c846a1,2026-09-14 07:29:46.657576+00:00,TARGET,0.08,SELL
S100 M3 Combo Scalper,25921b27-41ef-4608-86ac-9472548ac70a,2026-09-14 07:46:04.662067+00:00,XAU_USD,0.0,0.0,0.0,4319.86,0.39,43e48e58-aec5-468e-9fb7-db36a6c846a1,2026-09-14 07:51:03.584597+00:00,TARGET,0.1,SELL
S100 M3 Combo Scalper,39cbae4c-9198-42f4-bdff-489bed00b311,2026-09-14 08:02:05.752869+00:00,XAU_USD,0.0,0.0,0.0,4313.4,-0.3,43e48e58-aec5-468e-9fb7-db36a6c846a1,2026-09-14 08:04:29.687807+00:00,STOPLOSS,0.09,SELL
S99 MSS FVG Reversal,09a06bc8-4ece-4309-b7fa-c016604b9719,2026-09-14 08:02:06.949488+00:00,XAU_USD,0.0,0.0,0.0,4313.39,-0.32,43e48e58-aec5-468e-9fb7-db36a6c846a1,2026-09-14 08:05:45.585399+00:00,STOPLOSS,0.09,SELL
S99 MSS FVG Reversal,d972f857-96d9-40a5-a4cd-9c5ef39da39f,2026-09-14 10:40:04.893484+00:00,XAU_USD,0.0,0.0,0.0,4293.28,0.38,43e48e58-aec5-468e-9fb7-db36a6c846a1,2026-09-14 12:36:30.748883+00:00,TARGET,0.02,SELL
S100 M3 Combo Scalper,ba606396-3547-4579-b7e2-d30cf5295445,2026-09-14 13:14:07.806967+00:00,XAU_USD,0.0,0.0,0.0,4266.65,-0.36,43e48e58-aec5-468e-9fb7-db36a6c846a1,2026-09-14 13:19:48.159751+00:00,STOPLOSS,0.06,SELL
S100 M3 Combo Scalper,7d6fae4d-34e3-4b7d-9bde-f47536ab0452,2026-09-14 14:29:07.409046+00:00,XAU_USD,0.0,0.0,0.0,4268.4,-0.38,43e48e58-aec5-468e-9fb7-db36a6c846a1,2026-09-14 14:44:13.573516+00:00,STOPLOSS,0.07,SELL
S99 MSS FVG Reversal,f3357948-7744-4311-86ac-d239b00a7a50,2026-09-14 15:50:13.090651+00:00,XAU_USD,0.0,0.06,4288.77,0.0,0.62,43e48e58-aec5-468e-9fb7-db36a6c846a1,2026-09-14 16:19:50.761011+00:00,TARGET,0.06,BUY
S100 M3 Combo Scalper,f5bf1cc2-a18c-4fde-98db-4b7270113ac8,2026-09-15 01:35:11.611707+00:00,XAU_USD,0.0,0.1,4301.77,0.0,-0.11,43e48e58-aec5-468e-9fb7-db36a6c846a1,2026-09-15 01:36:40.050533+00:00,STOPLOSS,0.1,BUY
S100 M3 Combo Scalper,fb667d2e-814a-4f07-b40d-007fb880b502,2026-09-15 02:43:07.559449+00:00,XAU_USD,0.0,0.1,4313.53,0.0,-0.17,43e48e58-aec5-468e-9fb7-db36a6c846a1,2026-09-15 02:44:24.273726+00:00,STOPLOSS,0.1,BUY
S100 M3 Combo Scalper,4221881a-ea64-4417-83fa-08c34993ebb5,2026-09-15 04:18:06.701296+00:00,XAU_USD,0.0,0.1,4305.31,0.0,-0.09,43e48e58-aec5-468e-9fb7-db36a6c846a1,2026-09-15 04:19:09.138766+00:00,STOPLOSS,0.1,BUY
S100 M3 Combo Scalper,7941d6cc-d1b4-4f77-9715-1ec723f50213,2026-09-15 04:46:05.152564+00:00,XAU_USD,0.0,0.1,4305.0,0.0,-0.24,43e48e58-aec5-468e-9fb7-db36a6c846a1,2026-09-15 05:06:21.774551+00:00,STOPLOSS,0.1,BUY
S100 M3 Combo Scalper,2c535984-b82e-4150-a284-28ef0149f466,2026-09-15 05:41:04.591424+00:00,XAU_USD,0.0,0.0,0.0,4295.78,-0.15,43e48e58-aec5-468e-9fb7-db36a6c846a1,2026-09-15 05:44:30.739685+00:00,STOPLOSS,0.1,SELL
S100 M3 Combo Scalper,4859d8bf-3378-4988-9e7a-2976d3b50164,2026-09-15 06:10:08.832331+00:00,XAU_USD,0.0,0.0,0.0,4289.42,-0.23,43e48e58-aec5-468e-9fb7-db36a6c846a1,2026-09-15 06:17:11.607078+00:00,STOPLOSS,0.1,SELL
S100 M3 Combo Scalper,0ea53a36-d802-4054-aaf4-290448d2b6f3,2026-09-15 06:36:06.115853+00:00,XAU_USD,0.0,0.0,0.0,4287.87,-0.25,43e48e58-aec5-468e-9fb7-db36a6c846a1,2026-09-15 06:39:25.808302+00:00,STOPLOSS,0.1,SELL
S100 M3 Combo Scalper,d7345dfb-1a7b-4f4a-bb17-8f11451c93f6,2026-09-16 02:03:05.828348+00:00,XAU_USD,0.0,0.0,0.0,4286.72,-0.15,43e48e58-aec5-468e-9fb7-db36a6c846a1,2026-09-16 02:09:33.164556+00:00,STOPLOSS,0.1,SELL
S100 M3 Combo Scalper,5c5de662-9736-41a4-af0b-5dda251be5ab,2026-09-16 03:20:08.357450+00:00,XAU_USD,0.0,0.06,4336.78,0.0,-0.4,43e48e58-aec5-468e-9fb7-db36a6c846a1,2026-09-16 03:31:37.128729+00:00,STOPLOSS,0.06,BUY
S100 M3 Combo Scalper,2290d8e7-8261-4586-9de2-3f4b021b2d23,2026-09-16 07:43:06.432608+00:00,XAU_USD,0.0,0.1,4335.89,0.0,-0.25,43e48e58-aec5-468e-9fb7-db36a6c846a1,2026-09-16 07:50:36.762156+00:00,STOPLOSS,0.1,BUY
S100 M3 Combo Scalper,c0ccda41-012f-46da-89ee-c5c180cfc0f0,2026-09-16 08:32:06.873541+00:00,XAU_USD,0.0,0.1,4329.89,0.0,-0.25,43e48e58-aec5-468e-9fb7-db36a6c846a1,2026-09-16 08:34:16.574994+00:00,STOPLOSS,0.1,BUY
S100 M3 Combo Scalper,1470447c-32d1-40e5-9545-651e7b5459f3,2026-09-16 14:32:07.621525+00:00,XAU_USD,0.0,0.1,4335.33,0.0,0.96,43e48e58-aec5-468e-9fb7-db36a6c846a1,2026-09-16 14:44:38.542420+00:00,TARGET,0.1,BUY
S100 M3 Combo Scalper,b246c9a9-6177-4bf0-b263-d17fc3dfd2ec,2026-09-16 15:05:06.973645+00:00,XAU_USD,0.0,0.1,4351.21,0.0,-0.29,43e48e58-aec5-468e-9fb7-db36a6c846a1,2026-09-16 15:25:27.028591+00:00,STOPLOSS,0.1,BUY
S100 M3 Combo Scalper,4a1a785a-79db-414e-a76e-417736296488,2026-09-17 01:58:06.378773+00:00,XAU_USD,0.0,0.1,4300.61,0.0,-0.31,43e48e58-aec5-468e-9fb7-db36a6c846a1,2026-09-17 02:04:39.734727+00:00,STOPLOSS,0.1,BUY
S100 M3 Combo Scalper,87993731-d973-433f-acb7-45e90b0073b5,2026-09-17 02:36:03.770734+00:00,XAU_USD,0.0,0.0,0.0,4285.51,-0.42,43e48e58-aec5-468e-9fb7-db36a6c846a1,2026-09-17 02:43:31.676260+00:00,STOPLOSS,0.08,SELL
S100 M3 Combo Scalper,0588e8b4-b6ed-4d3b-8de4-0ce8db494772,2026-09-17 02:58:05.400038+00:00,XAU_USD,0.0,0.0,0.0,4280.04,-0.27,43e48e58-aec5-468e-9fb7-db36a6c846a1,2026-09-17 03:04:29.955202+00:00,STOPLOSS,0.09,SELL
S100 M3 Combo Scalper,70f325da-4bae-4384-98c3-132f8b7d0cc1,2026-09-17 05:30:05.774019+00:00,XAU_USD,0.0,0.0,0.0,4286.98,-0.23,43e48e58-aec5-468e-9fb7-db36a6c846a1,2026-09-17 05:30:32.159909+00:00,STOPLOSS,0.1,SELL
S99 MSS FVG Reversal,5e4e2a3a-403a-4f74-a958-010afd58c1d0,2026-09-17 11:19:07.395465+00:00,XAU_USD,0.0,0.08,4329.36,0.0,-0.41,43e48e58-aec5-468e-9fb7-db36a6c846a1,2026-09-17 11:38:12.593975+00:00,STOPLOSS,0.08,BUY
S100 M3 Combo Scalper,1380afa7-a62e-41a9-b8f7-ce000a4a4af8,2026-09-18 01:11:05.680748+00:00,XAU_USD,0.0,0.1,4360.59,0.0,-0.37,43e48e58-aec5-468e-9fb7-db36a6c846a1,2026-09-18 01:15:59.457558+00:00,STOPLOSS,0.1,BUY
S100 M3 Combo Scalper,7a6a1b8b-8101-4cd8-8d88-5e1b445db3c9,2026-09-18 02:42:23.362929+00:00,XAU_USD,0.0,0.0,0.0,4352.68,0.65,43e48e58-aec5-468e-9fb7-db36a6c846a1,2026-09-18 02:56:48.122654+00:00,TARGET,0.1,SELL
S100 M3 Combo Scalper,4c29e3db-787c-46da-abbf-17eb9532cecf,2026-09-18 03:28:05.071274+00:00,XAU_USD,0.0,0.0,0.0,4339.17,-0.2,43e48e58-aec5-468e-9fb7-db36a6c846a1,2026-09-18 03:29:47.212612+00:00,STOPLOSS,0.1,SELL
S100 M3 Combo Scalper,7f3b45c1-06ec-4970-8cc2-8f59804f0f08,2026-09-18 04:53:07.436783+00:00,XAU_USD,0.0,0.1,4363.13,0.0,1.04,43e48e58-aec5-468e-9fb7-db36a6c846a1,2026-09-18 05:42:07.351006+00:00,TARGET,0.1,BUY
S100 M3 Combo Scalper,27d4e34f-db7f-4973-a91a-b2a7b696447a,2026-09-18 06:15:06.332427+00:00,XAU_USD,0.0,0.07,4388.86,0.0,-0.33,43e48e58-aec5-468e-9fb7-db36a6c846a1,2026-09-18 06:17:09.984208+00:00,STOPLOSS,0.07,BUY
S99 MSS FVG Reversal,31196bb1-1d63-4938-b5f2-243e1a50fc82,2026-09-18 09:55:07.605532+00:00,XAU_USD,0.0,0.0,0.0,4377.23,-0.36,43e48e58-aec5-468e-9fb7-db36a6c846a1,2026-09-18 10:30:33.505115+00:00,STOPLOSS,0.08,SELL
