entry_time,strategy,side,outcome_1m,outcome_5s,usd_1m,usd_5s,exit_1m,exit_5s,flipped
2026-03-02 01:20:00+00:00,KRONOS_S94_SWEEP_REVERSAL,BUY,SL,SL,-137.99999999999272,-137.99999999999272,5313.1,5313.1,False
2026-03-02 01:58:00+00:00,KRONOS_S100_M3_COMBO,BUY,TIME,TIME,246.05000000000476,238.1500000000051,5352.47,5351.68,False
2026-03-02 03:23:00+00:00,KRONOS_S100_M3_COMBO,BUY,TIME,TIME,-0.2999999999974534,29.799999999995634,5357.68,5360.69,False
2026-03-02 04:58:00+00:00,KRONOS_S100_M3_COMBO,BUY,SL,SL,-35.69999999999709,-35.69999999999709,5353.72,5353.72,False
2026-03-02 06:56:00+00:00,KRONOS_S100_M3_COMBO,BUY,TP,TP,119.49999999999818,119.49999999999818,5399.25,5399.25,False
2026-03-02 07:27:00+00:00,KRONOS_S93_FVG_SCALP,BUY,SL,SL,-87.20000000000255,-87.20000000000255,5405.19,5405.19,False
2026-03-02 07:27:00+00:00,KRONOS_S99_MSS_FVG,BUY,SL,SL,-87.20000000000255,-87.20000000000255,5405.19,5405.19,False
2026-03-02 07:21:00+00:00,KRONOS_S100_M3_COMBO,BUY,SL,SL,-108.90000000000329,-108.90000000000329,5405.36,5405.36,False
2026-03-02 07:51:00+00:00,KRONOS_S100_M3_COMBO,BUY,SL,SL,-36.200000000008004,-36.200000000008004,5403.4,5403.4,False
2026-03-02 08:37:00+00:00,KRONOS_S99_MSS_FVG,BUY,SL,SL,-62.74999999999636,-62.74999999999636,5406.0,5406.0,False
2026-03-02 08:31:00+00:00,KRONOS_S100_M3_COMBO,BUY,SL,SL,-88.75,-88.75,5401.8,5401.8,False
2026-03-03 01:37:00+00:00,KRONOS_S100_M3_COMBO,BUY,TP,TP,39.30000000000291,39.30000000000291,5372.77,5372.77,False
2026-03-03 02:10:00+00:00,KRONOS_S100_M3_COMBO,BUY,TP,TP,25.100000000002183,25.100000000002183,5350.34,5350.34,False
2026-03-03 02:32:00+00:00,KRONOS_S100_M3_COMBO,BUY,TIME,TIME,83.29999999999927,59.4499999999971,5368.845,5366.46,False
2026-03-03 04:24:00+00:00,KRONOS_S100_M3_COMBO,BUY,SL,SL,-56.09999999999673,-56.09999999999673,5364.58,5364.58,False
2026-03-03 05:15:00+00:00,KRONOS_S94_SWEEP_REVERSAL,BUY,SL,SL,-14.149999999999638,-14.149999999999638,5353.53,5353.53,False
2026-03-03 06:00:00+00:00,KRONOS_S99_MSS_FVG,SELL,TP,TP,57.55000000000109,57.55000000000109,5315.86,5315.86,False
2026-03-03 06:18:00+00:00,KRONOS_S100_M3_COMBO,SELL,SL,SL,-36.49999999999636,-36.49999999999636,5307.29,5307.29,False
2026-03-03 06:40:00+00:00,KRONOS_S100_M3_COMBO,SELL,TP,TP,149.89999999999785,149.89999999999785,5296.37,5296.37,False
2026-03-03 08:14:00+00:00,KRONOS_S99_MSS_FVG,BUY,SL,SL,-16.30000000000109,-16.30000000000109,5318.57,5318.57,False
2026-03-03 08:17:00+00:00,KRONOS_S100_M3_COMBO,SELL,SL,SL,-30.550000000002914,-30.550000000002914,5328.13,5328.13,False
2026-03-03 08:27:00+00:00,KRONOS_S100_M3_COMBO,SELL,TP,TP,194.4000000000051,194.4000000000051,5297.65,5297.65,False
2026-03-03 09:01:00+00:00,KRONOS_S99_MSS_FVG,SELL,TP,TP,58.69999999999891,58.69999999999891,5295.93,5295.93,False
2026-03-03 09:37:00+00:00,KRONOS_S93_FVG_SCALP,SELL,SL,SL,-208.1999999999971,-208.1999999999971,5284.58,5284.58,False
2026-03-03 09:37:00+00:00,KRONOS_S99_MSS_FVG,SELL,SL,SL,-208.1999999999971,-208.1999999999971,5284.58,5284.58,False
2026-03-03 11:39:00+00:00,KRONOS_S99_MSS_FVG,SELL,SL,SL,-587.6500000000033,-587.6500000000033,5192.12,5192.12,False
2026-03-04 01:11:00+00:00,KRONOS_S100_M3_COMBO,BUY,SL,SL,-89.70000000000256,-89.70000000000256,5148.53,5148.53,False
2026-03-04 01:30:00+00:00,KRONOS_S100_M3_COMBO,BUY,TP,TP,145.5999999999949,145.5999999999949,5165.41,5165.41,False
2026-03-04 01:54:00+00:00,KRONOS_S100_M3_COMBO,BUY,TP,TP,110.54999999999382,110.54999999999382,5183.19,5183.19,False
2026-03-04 02:16:00+00:00,KRONOS_S100_M3_COMBO,BUY,SL,SL,-50.24999999999636,-50.24999999999636,5175.97,5175.97,False
2026-03-04 02:48:00+00:00,KRONOS_S100_M3_COMBO,BUY,SL,SL,-16.09999999999673,-16.09999999999673,5166.25,5166.25,False
2026-03-04 03:35:00+00:00,KRONOS_S100_M3_COMBO,BUY,SL,SL,-25.150000000003274,-25.150000000003274,5154.25,5154.25,False
2026-03-04 04:02:00+00:00,KRONOS_S100_M3_COMBO,BUY,SL,SL,-58.00000000000182,-58.00000000000182,5167.09,5167.09,False
2026-03-04 05:20:00+00:00,KRONOS_S100_M3_COMBO,BUY,TP,TP,71.44999999999527,71.44999999999527,5166.91,5166.91,False
2026-03-04 05:51:00+00:00,KRONOS_S100_M3_COMBO,BUY,SL,SL,-55.600000000004,-55.600000000004,5158.98,5158.98,False
2026-03-04 06:10:00+00:00,KRONOS_S99_MSS_FVG,SELL,SL,SL,-174.65000000000146,-174.65000000000146,5156.51,5156.51,False
2026-03-04 06:15:00+00:00,KRONOS_S94_SWEEP_REVERSAL,BUY,TP,TP,250.649999999996,250.649999999996,5170.53,5170.53,False
2026-03-04 06:39:00+00:00,KRONOS_S100_M3_COMBO,BUY,TP,TP,243.0500000000029,243.0500000000029,5173.38,5173.38,False
2026-03-04 07:42:00+00:00,KRONOS_S100_M3_COMBO,BUY,SL,SL,-6.050000000004729,-6.050000000004729,5166.15,5166.15,False
2026-03-04 07:55:00+00:00,KRONOS_S100_M3_COMBO,BUY,SL,SL,-17.249999999994543,-17.249999999994543,5168.26,5168.26,False
2026-03-04 07:13:00+00:00,KRONOS_S99_MSS_FVG,BUY,SL,SL,-89.75000000000364,-89.75000000000364,5158.28,5158.28,False
2026-03-04 08:17:00+00:00,KRONOS_S93_FVG_SCALP,SELL,SL,SL,-97.70000000000437,-97.70000000000437,5170.34,5170.34,False
2026-03-04 08:17:00+00:00,KRONOS_S99_MSS_FVG,SELL,SL,SL,-97.70000000000437,-97.70000000000437,5170.34,5170.34,False
2026-03-04 07:15:00+00:00,KRONOS_S94_SWEEP_REVERSAL,SELL,SL,SL,-114.79999999999563,-114.79999999999563,5177.07,5177.07,False
2026-03-04 08:54:00+00:00,KRONOS_S100_M3_COMBO,BUY,SL,SL,-51.700000000000735,-51.700000000000735,5169.93,5169.93,False
2026-03-04 08:54:00+00:00,KRONOS_S93_FVG_SCALP,BUY,SL,SL,-64.60000000000036,-64.60000000000036,5168.64,5168.64,False
2026-03-04 08:54:00+00:00,KRONOS_S99_MSS_FVG,BUY,SL,SL,-64.60000000000036,-64.60000000000036,5168.64,5168.64,False
2026-03-05 01:12:00+00:00,KRONOS_S100_M3_COMBO,BUY,SL,SL,-55.500000000001826,-55.500000000001826,5176.44,5176.44,False
2026-03-05 01:54:00+00:00,KRONOS_S100_M3_COMBO,BUY,SL,SL,-14.849999999996728,-14.849999999996728,5173.27,5173.27,False
2026-03-05 02:30:00+00:00,KRONOS_S94_SWEEP_REVERSAL,SELL,SL,SL,-24.600000000000367,-24.600000000000367,5188.74,5188.74,False
2026-03-05 02:06:00+00:00,KRONOS_S100_M3_COMBO,BUY,TIME,TIME,78.59999999999673,97.89999999999964,5188.065,5189.995,False
2026-03-05 04:10:00+00:00,KRONOS_S100_M3_COMBO,BUY,SL,SL,-44.49999999999819,-44.49999999999819,5179.35,5179.35,False
2026-03-05 06:22:00+00:00,KRONOS_S99_MSS_FVG,SELL,SL,SL,-53.200000000006185,-53.200000000006185,5147.39,5147.39,False
2026-03-05 06:23:00+00:00,KRONOS_S100_M3_COMBO,SELL,SL,SL,-107.5,-107.5,5153.72,5153.72,False
2026-03-06 01:06:00+00:00,KRONOS_S100_M3_COMBO,SELL,SL,SL,-53.400000000001455,-53.400000000001455,5085.43,5085.43,False
2026-03-06 01:11:00+00:00,KRONOS_S94_SWEEP_REVERSAL,BUY,TP,TP,270.4500000000007,270.4500000000007,5104.1,5104.1,False
2026-03-06 02:03:00+00:00,KRONOS_S100_M3_COMBO,BUY,TIME,TIME,-25.249999999996366,-4.949999999998909,5130.96,5132.99,False
2026-03-06 03:17:00+00:00,KRONOS_S100_M3_COMBO,BUY,SL,SL,-55.19999999999528,-55.19999999999528,5130.1,5130.1,False
2026-03-06 04:08:00+00:00,KRONOS_S100_M3_COMBO,BUY,SL,SL,-13.750000000000002,-13.750000000000002,5131.14,5131.14,False
2026-03-06 04:34:00+00:00,KRONOS_S100_M3_COMBO,BUY,SL,SL,-27.700000000004366,-27.700000000004366,5127.25,5127.25,False
2026-03-06 06:30:00+00:00,KRONOS_S100_M3_COMBO,BUY,SL,SL,-54.20000000000073,-54.20000000000073,5115.16,5115.16,False
2026-03-06 07:14:00+00:00,KRONOS_S93_FVG_SCALP,SELL,SL,SL,-50.50000000000182,-50.50000000000182,5116.53,5116.53,False
2026-03-06 07:14:00+00:00,KRONOS_S99_MSS_FVG,SELL,SL,SL,-50.50000000000182,-50.50000000000182,5116.53,5116.53,False
2026-03-06 07:33:00+00:00,KRONOS_S94_SWEEP_REVERSAL,BUY,TP,TP,77.25000000000364,77.25000000000364,5118.59,5118.59,False
2026-03-06 08:46:00+00:00,KRONOS_S93_FVG_SCALP,SELL,SL,SL,-41.05000000000473,-41.05000000000473,5113.92,5113.92,False
2026-03-06 08:46:00+00:00,KRONOS_S99_MSS_FVG,SELL,SL,SL,-41.05000000000473,-41.05000000000473,5113.92,5113.92,False
2026-03-06 11:32:00+00:00,KRONOS_S99_MSS_FVG,BUY,SL,SL,-33.75,-33.75,5089.2,5089.2,False
2026-03-06 13:15:00+00:00,KRONOS_S93_FVG_SCALP,SELL,SL,SL,-74.94999999999892,-74.94999999999892,5083.28,5083.28,False
2026-03-06 13:15:00+00:00,KRONOS_S99_MSS_FVG,SELL,SL,SL,-74.94999999999892,-74.94999999999892,5083.28,5083.28,False
2026-03-06 13:01:00+00:00,KRONOS_S94_SWEEP_REVERSAL,BUY,TP,TP,233.75,233.75,5098.2,5098.2,False
2026-03-08 22:15:00+00:00,KRONOS_S94_SWEEP_REVERSAL,BUY,SL,SL,-299.70000000000255,-299.70000000000255,5115.2,5115.2,False
2026-03-09 02:07:00+00:00,KRONOS_S100_M3_COMBO,SELL,SL,SL,-28.80000000000109,-28.80000000000109,5080.92,5080.92,False
2026-03-09 02:30:00+00:00,KRONOS_S100_M3_COMBO,SELL,SL,SL,-79.74999999999454,-79.74999999999454,5094.48,5094.48,False
2026-03-09 05:03:00+00:00,KRONOS_S100_M3_COMBO,SELL,SL,SL,-21.99999999999818,-21.99999999999818,5091.45,5091.45,False
2026-03-09 05:22:00+00:00,KRONOS_S100_M3_COMBO,SELL,SL,SL,-16.19999999999891,-16.19999999999891,5102.51,5102.51,False
2026-03-09 05:52:00+00:00,KRONOS_S100_M3_COMBO,BUY,SL,SL,-95.15000000000327,-95.15000000000327,5119.4,5119.4,False
2026-03-10 01:30:00+00:00,KRONOS_S100_M3_COMBO,BUY,TP,TP,219.4000000000051,219.4000000000051,5177.72,5177.72,False
2026-03-10 02:03:00+00:00,KRONOS_S100_M3_COMBO,BUY,SL,SL,-54.650000000001455,-54.650000000001455,5175.8,5175.8,False
2026-03-10 03:09:00+00:00,KRONOS_S100_M3_COMBO,BUY,SL,SL,-23.95000000000437,-23.95000000000437,5168.04,5168.04,False
2026-03-10 04:26:00+00:00,KRONOS_S100_M3_COMBO,BUY,TP,TP,36.75000000000182,36.75000000000182,5166.21,5166.21,False
2026-03-10 06:07:00+00:00,KRONOS_S99_MSS_FVG,BUY,TP,TP,24.650000000001455,24.650000000001455,5177.41,5177.41,False
2026-03-10 06:20:00+00:00,KRONOS_S100_M3_COMBO,BUY,SL,SL,-26.80000000000291,-26.80000000000291,5173.69,5173.69,False
2026-03-10 07:06:00+00:00,KRONOS_S100_M3_COMBO,BUY,SL,SL,-50.0,-50.0,5170.42,5170.42,False
2026-03-10 07:29:00+00:00,KRONOS_S93_FVG_SCALP,SELL,SL,SL,-41.19999999999891,-41.19999999999891,5173.3,5173.3,False
2026-03-10 07:29:00+00:00,KRONOS_S99_MSS_FVG,SELL,SL,SL,-41.19999999999891,-41.19999999999891,5173.3,5173.3,False
2026-03-10 08:35:00+00:00,KRONOS_S93_FVG_SCALP,BUY,TP,TP,21.30000000000109,21.30000000000109,5187.32,5187.32,False
2026-03-10 07:44:00+00:00,KRONOS_S100_M3_COMBO,BUY,TP,TP,134.65000000000146,134.65000000000146,5190.07,5190.07,False
2026-03-10 08:53:00+00:00,KRONOS_S100_M3_COMBO,BUY,SL,SL,-57.950000000000735,-57.950000000000735,5184.95,5184.95,False
2026-03-10 10:45:00+00:00,KRONOS_S99_MSS_FVG,SELL,SL,SL,-38.24999999999819,-38.24999999999819,5174.44,5174.44,False
2026-03-10 12:10:00+00:00,KRONOS_S93_FVG_SCALP,SELL,SL,SL,-47.95000000000073,-47.95000000000073,5174.33,5174.33,False
2026-03-10 12:10:00+00:00,KRONOS_S99_MSS_FVG,SELL,SL,SL,-47.95000000000073,-47.95000000000073,5174.33,5174.33,False
2026-03-10 13:06:00+00:00,KRONOS_S100_M3_COMBO,BUY,TP,TP,140.50000000000182,140.50000000000182,5211.93,5211.93,False
2026-03-10 13:29:00+00:00,KRONOS_S100_M3_COMBO,BUY,SL,SL,-76.64999999999964,-76.64999999999964,5214.28,5214.28,False
2026-03-10 13:40:00+00:00,KRONOS_S93_FVG_SCALP,SELL,TP,TP,114.4000000000051,114.4000000000051,5203.78,5203.78,False
2026-03-10 14:15:00+00:00,KRONOS_S93_FVG_SCALP,SELL,SL,SL,-59.20000000000073,-59.20000000000073,5202.93,5202.93,False
2026-03-10 14:15:00+00:00,KRONOS_S99_MSS_FVG,SELL,SL,SL,-59.20000000000073,-59.20000000000073,5202.93,5202.93,False
2026-03-10 14:35:00+00:00,KRONOS_S100_M3_COMBO,BUY,TP,TP,221.39999999999418,221.39999999999418,5229.44,5229.44,False
2026-03-10 14:25:00+00:00,KRONOS_S93_FVG_SCALP,BUY,TP,TP,233.8500000000022,233.8500000000022,5230.96,5230.96,False
2026-03-10 15:37:00+00:00,KRONOS_S100_M3_COMBO,BUY,TP,TP,58.1500000000051,58.1500000000051,5237.13,5237.13,False
2026-03-11 01:37:00+00:00,KRONOS_S100_M3_COMBO,BUY,SL,SL,-24.05000000000655,-24.05000000000655,5213.15,5213.15,False
2026-03-11 02:35:00+00:00,KRONOS_S100_M3_COMBO,BUY,TP,TP,117.20000000000255,117.20000000000255,5218.95,5218.95,False
2026-03-11 03:05:00+00:00,KRONOS_S100_M3_COMBO,BUY,SL,SL,-49.69999999999345,-49.69999999999345,5211.43,5211.43,False
2026-03-11 03:59:00+00:00,KRONOS_S100_M3_COMBO,SELL,SL,SL,-38.200000000006185,-38.200000000006185,5207.01,5207.01,False
2026-03-11 05:27:00+00:00,KRONOS_S100_M3_COMBO,SELL,TP,TP,33.99999999999637,33.99999999999637,5199.51,5199.51,False
2026-03-11 05:35:00+00:00,KRONOS_S100_M3_COMBO,SELL,SL,SL,-12.5,-12.5,5202.81,5202.81,False
2026-03-11 06:34:00+00:00,KRONOS_S99_MSS_FVG,BUY,SL,SL,-29.349999999994907,-29.349999999994907,5199.43,5199.43,False
2026-03-11 06:49:00+00:00,KRONOS_S100_M3_COMBO,SELL,SL,SL,-37.25000000000364,-37.25000000000364,5198.76,5198.76,False
2026-03-11 06:50:00+00:00,KRONOS_S99_MSS_FVG,SELL,SL,SL,-62.15000000000146,-62.15000000000146,5202.02,5202.02,False
2026-03-11 07:36:00+00:00,KRONOS_S100_M3_COMBO,SELL,TP,TP,40.150000000003274,40.150000000003274,5187.2,5187.2,False
2026-03-11 07:49:00+00:00,KRONOS_S99_MSS_FVG,SELL,SL,SL,-25.050000000001095,-25.050000000001095,5196.95,5196.95,False
2026-03-11 07:57:00+00:00,KRONOS_S93_FVG_SCALP,BUY,SL,SL,-36.450000000004366,-36.450000000004366,5190.91,5190.91,False
2026-03-11 07:51:00+00:00,KRONOS_S100_M3_COMBO,SELL,TP,TP,46.649999999999636,46.649999999999636,5192.43,5192.43,False
2026-03-11 08:04:00+00:00,KRONOS_S100_M3_COMBO,SELL,SL,SL,-19.69999999999345,-19.69999999999345,5196.98,5196.98,False
2026-03-11 08:39:00+00:00,KRONOS_S100_M3_COMBO,SELL,SL,SL,-27.80000000000655,-27.80000000000655,5186.26,5186.26,False
2026-03-11 08:59:00+00:00,KRONOS_S99_MSS_FVG,SELL,TP,TP,22.55000000000109,22.55000000000109,5185.19,5185.19,False
2026-03-11 09:43:00+00:00,KRONOS_S99_MSS_FVG,BUY,SL,SL,-58.00000000000182,-58.00000000000182,5187.73,5187.73,False
2026-03-10 19:00:00+00:00,KRONOS_S94_SWEEP_REVERSAL,BUY,SL,SL,-269.9499999999989,-269.9499999999989,5157.93,5157.93,False
2026-03-12 03:19:00+00:00,KRONOS_S100_M3_COMBO,SELL,TIME,TIME,-0.10000000000218279,-0.10000000000218279,5152.49,5152.49,False
2026-03-12 04:53:00+00:00,KRONOS_S100_M3_COMBO,SELL,SL,SL,-30.39999999999964,-30.39999999999964,5145.91,5145.91,False
2026-03-12 05:24:00+00:00,KRONOS_S100_M3_COMBO,SELL,TP,TP,2.849999999998545,2.849999999998545,5141.17,5141.17,False
2026-03-12 05:28:00+00:00,KRONOS_S100_M3_COMBO,SELL,SL,SL,-41.49999999999636,-41.49999999999636,5147.19,5147.19,False
2026-03-12 05:55:00+00:00,KRONOS_S100_M3_COMBO,SELL,SL,SL,-35.35000000000764,-35.35000000000764,5157.31,5157.31,False
2026-03-12 06:23:00+00:00,KRONOS_S100_M3_COMBO,SELL,SL,SL,-9.85000000000582,-9.85000000000582,5155.47,5155.47,False
2026-03-12 06:50:00+00:00,KRONOS_S100_M3_COMBO,BUY,SL,SL,-41.19999999999891,-41.19999999999891,5165.49,5165.49,False
2026-03-12 06:51:00+00:00,KRONOS_S99_MSS_FVG,BUY,TP,TP,46.10000000000583,46.10000000000583,5172.51,5172.51,False
2026-03-13 01:35:00+00:00,KRONOS_S100_M3_COMBO,BUY,SL,SL,-45.6500000000051,-45.6500000000051,5116.66,5116.66,False
2026-03-13 02:05:00+00:00,KRONOS_S100_M3_COMBO,BUY,SL,SL,-89.09999999999854,-89.09999999999854,5116.5,5116.5,False
2026-03-13 03:52:00+00:00,KRONOS_S100_M3_COMBO,BUY,SL,SL,-31.599999999998545,-31.599999999998545,5111.09,5111.09,False
2026-03-15 22:41:00+00:00,KRONOS_S94_SWEEP_REVERSAL,BUY,SL,SL,-102.89999999999964,-102.89999999999964,4999.78,4999.78,False
2026-03-16 00:33:00+00:00,KRONOS_S94_SWEEP_REVERSAL,SELL,SL,SL,-20.649999999995998,-20.649999999995998,5029.19,5029.19,False
2026-03-16 01:18:00+00:00,KRONOS_S100_M3_COMBO,SELL,SL,SL,-79.09999999999854,-79.09999999999854,5011.73,5011.73,False
2026-03-16 04:47:00+00:00,KRONOS_S100_M3_COMBO,SELL,TP,TP,70.70000000000618,70.70000000000618,5008.07,5008.07,False
2026-03-16 06:21:00+00:00,KRONOS_S100_M3_COMBO,BUY,SL,SL,-59.24999999999273,-59.24999999999273,5026.77,5026.77,False
2026-03-16 06:26:00+00:00,KRONOS_S99_MSS_FVG,BUY,SL,SL,-67.95000000000073,-67.95000000000073,5021.03,5021.03,False
2026-03-17 01:38:00+00:00,KRONOS_S100_M3_COMBO,BUY,TP,TP,120.85000000000036,120.85000000000036,5029.68,5029.68,False
2026-03-17 02:49:00+00:00,KRONOS_S100_M3_COMBO,BUY,SL,SL,-37.899999999999636,-37.899999999999636,5021.3,5021.3,False
2026-03-17 03:56:00+00:00,KRONOS_S100_M3_COMBO,BUY,SL,SL,-10.250000000005457,-10.250000000005457,5026.16,5026.16,False
2026-03-17 04:25:00+00:00,KRONOS_S100_M3_COMBO,BUY,SL,SL,-25.149999999994183,-25.149999999994183,5026.56,5026.56,False
2026-03-17 04:50:00+00:00,KRONOS_S100_M3_COMBO,BUY,SL,SL,-36.700000000000735,-36.700000000000735,5036.36,5036.36,False
2026-03-17 05:04:00+00:00,KRONOS_S100_M3_COMBO,BUY,SL,SL,-23.499999999994543,-23.499999999994543,5033.47,5033.47,False
2026-03-17 05:18:00+00:00,KRONOS_S100_M3_COMBO,BUY,SL,SL,-27.799999999997453,-27.799999999997453,5035.45,5035.45,False
2026-03-17 05:33:00+00:00,KRONOS_S100_M3_COMBO,BUY,SL,SL,-41.39999999999418,-41.39999999999418,5033.81,5033.81,False
2026-03-17 07:30:00+00:00,KRONOS_S99_MSS_FVG,SELL,SL,SL,-22.64999999999418,-22.64999999999418,5021.66,5021.66,False
2026-03-17 07:44:00+00:00,KRONOS_S93_FVG_SCALP,BUY,SL,SL,-57.849999999998545,-57.849999999998545,5017.71,5017.71,False
2026-03-17 07:44:00+00:00,KRONOS_S99_MSS_FVG,BUY,SL,SL,-57.849999999998545,-57.849999999998545,5017.71,5017.71,False
2026-03-18 01:15:00+00:00,KRONOS_S94_SWEEP_REVERSAL,SELL,SL,SL,-35.79999999999928,-35.79999999999928,5016.43,5016.43,False
2026-03-18 01:17:00+00:00,KRONOS_S100_M3_COMBO,BUY,SL,SL,-43.29999999999927,-43.29999999999927,5008.06,5008.06,False
2026-03-18 01:30:00+00:00,KRONOS_S100_M3_COMBO,BUY,SL,SL,-29.44999999999709,-29.44999999999709,5004.93,5004.93,False
2026-03-18 02:56:00+00:00,KRONOS_S94_SWEEP_REVERSAL,BUY,SL,SL,-32.69999999999527,-32.69999999999527,4991.01,4991.01,False
2026-03-18 03:13:00+00:00,KRONOS_S100_M3_COMBO,SELL,TIME,TIME,24.30000000000291,16.850000000004002,4992.28,4993.025,False
2026-03-18 03:12:00+00:00,KRONOS_S94_SWEEP_REVERSAL,BUY,SL,SL,-80.1000000000022,-80.1000000000022,4985.54,4985.54,False
2026-03-19 01:53:00+00:00,KRONOS_S100_M3_COMBO,SELL,TP,TP,118.29999999999927,118.29999999999927,4845.16,4845.16,False
2026-03-19 02:19:00+00:00,KRONOS_S100_M3_COMBO,BUY,TP,TP,22.69999999999527,22.69999999999527,4853.33,4853.33,False
2026-03-19 02:30:00+00:00,KRONOS_S100_M3_COMBO,BUY,TP,TP,64.50000000000729,64.50000000000729,4862.77,4862.77,False
2026-03-19 03:21:00+00:00,KRONOS_S100_M3_COMBO,BUY,SL,SL,-57.35000000000582,-57.35000000000582,4857.16,4857.16,False
2026-03-19 04:51:00+00:00,KRONOS_S100_M3_COMBO,SELL,SL,SL,-37.64999999999418,-37.64999999999418,4850.2,4850.2,False
2026-03-19 05:12:00+00:00,KRONOS_S100_M3_COMBO,SELL,SL,SL,-47.84999999999855,-47.84999999999855,4852.34,4852.34,False
2026-03-19 05:47:00+00:00,KRONOS_S100_M3_COMBO,SELL,SL,SL,-38.599999999996726,-38.599999999996726,4840.48,4840.48,False
2026-03-19 06:00:00+00:00,KRONOS_S100_M3_COMBO,SELL,SL,SL,-48.549999999995634,-48.549999999995634,4837.12,4837.12,False
2026-03-19 06:31:00+00:00,KRONOS_S100_M3_COMBO,SELL,TP,TP,153.1500000000051,153.1500000000051,4802.49,4802.49,False
2026-03-19 06:59:00+00:00,KRONOS_S99_MSS_FVG,SELL,SL,SL,-196.45000000000437,-196.45000000000437,4783.09,4783.09,False
2026-03-19 07:01:00+00:00,KRONOS_S100_M3_COMBO,SELL,SL,SL,-115.85000000000036,-115.85000000000036,4782.91,4782.91,False
2026-03-20 01:09:00+00:00,KRONOS_S100_M3_COMBO,BUY,SL,SL,-48.80000000000109,-48.80000000000109,4662.01,4662.01,False
2026-03-20 01:35:00+00:00,KRONOS_S94_SWEEP_REVERSAL,SELL,SL,SL,-54.20000000000073,-54.20000000000073,4681.41,4681.41,False
2026-03-20 01:50:00+00:00,KRONOS_S100_M3_COMBO,BUY,SL,SL,-32.20000000000255,-32.20000000000255,4676.25,4676.25,False
2026-03-20 02:15:00+00:00,KRONOS_S100_M3_COMBO,BUY,SL,SL,-38.149999999996,-38.149999999996,4681.21,4681.21,False
2026-03-22 23:36:00+00:00,KRONOS_S94_SWEEP_REVERSAL,BUY,TP,TP,63.99999999999637,63.99999999999637,4485.16,4485.16,False
2026-03-23 02:36:00+00:00,KRONOS_S100_M3_COMBO,SELL,TP,TP,211.14999999999782,211.14999999999782,4366.08,4366.08,False
2026-03-23 02:58:00+00:00,KRONOS_S100_M3_COMBO,SELL,SL,SL,-75.45000000000073,-75.45000000000073,4374.81,4374.81,False
2026-03-23 03:16:00+00:00,KRONOS_S100_M3_COMBO,SELL,SL,SL,-121.85000000000402,-121.85000000000402,4369.25,4369.25,False
2026-03-23 04:57:00+00:00,KRONOS_S100_M3_COMBO,SELL,SL,SL,-100.99999999999454,-100.99999999999454,4371.66,4371.66,False
2026-03-23 05:28:00+00:00,KRONOS_S100_M3_COMBO,SELL,TP,TP,143.0999999999949,143.0999999999949,4343.51,4343.51,False
2026-03-23 05:36:00+00:00,KRONOS_S100_M3_COMBO,SELL,TP,TP,354.8499999999967,354.8499999999967,4300.83,4300.83,False
2026-03-23 06:14:00+00:00,KRONOS_S99_MSS_FVG,SELL,SL,SL,-110.05000000000109,-110.05000000000109,4305.47,4305.47,False
2026-03-23 06:50:00+00:00,KRONOS_S99_MSS_FVG,SELL,SL,SL,-41.899999999996,-41.899999999996,4221.04,4221.04,False
2026-03-23 06:49:00+00:00,KRONOS_S100_M3_COMBO,SELL,TP,TP,985.9500000000025,985.9500000000025,4107.75,4107.75,False
2026-03-23 07:24:00+00:00,KRONOS_S100_M3_COMBO,SELL,SL,SL,-187.39999999999785,-187.39999999999785,4149.71,4149.71,False
2026-03-23 07:36:00+00:00,KRONOS_S99_MSS_FVG,SELL,SL,SL,-70.24999999999638,-70.24999999999638,4187.46,4187.46,False
2026-03-23 07:36:00+00:00,KRONOS_S93_FVG_SCALP,SELL,SL,SL,-330.44999999999163,-330.44999999999163,4213.48,4213.48,False
2026-03-23 08:23:00+00:00,KRONOS_S100_M3_COMBO,SELL,SL,SL,-301.45000000000437,-301.45000000000437,4247.71,4247.71,False
2026-03-23 08:57:00+00:00,KRONOS_S100_M3_COMBO,SELL,SL,SL,-21.599999999998545,-21.599999999998545,4239.51,4239.51,False
2026-03-23 09:33:00+00:00,KRONOS_S99_MSS_FVG,BUY,SL,SL,-216.54999999999745,-216.54999999999745,4264.18,4264.18,False
2026-03-23 09:58:00+00:00,KRONOS_S93_FVG_SCALP,SELL,SL,SL,-336.25,-336.25,4285.44,4285.44,False
2026-03-24 01:18:00+00:00,KRONOS_S100_M3_COMBO,SELL,SL,SL,-237.74999999999636,-237.74999999999636,4364.17,4364.17,False
2026-03-25 00:10:00+00:00,KRONOS_S94_SWEEP_REVERSAL,SELL,SL,SL,-38.85000000000218,-38.85000000000218,4555.79,4555.79,False
2026-03-25 01:55:00+00:00,KRONOS_S100_M3_COMBO,BUY,SL,SL,-44.89999999999782,-44.89999999999782,4592.66,4592.66,False
2026-03-25 05:00:00+00:00,KRONOS_S100_M3_COMBO,BUY,SL,SL,-25.19999999999527,-25.19999999999527,4569.31,4569.31,False
2026-03-25 05:49:00+00:00,KRONOS_S100_M3_COMBO,BUY,SL,SL,-8.299999999999272,-8.299999999999272,4558.88,4558.88,False
2026-03-25 06:20:00+00:00,KRONOS_S99_MSS_FVG,SELL,SL,SL,-47.30000000000473,-47.30000000000473,4555.39,4555.39,False
2026-03-26 01:21:00+00:00,KRONOS_S100_M3_COMBO,SELL,TP,TP,118.100000000004,118.100000000004,4523.79,4523.79,False
2026-03-26 02:16:00+00:00,KRONOS_S100_M3_COMBO,BUY,SL,SL,-25.450000000000728,-25.450000000000728,4524.17,4524.17,False
2026-03-26 02:43:00+00:00,KRONOS_S100_M3_COMBO,SELL,TP,TP,170.20000000000437,170.20000000000437,4502.7,4502.7,False
2026-03-26 03:25:00+00:00,KRONOS_S100_M3_COMBO,SELL,SL,SL,-57.150000000001455,-57.150000000001455,4512.78,4512.78,False
2026-03-26 03:59:00+00:00,KRONOS_S100_M3_COMBO,SELL,SL,SL,-23.649999999997817,-23.649999999997817,4519.26,4519.26,False
2026-03-26 04:41:00+00:00,KRONOS_S100_M3_COMBO,SELL,SL,SL,-37.20000000000255,-37.20000000000255,4522.26,4522.26,False
2026-03-26 05:40:00+00:00,KRONOS_S94_SWEEP_REVERSAL,BUY,SL,SL,-113.85000000000218,-113.85000000000218,4478.94,4478.94,False
2026-03-26 06:11:00+00:00,KRONOS_S100_M3_COMBO,SELL,SL,SL,-135.10000000000218,-135.10000000000218,4441.01,4441.01,False
2026-03-26 07:11:00+00:00,KRONOS_S100_M3_COMBO,SELL,SL,SL,-91.99999999999818,-91.99999999999818,4453.53,4453.53,False
2026-03-26 06:46:00+00:00,KRONOS_S99_MSS_FVG,SELL,SL,SL,-110.39999999999964,-110.39999999999964,4462.74,4462.74,False
2026-03-27 00:35:00+00:00,KRONOS_S94_SWEEP_REVERSAL,BUY,SL,SL,-89.89999999999783,-89.89999999999783,4381.89,4381.89,False
2026-03-27 02:06:00+00:00,KRONOS_S100_M3_COMBO,BUY,TIME,TIME,15.299999999997455,17.299999999995634,4429.13,4429.33,False
2026-03-27 03:22:00+00:00,KRONOS_S100_M3_COMBO,BUY,TP,TP,20.0,20.0,4434.05,4434.05,False
2026-03-27 03:44:00+00:00,KRONOS_S100_M3_COMBO,BUY,SL,SL,-26.450000000004366,-26.450000000004366,4433.58,4433.58,False
2026-03-27 04:26:00+00:00,KRONOS_S100_M3_COMBO,BUY,TP,TP,64.54999999999927,64.54999999999927,4440.45,4440.45,False
2026-03-27 05:06:00+00:00,KRONOS_S94_SWEEP_REVERSAL,SELL,SL,SL,-50.850000000000364,-50.850000000000364,4450.43,4450.43,False
2026-03-27 04:50:00+00:00,KRONOS_S100_M3_COMBO,BUY,TP,TP,70.14999999999418,70.14999999999418,4450.24,4450.24,False
2026-03-27 05:54:00+00:00,KRONOS_S100_M3_COMBO,BUY,SL,SL,-110.00000000000001,-110.00000000000001,4450.81,4450.81,False
2026-03-27 08:41:00+00:00,KRONOS_S99_MSS_FVG,SELL,SL,SL,-17.999999999992724,-17.999999999992724,4440.36,4440.36,False
2026-03-27 08:44:00+00:00,KRONOS_S100_M3_COMBO,BUY,SL,SL,-49.30000000000291,-49.30000000000291,4430.37,4430.37,False
2026-03-29 22:56:00+00:00,KRONOS_S94_SWEEP_REVERSAL,BUY,SL,SL,-51.44999999999528,-51.44999999999528,4480.43,4480.43,False
2026-03-30 01:33:00+00:00,KRONOS_S100_M3_COMBO,SELL,SL,SL,-32.74999999999636,-32.74999999999636,4461.67,4461.67,False
2026-03-30 03:00:00+00:00,KRONOS_S100_M3_COMBO,SELL,SL,SL,-87.15000000000146,-87.15000000000146,4496.68,4496.68,False
2026-03-30 03:13:00+00:00,KRONOS_S100_M3_COMBO,BUY,SL,SL,-86.19999999999891,-86.19999999999891,4494.89,4494.89,False
2026-03-31 01:02:00+00:00,KRONOS_S100_M3_COMBO,BUY,SL,SL,-105.05000000000109,-105.05000000000109,4538.67,4538.67,False
2026-03-31 01:28:00+00:00,KRONOS_S100_M3_COMBO,BUY,TP,TP,161.4999999999964,161.4999999999964,4595.08,4595.08,False
2026-03-31 01:47:00+00:00,KRONOS_S100_M3_COMBO,BUY,SL,SL,-209.09999999999854,-209.09999999999854,4585.76,4585.76,False
2026-04-01 02:08:00+00:00,KRONOS_S100_M3_COMBO,BUY,SL,SL,-58.8000000000011,-58.8000000000011,4687.59,4687.59,False
2026-04-01 02:45:00+00:00,KRONOS_S94_SWEEP_REVERSAL,BUY,TP,TP,94.350000000004,94.350000000004,4692.93,4692.93,False
2026-04-01 02:58:00+00:00,KRONOS_S100_M3_COMBO,BUY,SL,SL,-54.09999999999855,-54.09999999999855,4681.13,4681.13,False
2026-04-01 04:36:00+00:00,KRONOS_S100_M3_COMBO,SELL,SL,SL,-28.950000000004366,-28.950000000004366,4675.26,4675.26,False
2026-04-01 05:00:00+00:00,KRONOS_S100_M3_COMBO,SELL,SL,SL,-44.650000000001455,-44.650000000001455,4680.33,4680.33,False
2026-04-01 05:46:00+00:00,KRONOS_S100_M3_COMBO,BUY,SL,SL,-36.049999999995634,-36.049999999995634,4694.06,4694.06,False
2026-04-01 06:35:00+00:00,KRONOS_S99_MSS_FVG,BUY,TP,TP,113.05000000000291,113.05000000000291,4716.34,4716.34,False
2026-04-01 06:20:00+00:00,KRONOS_S100_M3_COMBO,BUY,TP,TP,135.8500000000004,135.8500000000004,4712.8,4712.8,False
2026-04-01 07:21:00+00:00,KRONOS_S93_FVG_SCALP,SELL,SL,SL,-47.899999999999636,-47.899999999999636,4728.55,4728.55,False
2026-04-01 07:04:00+00:00,KRONOS_S99_MSS_FVG,BUY,TP,TP,171.3500000000022,171.3500000000022,4739.87,4739.87,False
2026-04-01 07:41:00+00:00,KRONOS_S99_MSS_FVG,BUY,SL,SL,-101.05000000000473,-101.05000000000473,4721.83,4721.83,False
2026-04-01 08:00:00+00:00,KRONOS_S93_FVG_SCALP,SELL,SL,SL,-34.30000000000291,-34.30000000000291,4722.27,4722.27,False
2026-04-01 08:24:00+00:00,KRONOS_S100_M3_COMBO,BUY,TP,TP,83.24999999999818,83.24999999999818,4737.15,4737.15,False
2026-04-01 08:40:00+00:00,KRONOS_S100_M3_COMBO,BUY,SL,SL,-33.05000000000291,-33.05000000000291,4730.48,4730.48,False
2026-04-01 09:00:00+00:00,KRONOS_S99_MSS_FVG,BUY,SL,SL,-75.79999999999927,-75.79999999999927,4718.8,4718.8,False
2026-04-01 11:11:00+00:00,KRONOS_S99_MSS_FVG,BUY,TP,TP,89.84999999999673,89.84999999999673,4744.45,4744.45,False
2026-04-01 08:25:00+00:00,KRONOS_S94_SWEEP_REVERSAL,SELL,SL,SL,-141.25,-141.25,4749.52,4749.52,False
2026-04-01 11:47:00+00:00,KRONOS_S99_MSS_FVG,BUY,SL,SL,-51.599999999998545,-51.599999999998545,4749.09,4749.09,False
2026-04-01 13:37:00+00:00,KRONOS_S100_M3_COMBO,BUY,SL,SL,-103.10000000000402,-103.10000000000402,4734.4,4734.4,False
2026-04-01 15:01:00+00:00,KRONOS_S94_SWEEP_REVERSAL,SELL,SL,SL,-81.99999999999818,-81.99999999999818,4769.72,4769.72,False
2026-04-01 14:44:00+00:00,KRONOS_S100_M3_COMBO,BUY,TP,TP,231.14999999999785,231.14999999999785,4777.42,4777.42,False
2026-04-02 01:16:00+00:00,KRONOS_S94_SWEEP_REVERSAL,BUY,SL,SL,-234.44999999999712,-234.44999999999712,4722.63,4722.63,False
2026-04-06 01:21:00+00:00,KRONOS_S100_M3_COMBO,SELL,SL,SL,-86.70000000000073,-86.70000000000073,4641.03,4641.03,False
2026-04-06 01:36:00+00:00,KRONOS_S100_M3_COMBO,SELL,SL,SL,-78.60000000000582,-78.60000000000582,4637.72,4637.72,False
2026-04-07 01:11:00+00:00,KRONOS_S100_M3_COMBO,SELL,SL,SL,-78.64999999999782,-78.64999999999782,4649.32,4649.32,False
2026-04-07 01:10:00+00:00,KRONOS_S94_SWEEP_REVERSAL,BUY,SL,SL,-110.94999999999347,-110.94999999999347,4625.93,4625.93,False
2026-04-07 01:42:00+00:00,KRONOS_S100_M3_COMBO,SELL,TIME,TIME,-73.54999999999563,-91.44999999999528,4650.99,4652.78,False
2026-04-08 00:16:00+00:00,KRONOS_S94_SWEEP_REVERSAL,SELL,TP,TP,292.0499999999993,292.0499999999993,4803.28,4803.28,False
2026-04-08 01:54:00+00:00,KRONOS_S100_M3_COMBO,BUY,SL,SL,-60.599999999994914,-60.599999999994914,4803.92,4803.92,False
2026-04-08 04:33:00+00:00,KRONOS_S100_M3_COMBO,BUY,TP,TP,130.5500000000029,130.5500000000029,4814.75,4814.75,False
2026-04-08 05:28:00+00:00,KRONOS_S100_M3_COMBO,BUY,TP,TP,45.29999999999745,45.29999999999745,4820.55,4820.55,False
2026-04-08 05:56:00+00:00,KRONOS_S100_M3_COMBO,BUY,SL,SL,-34.75000000000364,-34.75000000000364,4826.54,4826.54,False
2026-04-08 06:29:00+00:00,KRONOS_S100_M3_COMBO,BUY,SL,SL,-70.45000000000073,-70.45000000000073,4829.54,4829.54,False
2026-04-08 06:53:00+00:00,KRONOS_S100_M3_COMBO,BUY,SL,SL,-25.59999999999491,-25.59999999999491,4824.55,4824.55,False
2026-04-08 07:25:00+00:00,KRONOS_S99_MSS_FVG,SELL,TP,TP,94.20000000000073,94.20000000000073,4811.59,4811.59,False
2026-04-08 07:33:00+00:00,KRONOS_S100_M3_COMBO,BUY,SL,SL,-32.100000000000364,-32.100000000000364,4808.47,4808.47,False
2026-04-08 07:56:00+00:00,KRONOS_S100_M3_COMBO,BUY,SL,SL,-58.65000000000692,-58.65000000000692,4814.4,4814.4,False
2026-04-08 07:59:00+00:00,KRONOS_S93_FVG_SCALP,BUY,SL,SL,-43.60000000000582,-43.60000000000582,4809.49,4809.49,False
2026-04-08 08:50:00+00:00,KRONOS_S99_MSS_FVG,SELL,SL,SL,-27.55000000000109,-27.55000000000109,4803.61,4803.61,False
2026-04-08 09:50:00+00:00,KRONOS_S99_MSS_FVG,SELL,TP,TP,137.29999999999563,137.29999999999563,4773.51,4773.51,False
2026-04-08 10:28:00+00:00,KRONOS_S99_MSS_FVG,SELL,SL,SL,-67.79999999999747,-67.79999999999747,4787.71,4787.71,False
2026-04-08 13:11:00+00:00,KRONOS_S93_FVG_SCALP,BUY,SL,SL,-105.7499999999982,-105.7499999999982,4782.59,4782.59,False
2026-04-08 13:36:00+00:00,KRONOS_S100_M3_COMBO,SELL,TP,TP,124.399999999996,124.399999999996,4773.59,4773.59,False
2026-04-08 13:57:00+00:00,KRONOS_S100_M3_COMBO,SELL,SL,SL,-68.39999999999236,-68.39999999999236,4786.36,4786.36,False
2026-04-08 14:37:00+00:00,KRONOS_S100_M3_COMBO,SELL,SL,SL,-88.29999999999927,-88.29999999999927,4767.3,4767.3,False
2026-04-08 14:41:00+00:00,KRONOS_S99_MSS_FVG,SELL,TP,TP,70.19999999999527,70.19999999999527,4760.13,4760.13,False
2026-04-08 15:20:00+00:00,KRONOS_S100_M3_COMBO,SELL,SL,SL,-19.399999999995998,-19.399999999995998,4757.98,4757.98,False
2026-04-08 17:03:00+00:00,KRONOS_S94_SWEEP_REVERSAL,SELL,TP,TP,66.19999999999891,66.19999999999891,4755.05,4755.05,False
2026-04-09 01:02:00+00:00,KRONOS_S100_M3_COMBO,SELL,SL,SL,-58.35000000000037,-58.35000000000037,4711.64,4711.64,False
2026-04-09 01:29:00+00:00,KRONOS_S100_M3_COMBO,SELL,SL,SL,-81.55000000000655,-81.55000000000655,4713.01,4713.01,False
2026-04-09 05:16:00+00:00,KRONOS_S100_M3_COMBO,SELL,SL,SL,-23.649999999997817,-23.649999999997817,4719.09,4719.09,False
2026-04-10 01:54:00+00:00,KRONOS_S100_M3_COMBO,SELL,TP,TP,68.90000000000327,68.90000000000327,4758.49,4758.49,False
2026-04-10 02:14:00+00:00,KRONOS_S100_M3_COMBO,SELL,SL,SL,-63.599999999996726,-63.599999999996726,4758.71,4758.71,False
2026-04-10 03:30:00+00:00,KRONOS_S100_M3_COMBO,SELL,SL,SL,-14.099999999998545,-14.099999999998545,4758.7,4758.7,False
2026-04-10 04:35:00+00:00,KRONOS_S100_M3_COMBO,SELL,TP,TP,46.70000000000073,46.70000000000073,4758.63,4758.63,False
2026-04-10 05:04:00+00:00,KRONOS_S100_M3_COMBO,SELL,SL,SL,-29.20000000000073,-29.20000000000073,4765.01,4765.01,False
2026-04-10 06:08:00+00:00,KRONOS_S100_M3_COMBO,SELL,TP,TP,63.44999999999346,63.44999999999346,4755.51,4755.51,False
2026-04-10 06:25:00+00:00,KRONOS_S99_MSS_FVG,SELL,SL,SL,-9.549999999999272,-9.549999999999272,4756.92,4756.92,False
2026-04-10 06:19:00+00:00,KRONOS_S100_M3_COMBO,SELL,TP,TP,56.50000000000546,56.50000000000546,4746.98,4746.98,False
2026-04-10 06:55:00+00:00,KRONOS_S99_MSS_FVG,SELL,TP,TP,51.75000000000182,51.75000000000182,4741.97,4741.97,False
2026-04-10 06:55:00+00:00,KRONOS_S100_M3_COMBO,SELL,SL,SL,-45.74999999999818,-45.74999999999818,4751.72,4751.72,False
2026-04-10 08:27:00+00:00,KRONOS_S93_FVG_SCALP,SELL,SL,SL,-31.149999999997817,-31.149999999997817,4750.09,4750.09,False
2026-04-10 08:27:00+00:00,KRONOS_S99_MSS_FVG,SELL,SL,SL,-31.149999999997817,-31.149999999997817,4750.09,4750.09,False
2026-04-10 08:08:00+00:00,KRONOS_S100_M3_COMBO,SELL,TP,TP,111.09999999999674,111.09999999999674,4739.39,4739.39,False
2026-04-10 08:55:00+00:00,KRONOS_S93_FVG_SCALP,SELL,SL,SL,-37.64999999999418,-37.64999999999418,4742.49,4742.49,False
2026-04-10 08:55:00+00:00,KRONOS_S99_MSS_FVG,SELL,SL,SL,-37.64999999999418,-37.64999999999418,4742.49,4742.49,False
2026-04-10 08:55:00+00:00,KRONOS_S100_M3_COMBO,SELL,SL,SL,-36.14999999999782,-36.14999999999782,4742.34,4742.34,False
2026-04-10 08:55:00+00:00,KRONOS_S94_SWEEP_REVERSAL,BUY,TP,TP,179.64999999999236,179.64999999999236,4757.19,4757.19,False
2026-04-10 09:36:00+00:00,KRONOS_S93_FVG_SCALP,SELL,TP,TP,38.400000000001455,38.400000000001455,4745.12,4745.12,False
2026-04-10 10:14:00+00:00,KRONOS_S99_MSS_FVG,SELL,SL,SL,-45.94999999999345,-45.94999999999345,4751.61,4751.61,False
2026-04-10 10:23:00+00:00,KRONOS_S94_SWEEP_REVERSAL,SELL,SL,SL,-37.24999999999454,-37.24999999999454,4761.49,4761.49,False
2026-04-10 10:30:00+00:00,KRONOS_S99_MSS_FVG,BUY,TP,TP,91.59999999999854,91.59999999999854,4766.97,4766.97,False
2026-04-10 13:08:00+00:00,KRONOS_S100_M3_COMBO,BUY,SL,SL,-70.90000000000146,-70.90000000000146,4768.18,4768.18,False
2026-04-10 14:26:00+00:00,KRONOS_S100_M3_COMBO,BUY,SL,SL,-69.94999999999891,-69.94999999999891,4782.84,4782.84,False
2026-04-10 15:23:00+00:00,KRONOS_S100_M3_COMBO,BUY,SL,SL,-68.59999999999673,-68.59999999999673,4780.12,4780.12,False
2026-04-10 15:29:00+00:00,KRONOS_S100_M3_COMBO,BUY,SL,SL,-10.69999999999709,-10.69999999999709,4775.41,4775.41,False
2026-04-10 15:45:00+00:00,KRONOS_S99_MSS_FVG,SELL,TP,TP,108.89999999999418,108.89999999999418,4756.84,4756.84,False
2026-04-13 02:44:00+00:00,KRONOS_S100_M3_COMBO,SELL,SL,SL,-50.900000000001455,-50.900000000001455,4720.33,4720.33,False
2026-04-13 02:56:00+00:00,KRONOS_S100_M3_COMBO,SELL,TP,TP,64.49999999999818,64.49999999999818,4714.13,4714.13,False
2026-04-13 03:13:00+00:00,KRONOS_S100_M3_COMBO,SELL,SL,SL,-33.64999999999782,-33.64999999999782,4718.36,4718.36,False
2026-04-13 03:45:00+00:00,KRONOS_S100_M3_COMBO,BUY,SL,SL,-19.80000000000473,-19.80000000000473,4719.66,4719.66,False
2026-04-13 04:08:00+00:00,KRONOS_S100_M3_COMBO,SELL,SL,SL,-36.25000000000001,-36.25000000000001,4716.44,4716.44,False
2026-04-13 04:18:00+00:00,KRONOS_S94_SWEEP_REVERSAL,BUY,TP,TP,99.4000000000051,99.4000000000051,4722.22,4722.22,False
2026-04-13 05:08:00+00:00,KRONOS_S100_M3_COMBO,SELL,TP,TP,44.750000000003645,44.750000000003645,4717.25,4717.25,False
2026-04-13 05:38:00+00:00,KRONOS_S100_M3_COMBO,BUY,SL,SL,-41.20000000000801,-41.20000000000801,4719.98,4719.98,False
2026-04-13 05:38:00+00:00,KRONOS_S94_SWEEP_REVERSAL,SELL,SL,SL,-33.39999999999236,-33.39999999999236,4726.94,4726.94,False
2026-04-13 06:21:00+00:00,KRONOS_S100_M3_COMBO,BUY,TP,TP,18.19999999999709,18.19999999999709,4730.38,4730.38,False
2026-04-13 06:36:00+00:00,KRONOS_S100_M3_COMBO,BUY,SL,SL,-26.900000000005093,-26.900000000005093,4725.36,4725.36,False
2026-04-13 07:12:00+00:00,KRONOS_S100_M3_COMBO,BUY,TP,TP,80.39999999999964,80.39999999999964,4734.28,4734.28,False
2026-04-13 07:19:00+00:00,KRONOS_S94_SWEEP_REVERSAL,SELL,SL,SL,-85.50000000000182,-85.50000000000182,4739.56,4739.56,False
2026-04-13 07:54:00+00:00,KRONOS_S100_M3_COMBO,BUY,SL,SL,-31.45000000000437,-31.45000000000437,4731.73,4731.73,False
2026-04-13 10:47:00+00:00,KRONOS_S99_MSS_FVG,SELL,SL,SL,-25.19999999999527,-25.19999999999527,4724.32,4724.32,False
2026-04-13 12:02:00+00:00,KRONOS_S99_MSS_FVG,SELL,SL,SL,-108.24999999999818,-108.24999999999818,4720.8,4720.8,False
2026-04-14 01:20:00+00:00,KRONOS_S100_M3_COMBO,BUY,SL,SL,-79.4000000000051,-79.4000000000051,4765.66,4765.66,False
2026-04-14 01:50:00+00:00,KRONOS_S100_M3_COMBO,BUY,SL,SL,-25.699999999997093,-25.699999999997093,4764.83,4764.83,False
2026-04-14 02:20:00+00:00,KRONOS_S100_M3_COMBO,BUY,SL,SL,-29.20000000000073,-29.20000000000073,4767.1,4767.1,False
2026-04-14 02:54:00+00:00,KRONOS_S100_M3_COMBO,BUY,SL,SL,-27.500000000000004,-27.500000000000004,4772.22,4772.22,False
2026-04-15 00:26:00+00:00,KRONOS_S94_SWEEP_REVERSAL,BUY,SL,SL,-13.450000000002547,-13.450000000002547,4828.36,4828.36,False
2026-04-15 01:01:00+00:00,KRONOS_S100_M3_COMBO,BUY,SL,SL,-28.350000000000364,-28.350000000000364,4830.87,4830.87,False
2026-04-15 02:08:00+00:00,KRONOS_S100_M3_COMBO,BUY,SL,SL,-52.95000000000073,-52.95000000000073,4846.08,4846.08,False
2026-04-15 02:12:00+00:00,KRONOS_S100_M3_COMBO,BUY,SL,SL,-23.299999999999272,-23.299999999999272,4845.29,4845.29,False
2026-04-15 03:12:00+00:00,KRONOS_S100_M3_COMBO,SELL,SL,SL,-13.50000000000364,-13.50000000000364,4824.02,4824.02,False
2026-04-15 04:05:00+00:00,KRONOS_S100_M3_COMBO,SELL,SL,SL,-31.05000000000473,-31.05000000000473,4824.26,4824.26,False
2026-04-15 01:26:00+00:00,KRONOS_S94_SWEEP_REVERSAL,SELL,TP,TP,421.64999999999964,421.64999999999964,4807.86,4807.86,False
2026-04-16 02:47:00+00:00,KRONOS_S100_M3_COMBO,BUY,TP,TP,55.500000000001826,55.500000000001826,4821.64,4821.64,False
2026-04-16 04:25:00+00:00,KRONOS_S94_SWEEP_REVERSAL,SELL,SL,SL,-42.60000000000218,-42.60000000000218,4830.76,4830.76,False
2026-04-16 04:20:00+00:00,KRONOS_S100_M3_COMBO,BUY,TP,TP,48.29999999999928,48.29999999999928,4832.44,4832.44,False
2026-04-16 06:43:00+00:00,KRONOS_S100_M3_COMBO,BUY,TP,TP,12.999999999992726,12.999999999992726,4824.23,4824.23,False
2026-04-16 06:47:00+00:00,KRONOS_S100_M3_COMBO,BUY,SL,SL,-45.85000000000037,-45.85000000000037,4820.62,4820.62,False
2026-04-16 07:32:00+00:00,KRONOS_S100_M3_COMBO,BUY,SL,SL,-40.74999999999818,-40.74999999999818,4821.52,4821.52,False
2026-04-16 08:19:00+00:00,KRONOS_S94_SWEEP_REVERSAL,BUY,SL,SL,-50.74999999999819,-50.74999999999819,4806.6,4806.6,False
2026-04-16 08:41:00+00:00,KRONOS_S100_M3_COMBO,SELL,SL,SL,-27.20000000000255,-27.20000000000255,4814.52,4814.52,False
2026-04-16 08:11:00+00:00,KRONOS_S93_FVG_SCALP,SELL,TIME,TIME,34.34999999999491,22.650000000003274,4810.395,4811.565,False
2026-04-16 08:11:00+00:00,KRONOS_S99_MSS_FVG,SELL,SL,SL,-68.69999999999892,-68.69999999999892,4820.7,4820.7,False
2026-04-16 11:16:00+00:00,KRONOS_S94_SWEEP_REVERSAL,SELL,SL,SL,-26.700000000000728,-26.700000000000728,4821.11,4821.11,False
2026-04-16 11:08:00+00:00,KRONOS_S99_MSS_FVG,BUY,SL,SL,-65.0,-65.0,4810.53,4810.53,False
2026-04-17 01:15:00+00:00,KRONOS_S100_M3_COMBO,SELL,SL,SL,-49.89999999999782,-49.89999999999782,4788.13,4788.13,False
2026-04-17 03:01:00+00:00,KRONOS_S100_M3_COMBO,SELL,SL,SL,-24.399999999995998,-24.399999999995998,4789.61,4789.61,False
2026-04-17 03:50:00+00:00,KRONOS_S100_M3_COMBO,BUY,SL,SL,-26.700000000000728,-26.700000000000728,4793.33,4793.33,False
2026-04-17 05:03:00+00:00,KRONOS_S100_M3_COMBO,BUY,SL,SL,-25.799999999999272,-25.799999999999272,4799.64,4799.64,False
2026-04-17 07:19:00+00:00,KRONOS_S100_M3_COMBO,SELL,SL,SL,-25.39999999999964,-25.39999999999964,4791.63,4791.63,False
2026-04-20 02:11:00+00:00,KRONOS_S100_M3_COMBO,SELL,TP,TP,120.34999999999856,120.34999999999856,4789.88,4789.88,False
2026-04-20 04:38:00+00:00,KRONOS_S100_M3_COMBO,SELL,SL,SL,-31.25,-31.25,4791.64,4791.64,False
2026-04-20 04:41:00+00:00,KRONOS_S100_M3_COMBO,SELL,TP,TP,50.94999999999346,50.94999999999346,4785.31,4785.31,False
2026-04-20 05:49:00+00:00,KRONOS_S100_M3_COMBO,SELL,SL,SL,-43.100000000004,-43.100000000004,4789.88,4789.88,False
2026-04-20 06:26:00+00:00,KRONOS_S100_M3_COMBO,SELL,SL,SL,-47.349999999996726,-47.349999999996726,4789.24,4789.24,False
2026-04-20 06:31:00+00:00,KRONOS_S100_M3_COMBO,SELL,SL,SL,-41.49999999999636,-41.49999999999636,4792.37,4792.37,False
2026-04-20 07:10:00+00:00,KRONOS_S94_SWEEP_REVERSAL,SELL,SL,SL,-70.0500000000011,-70.0500000000011,4802.41,4802.41,False
2026-04-20 07:06:00+00:00,KRONOS_S99_MSS_FVG,BUY,TP,TP,93.80000000000109,93.80000000000109,4805.27,4805.27,False
2026-04-20 07:25:00+00:00,KRONOS_S99_MSS_FVG,BUY,SL,SL,-49.70000000000255,-49.70000000000255,4796.62,4796.62,False
2026-04-20 07:38:00+00:00,KRONOS_S100_M3_COMBO,SELL,SL,SL,-20.100000000002183,-20.100000000002183,4798.06,4798.06,False
2026-04-20 07:44:00+00:00,KRONOS_S93_FVG_SCALP,SELL,TP,TP,37.80000000000655,37.80000000000655,4793.82,4793.82,False
2026-04-20 08:12:00+00:00,KRONOS_S99_MSS_FVG,SELL,TP,TP,29.149999999999636,29.149999999999636,4788.0,4788.0,False
2026-04-20 08:19:00+00:00,KRONOS_S100_M3_COMBO,SELL,SL,SL,-28.500000000003638,-28.500000000003638,4791.51,4791.51,False
2026-04-20 09:18:00+00:00,KRONOS_S93_FVG_SCALP,BUY,TP,TP,16.799999999993815,16.799999999993815,4795.2,4795.2,False
2026-04-20 09:55:00+00:00,KRONOS_S93_FVG_SCALP,BUY,TP,TP,46.90000000000509,46.90000000000509,4795.06,4795.06,False
2026-04-20 10:17:00+00:00,KRONOS_S94_SWEEP_REVERSAL,SELL,SL,SL,-9.64999999999236,-9.64999999999236,4799.94,4799.94,False
2026-04-20 12:11:00+00:00,KRONOS_S94_SWEEP_REVERSAL,SELL,SL,SL,-18.149999999995998,-18.149999999995998,4813.03,4813.03,False
2026-04-20 12:03:00+00:00,KRONOS_S93_FVG_SCALP,BUY,TP,TP,62.60000000000219,62.60000000000219,4813.54,4813.54,False
2026-04-20 12:03:00+00:00,KRONOS_S99_MSS_FVG,BUY,TP,TP,62.60000000000219,62.60000000000219,4813.54,4813.54,False
2026-04-20 13:08:00+00:00,KRONOS_S94_SWEEP_REVERSAL,SELL,SL,SL,-114.70000000000256,-114.70000000000256,4823.2,4823.2,False
2026-04-20 13:22:00+00:00,KRONOS_S100_M3_COMBO,BUY,TP,TP,63.19999999999709,63.19999999999709,4825.83,4825.83,False
2026-04-20 13:31:00+00:00,KRONOS_S100_M3_COMBO,BUY,TP,TP,49.84999999999673,49.84999999999673,4824.45,4824.45,False
2026-04-20 14:10:00+00:00,KRONOS_S93_FVG_SCALP,BUY,TP,TP,93.35000000000036,93.35000000000036,4818.9,4818.9,False
2026-04-20 14:10:00+00:00,KRONOS_S99_MSS_FVG,BUY,TP,TP,93.35000000000036,93.35000000000036,4818.9,4818.9,False
2026-04-20 14:33:00+00:00,KRONOS_S93_FVG_SCALP,BUY,SL,SL,-49.34999999999491,-49.34999999999491,4817.06,4817.06,False
2026-04-20 14:29:00+00:00,KRONOS_S100_M3_COMBO,BUY,SL,SL,-56.15000000000692,-56.15000000000692,4818.15,4818.15,False
2026-04-20 15:45:00+00:00,KRONOS_S100_M3_COMBO,BUY,SL,SL,-39.399999999996,-39.399999999996,4794.8,4794.8,False
2026-04-21 01:30:00+00:00,KRONOS_S100_M3_COMBO,BUY,SL,SL,-22.19999999999345,-22.19999999999345,4814.97,4814.97,False
2026-04-21 01:53:00+00:00,KRONOS_S94_SWEEP_REVERSAL,BUY,SL,SL,-14.849999999996728,-14.849999999996728,4808.84,4808.84,False
2026-04-21 01:57:00+00:00,KRONOS_S100_M3_COMBO,SELL,TP,TP,39.04999999999745,39.04999999999745,4804.14,4804.14,False
2026-04-21 02:39:00+00:00,KRONOS_S100_M3_COMBO,SELL,SL,SL,-18.450000000002547,-18.450000000002547,4808.08,4808.08,False
2026-04-21 03:06:00+00:00,KRONOS_S100_M3_COMBO,SELL,TP,TP,31.499999999996366,31.499999999996366,4801.42,4801.42,False
2026-04-21 03:30:00+00:00,KRONOS_S100_M3_COMBO,SELL,TP,TP,35.74999999999818,35.74999999999818,4795.55,4795.55,False
2026-04-21 03:51:00+00:00,KRONOS_S100_M3_COMBO,SELL,TP,TP,58.85000000000219,58.85000000000219,4791.11,4791.11,False
2026-04-21 04:53:00+00:00,KRONOS_S100_M3_COMBO,SELL,SL,SL,-30.100000000002186,-30.100000000002186,4792.26,4792.26,False
2026-04-21 05:24:00+00:00,KRONOS_S100_M3_COMBO,SELL,SL,SL,-26.25,-26.25,4792.13,4792.13,False
2026-04-21 05:56:00+00:00,KRONOS_S100_M3_COMBO,SELL,SL,SL,-44.500000000007276,-44.500000000007276,4789.6,4789.6,False
2026-04-21 06:10:00+00:00,KRONOS_S99_MSS_FVG,SELL,TP,TP,43.549999999995634,43.549999999995634,4783.92,4783.92,False
2026-04-21 06:11:00+00:00,KRONOS_S100_M3_COMBO,SELL,TP,TP,63.35000000000037,63.35000000000037,4784.08,4784.08,False
2026-04-21 06:19:00+00:00,KRONOS_S94_SWEEP_REVERSAL,BUY,SL,SL,-58.85000000000219,-58.85000000000219,4775.13,4775.13,False
2026-04-21 07:05:00+00:00,KRONOS_S100_M3_COMBO,SELL,SL,SL,-31.999999999998185,-31.999999999998185,4780.25,4780.25,False
2026-04-21 07:24:00+00:00,KRONOS_S100_M3_COMBO,SELL,SL,SL,-29.80000000000473,-29.80000000000473,4786.63,4786.63,False
2026-04-21 07:57:00+00:00,KRONOS_S93_FVG_SCALP,BUY,SL,SL,-32.150000000001455,-32.150000000001455,4783.38,4783.38,False
2026-04-21 08:03:00+00:00,KRONOS_S100_M3_COMBO,SELL,TP,TP,44.30000000000292,44.30000000000292,4782.03,4782.03,False
2026-04-21 08:19:00+00:00,KRONOS_S93_FVG_SCALP,SELL,SL,SL,-25.600000000004002,-25.600000000004002,4785.77,4785.77,False
2026-04-21 08:19:00+00:00,KRONOS_S99_MSS_FVG,SELL,SL,SL,-25.600000000004002,-25.600000000004002,4785.77,4785.77,False
2026-04-21 08:19:00+00:00,KRONOS_S100_M3_COMBO,SELL,SL,SL,-16.800000000002914,-16.800000000002914,4784.89,4784.89,False
2026-04-21 08:13:00+00:00,KRONOS_S94_SWEEP_REVERSAL,BUY,TP,TP,106.44999999999527,106.44999999999527,4786.48,4786.48,False
2026-04-21 11:02:00+00:00,KRONOS_S99_MSS_FVG,BUY,SL,SL,-16.350000000002186,-16.350000000002186,4787.15,4787.15,False
2026-04-21 12:05:00+00:00,KRONOS_S99_MSS_FVG,BUY,TP,TP,17.70000000000437,17.70000000000437,4794.27,4794.27,False
2026-04-21 13:06:00+00:00,KRONOS_S94_SWEEP_REVERSAL,BUY,SL,SL,-69.45000000000618,-69.45000000000618,4765.4,4765.4,False
2026-04-21 13:17:00+00:00,KRONOS_S93_FVG_SCALP,SELL,SL,SL,-94.350000000004,-94.350000000004,4780.1,4780.1,False
2026-04-21 13:17:00+00:00,KRONOS_S99_MSS_FVG,SELL,SL,SL,-94.350000000004,-94.350000000004,4780.1,4780.1,False
2026-04-21 13:30:00+00:00,KRONOS_S100_M3_COMBO,SELL,SL,SL,-78.24999999999818,-78.24999999999818,4785.42,4785.42,False
2026-04-22 01:27:00+00:00,KRONOS_S100_M3_COMBO,BUY,TP,TP,72.59999999999309,72.59999999999309,4751.9,4751.9,False
2026-04-22 01:41:00+00:00,KRONOS_S100_M3_COMBO,BUY,TIME,TIME,22.55000000000109,21.099999999996726,4754.305,4754.16,False
2026-04-22 03:10:00+00:00,KRONOS_S100_M3_COMBO,BUY,SL,SL,-29.549999999999272,-29.549999999999272,4755.63,4755.63,False
2026-04-22 04:50:00+00:00,KRONOS_S100_M3_COMBO,BUY,SL,SL,-19.30000000000291,-19.30000000000291,4754.04,4754.04,False
2026-04-22 05:24:00+00:00,KRONOS_S100_M3_COMBO,BUY,SL,SL,-23.999999999996362,-23.999999999996362,4766.71,4766.71,False
2026-04-22 05:55:00+00:00,KRONOS_S100_M3_COMBO,BUY,SL,SL,-25.74999999999818,-25.74999999999818,4764.0,4764.0,False
2026-04-22 06:25:00+00:00,KRONOS_S100_M3_COMBO,BUY,TP,TP,60.50000000000182,60.50000000000182,4769.43,4769.43,False
2026-04-22 09:36:00+00:00,KRONOS_S93_FVG_SCALP,SELL,SL,SL,-36.14999999999782,-36.14999999999782,4760.3,4760.3,False
2026-04-22 08:47:00+00:00,KRONOS_S100_M3_COMBO,BUY,TP,TP,69.94999999999891,69.94999999999891,4762.17,4762.17,False
2026-04-22 12:55:00+00:00,KRONOS_S94_SWEEP_REVERSAL,BUY,SL,SL,-30.50000000000182,-30.50000000000182,4742.44,4742.44,False
2026-04-22 14:10:00+00:00,KRONOS_S100_M3_COMBO,SELL,SL,SL,-43.15000000000509,-43.15000000000509,4750.63,4750.63,False
2026-04-22 14:10:00+00:00,KRONOS_S93_FVG_SCALP,SELL,TP,TP,69.94999999999891,69.94999999999891,4739.32,4739.32,False
2026-04-22 14:40:00+00:00,KRONOS_S93_FVG_SCALP,SELL,TP,TP,101.14999999999783,101.14999999999783,4729.76,4729.76,False
2026-04-22 14:40:00+00:00,KRONOS_S99_MSS_FVG,SELL,TP,TP,101.14999999999783,101.14999999999783,4729.76,4729.76,False
2026-04-22 14:40:00+00:00,KRONOS_S100_M3_COMBO,SELL,TP,TP,116.54999999999747,116.54999999999747,4728.22,4728.22,False
2026-04-22 15:56:00+00:00,KRONOS_S99_MSS_FVG,SELL,TP,TP,25.649999999995998,25.649999999995998,4728.1,4728.1,False
2026-04-22 15:44:00+00:00,KRONOS_S100_M3_COMBO,SELL,SL,SL,-50.15000000000328,-50.15000000000328,4732.06,4732.06,False
2026-04-23 00:46:00+00:00,KRONOS_S94_SWEEP_REVERSAL,SELL,SL,SL,-35.05000000000109,-35.05000000000109,4752.36,4752.36,False
2026-04-23 01:30:00+00:00,KRONOS_S100_M3_COMBO,SELL,SL,SL,-62.299999999995634,-62.299999999995634,4736.12,4736.12,False
2026-04-23 01:59:00+00:00,KRONOS_S100_M3_COMBO,SELL,TP,TP,125.65000000000511,125.65000000000511,4710.74,4710.74,False
2026-04-23 02:21:00+00:00,KRONOS_S100_M3_COMBO,SELL,SL,SL,-25.850000000000367,-25.850000000000367,4718.07,4718.07,False
2026-04-23 02:48:00+00:00,KRONOS_S100_M3_COMBO,SELL,TIME,TIME,4.549999999999272,6.999999999998181,4703.945,4703.7,False
2026-04-23 04:07:00+00:00,KRONOS_S100_M3_COMBO,SELL,SL,SL,-14.349999999994909,-14.349999999994909,4704.98,4704.98,False
2026-04-23 04:42:00+00:00,KRONOS_S100_M3_COMBO,SELL,SL,SL,-39.90000000000691,-39.90000000000691,4706.14,4706.14,False
2026-04-23 05:27:00+00:00,KRONOS_S100_M3_COMBO,SELL,TP,TP,43.99999999999636,43.99999999999636,4701.05,4701.05,False
2026-04-23 05:44:00+00:00,KRONOS_S100_M3_COMBO,SELL,SL,SL,-38.80000000000109,-38.80000000000109,4705.38,4705.38,False
2026-04-23 07:05:00+00:00,KRONOS_S100_M3_COMBO,SELL,TP,TP,86.34999999999309,86.34999999999309,4703.64,4703.64,False
2026-04-23 07:34:00+00:00,KRONOS_S100_M3_COMBO,SELL,SL,SL,-30.30000000000655,-30.30000000000655,4713.76,4713.76,False
2026-04-23 08:20:00+00:00,KRONOS_S94_SWEEP_REVERSAL,SELL,TP,TP,59.49999999999819,59.49999999999819,4713.08,4713.08,False
2026-04-23 08:24:00+00:00,KRONOS_S100_M3_COMBO,SELL,TP,TP,79.80000000000473,79.80000000000473,4710.15,4710.15,False
2026-04-23 09:00:00+00:00,KRONOS_S94_SWEEP_REVERSAL,BUY,SL,SL,-11.099999999996726,-11.099999999996726,4701.39,4701.39,False
2026-04-23 08:38:00+00:00,KRONOS_S100_M3_COMBO,SELL,TP,TP,98.00000000000182,98.00000000000182,4697.99,4697.99,False
2026-04-23 09:11:00+00:00,KRONOS_S99_MSS_FVG,SELL,TP,TP,42.150000000001455,42.150000000001455,4695.37,4695.37,False
2026-04-23 10:33:00+00:00,KRONOS_S99_MSS_FVG,SELL,SL,SL,-51.099999999996726,-51.099999999996726,4697.91,4697.91,False
2026-04-23 11:07:00+00:00,KRONOS_S99_MSS_FVG,BUY,TP,TP,62.45000000000801,62.45000000000801,4703.1,4703.1,False
2026-04-23 12:10:00+00:00,KRONOS_S93_FVG_SCALP,BUY,TP,TP,148.54999999999566,148.54999999999566,4742.86,4742.86,False
2026-04-23 12:10:00+00:00,KRONOS_S99_MSS_FVG,BUY,TP,TP,148.54999999999566,148.54999999999566,4742.86,4742.86,False
2026-04-23 13:40:00+00:00,KRONOS_S93_FVG_SCALP,SELL,SL,SL,-50.399999999999636,-50.399999999999636,4738.41,4738.41,False
2026-04-23 13:40:00+00:00,KRONOS_S99_MSS_FVG,SELL,SL,SL,-50.399999999999636,-50.399999999999636,4738.41,4738.41,False
2026-04-23 13:55:00+00:00,KRONOS_S100_M3_COMBO,BUY,SL,SL,-54.25000000000182,-54.25000000000182,4725.73,4725.73,False
2026-04-23 14:38:00+00:00,KRONOS_S100_M3_COMBO,BUY,TP,TP,53.200000000006185,53.200000000006185,4732.14,4732.14,False
2026-04-23 15:06:00+00:00,KRONOS_S100_M3_COMBO,BUY,SL,SL,-33.100000000004,-33.100000000004,4727.61,4727.61,False
2026-04-23 15:28:00+00:00,KRONOS_S99_MSS_FVG,BUY,SL,SL,-45.600000000004,-45.600000000004,4731.46,4731.46,False
2026-04-23 15:28:00+00:00,KRONOS_S100_M3_COMBO,BUY,SL,SL,-42.700000000004366,-42.700000000004366,4731.75,4731.75,False
2026-04-23 17:15:00+00:00,KRONOS_S94_SWEEP_REVERSAL,BUY,SL,SL,-94.70000000000255,-94.70000000000255,4704.74,4704.74,False
2026-04-23 23:46:00+00:00,KRONOS_S94_SWEEP_REVERSAL,SELL,SL,SL,-31.09999999999673,-31.09999999999673,4701.23,4701.23,False
2026-04-24 01:36:00+00:00,KRONOS_S100_M3_COMBO,SELL,SL,SL,-56.54999999999746,-56.54999999999746,4699.87,4699.87,False
2026-04-24 02:15:00+00:00,KRONOS_S100_M3_COMBO,SELL,TP,TP,67.79999999999747,67.79999999999747,4686.5,4686.5,False
2026-04-24 02:30:00+00:00,KRONOS_S100_M3_COMBO,SELL,SL,SL,-19.250000000001823,-19.250000000001823,4688.87,4688.87,False
2026-04-24 02:54:00+00:00,KRONOS_S100_M3_COMBO,SELL,TP,TP,91.05000000000474,91.05000000000474,4669.2,4669.2,False
2026-04-24 04:20:00+00:00,KRONOS_S100_M3_COMBO,SELL,TP,TP,67.5,67.5,4661.16,4661.16,False
2026-04-24 04:35:00+00:00,KRONOS_S100_M3_COMBO,SELL,SL,SL,-55.6999999999971,-55.6999999999971,4668.74,4668.74,False
2026-04-24 06:30:00+00:00,KRONOS_S99_MSS_FVG,SELL,TP,TP,40.399999999999636,40.399999999999636,4670.68,4670.68,False
2026-04-24 06:53:00+00:00,KRONOS_S100_M3_COMBO,SELL,SL,SL,-18.649999999997817,-18.649999999997817,4674.92,4674.92,False
2026-04-24 08:26:00+00:00,KRONOS_S100_M3_COMBO,BUY,SL,SL,-31.800000000002914,-31.800000000002914,4688.34,4688.34,False
2026-04-24 07:55:00+00:00,KRONOS_S93_FVG_SCALP,BUY,SL,SL,-59.899999999997824,-59.899999999997824,4685.31,4685.31,False
2026-04-24 07:55:00+00:00,KRONOS_S99_MSS_FVG,BUY,SL,SL,-59.899999999997824,-59.899999999997824,4685.31,4685.31,False
2026-04-24 08:38:00+00:00,KRONOS_S93_FVG_SCALP,SELL,SL,SL,-42.04999999999928,-42.04999999999928,4693.08,4693.08,False
2026-04-24 08:38:00+00:00,KRONOS_S99_MSS_FVG,SELL,SL,SL,-42.04999999999928,-42.04999999999928,4693.08,4693.08,False
2026-04-27 01:12:00+00:00,KRONOS_S100_M3_COMBO,SELL,SL,SL,-54.349999999994914,-54.349999999994914,4706.74,4706.74,False
2026-04-27 02:12:00+00:00,KRONOS_S100_M3_COMBO,SELL,SL,SL,-49.90000000000692,-49.90000000000692,4703.85,4703.85,False
2026-04-27 02:42:00+00:00,KRONOS_S100_M3_COMBO,BUY,TP,TP,81.84999999999492,81.84999999999492,4719.78,4719.78,False
2026-04-27 02:57:00+00:00,KRONOS_S100_M3_COMBO,BUY,SL,SL,-43.09999999999491,-43.09999999999491,4716.42,4716.42,False
2026-04-27 03:47:00+00:00,KRONOS_S100_M3_COMBO,BUY,SL,SL,-10.700000000006185,-10.700000000006185,4723.65,4723.65,False
2026-04-27 04:18:00+00:00,KRONOS_S100_M3_COMBO,BUY,SL,SL,-27.20000000000255,-27.20000000000255,4723.36,4723.36,False
2026-04-27 08:50:00+00:00,KRONOS_S93_FVG_SCALP,BUY,SL,SL,-24.25000000000182,-24.25000000000182,4709.23,4709.23,False
2026-04-27 08:49:00+00:00,KRONOS_S100_M3_COMBO,BUY,SL,SL,-46.400000000003274,-46.400000000003274,4707.83,4707.83,False
2026-04-27 08:52:00+00:00,KRONOS_S94_SWEEP_REVERSAL,BUY,SL,SL,-42.60000000000218,-42.60000000000218,4705.01,4705.01,False
2026-04-28 01:43:00+00:00,KRONOS_S100_M3_COMBO,BUY,SL,SL,-31.500000000005457,-31.500000000005457,4685.9,4685.9,False
2026-04-28 02:27:00+00:00,KRONOS_S100_M3_COMBO,SELL,TP,TP,56.54999999999746,56.54999999999746,4671.66,4671.66,False
2026-04-28 02:44:00+00:00,KRONOS_S100_M3_COMBO,SELL,SL,SL,-35.59999999999491,-35.59999999999491,4674.58,4674.58,False
2026-04-28 02:56:00+00:00,KRONOS_S94_SWEEP_REVERSAL,BUY,SL,SL,-15.349999999998545,-15.349999999998545,4666.17,4666.17,False
2026-04-28 04:09:00+00:00,KRONOS_S100_M3_COMBO,SELL,TP,TP,44.85000000000582,44.85000000000582,4663.36,4663.36,False
2026-04-28 05:47:00+00:00,KRONOS_S100_M3_COMBO,SELL,SL,SL,-105.29999999999747,-105.29999999999747,4638.91,4638.91,False
2026-04-28 06:27:00+00:00,KRONOS_S100_M3_COMBO,SELL,SL,SL,-30.449999999991633,-30.449999999991633,4633.19,4633.19,False
2026-04-28 07:26:00+00:00,KRONOS_S100_M3_COMBO,SELL,SL,SL,-55.200000000004366,-55.200000000004366,4633.89,4633.89,False
2026-04-29 01:31:00+00:00,KRONOS_S100_M3_COMBO,SELL,SL,SL,-55.649999999996005,-55.649999999996005,4586.57,4586.57,False
2026-04-29 01:59:00+00:00,KRONOS_S100_M3_COMBO,SELL,SL,SL,-44.04999999999746,-44.04999999999746,4589.17,4589.17,False
2026-04-29 02:24:00+00:00,KRONOS_S100_M3_COMBO,BUY,SL,SL,-43.75,-43.75,4594.36,4594.36,False
2026-04-29 04:49:00+00:00,KRONOS_S94_SWEEP_REVERSAL,SELL,SL,SL,-25.249999999996366,-25.249999999996366,4606.24,4606.24,False
2026-04-29 04:42:00+00:00,KRONOS_S100_M3_COMBO,BUY,SL,SL,-35.34999999999855,-35.34999999999855,4599.17,4599.17,False
2026-04-30 00:30:00+00:00,KRONOS_S94_SWEEP_REVERSAL,SELL,SL,SL,-33.45000000000255,-33.45000000000255,4569.37,4569.37,False
2026-04-30 01:21:00+00:00,KRONOS_S100_M3_COMBO,BUY,SL,SL,-25.100000000002183,-25.100000000002183,4566.57,4566.57,False
2026-04-30 01:33:00+00:00,KRONOS_S100_M3_COMBO,BUY,SL,SL,-62.299999999995634,-62.299999999995634,4572.31,4572.31,False
2026-04-30 02:10:00+00:00,KRONOS_S100_M3_COMBO,BUY,SL,SL,-33.69999999999891,-33.69999999999891,4573.17,4573.17,False
2026-05-01 01:22:00+00:00,KRONOS_S100_M3_COMBO,SELL,SL,SL,-41.25,-41.25,4619.54,4619.54,False
2026-05-01 02:21:00+00:00,KRONOS_S100_M3_COMBO,BUY,SL,SL,-55.649999999996005,-55.649999999996005,4624.68,4624.68,False
2026-05-01 03:24:00+00:00,KRONOS_S100_M3_COMBO,BUY,TP,TP,36.94999999999709,36.94999999999709,4627.74,4627.74,False
2026-05-01 03:41:00+00:00,KRONOS_S100_M3_COMBO,BUY,SL,SL,-17.449999999998912,-17.449999999998912,4626.02,4626.02,False
2026-05-01 04:40:00+00:00,KRONOS_S94_SWEEP_REVERSAL,BUY,SL,SL,-23.80000000000109,-23.80000000000109,4612.04,4612.04,False
2026-05-01 04:59:00+00:00,KRONOS_S100_M3_COMBO,SELL,SL,SL,-33.75,-33.75,4612.39,4612.39,False
2026-05-01 05:07:00+00:00,KRONOS_S100_M3_COMBO,SELL,SL,SL,-22.600000000002186,-22.600000000002186,4614.63,4614.63,False
2026-05-04 00:12:00+00:00,KRONOS_S94_SWEEP_REVERSAL,BUY,SL,SL,-73.1500000000051,-73.1500000000051,4603.78,4603.78,False
2026-05-04 01:17:00+00:00,KRONOS_S100_M3_COMBO,SELL,TP,TP,65.69999999999709,65.69999999999709,4596.91,4596.91,False
2026-05-04 01:34:00+00:00,KRONOS_S100_M3_COMBO,SELL,SL,SL,-10.349999999998545,-10.349999999998545,4600.12,4600.12,False
2026-05-04 02:13:00+00:00,KRONOS_S100_M3_COMBO,SELL,TP,TP,72.24999999999456,72.24999999999456,4602.55,4602.55,False
2026-05-04 02:33:00+00:00,KRONOS_S100_M3_COMBO,SELL,SL,SL,-29.700000000002547,-29.700000000002547,4597.62,4597.62,False
2026-05-04 03:44:00+00:00,KRONOS_S100_M3_COMBO,SELL,SL,SL,-20.14999999999418,-20.14999999999418,4606.98,4606.98,False
2026-05-04 04:17:00+00:00,KRONOS_S100_M3_COMBO,SELL,TP,TP,86.54999999999747,86.54999999999747,4604.17,4604.17,False
2026-05-04 06:09:00+00:00,KRONOS_S100_M3_COMBO,SELL,TP,TP,90.649999999996,90.649999999996,4587.85,4587.85,False
2026-05-04 06:23:00+00:00,KRONOS_S94_SWEEP_REVERSAL,BUY,SL,SL,-40.25000000000546,-40.25000000000546,4587.2,4587.2,False
2026-05-04 06:49:00+00:00,KRONOS_S100_M3_COMBO,SELL,TIME,TIME,92.69999999999527,104.64999999999236,4580.59,4579.395,False
2026-05-04 13:04:00+00:00,KRONOS_S100_M3_COMBO,SELL,SL,SL,-92.450000000008,-92.450000000008,4574.85,4574.85,False
2026-05-04 13:32:00+00:00,KRONOS_S100_M3_COMBO,SELL,SL,SL,-10.450000000000728,-10.450000000000728,4568.05,4568.05,False
2026-05-04 13:53:00+00:00,KRONOS_S100_M3_COMBO,SELL,SL,SL,-68.90000000000327,-68.90000000000327,4566.64,4566.64,False
2026-05-04 14:31:00+00:00,KRONOS_S94_SWEEP_REVERSAL,SELL,SL,SL,-52.34999999999673,-52.34999999999673,4583.16,4583.16,False
2026-05-04 14:29:00+00:00,KRONOS_S93_FVG_SCALP,BUY,SL,SL,-100.45000000000073,-100.45000000000073,4561.55,4561.55,False
2026-05-04 14:29:00+00:00,KRONOS_S99_MSS_FVG,BUY,SL,SL,-100.45000000000073,-100.45000000000073,4561.55,4561.55,False
2026-05-04 14:53:00+00:00,KRONOS_S100_M3_COMBO,SELL,TP,TP,160.19999999999527,160.19999999999527,4551.85,4551.85,False
2026-05-05 01:18:00+00:00,KRONOS_S100_M3_COMBO,BUY,SL,SL,-18.599999999996726,-18.599999999996726,4535.08,4535.08,False
2026-05-05 02:34:00+00:00,KRONOS_S100_M3_COMBO,BUY,TP,TP,32.60000000000218,32.60000000000218,4545.12,4545.12,False
2026-05-05 02:46:00+00:00,KRONOS_S100_M3_COMBO,BUY,SL,SL,-35.74999999999818,-35.74999999999818,4540.79,4540.79,False
2026-05-05 05:12:00+00:00,KRONOS_S100_M3_COMBO,BUY,SL,SL,-54.44999999999709,-54.44999999999709,4536.29,4536.29,False
2026-05-05 05:43:00+00:00,KRONOS_S100_M3_COMBO,BUY,SL,SL,-50.74999999999819,-50.74999999999819,4541.56,4541.56,False
2026-05-05 05:46:00+00:00,KRONOS_S94_SWEEP_REVERSAL,SELL,SL,SL,-54.4000000000051,-54.4000000000051,4552.76,4552.76,False
2026-05-05 06:50:00+00:00,KRONOS_S100_M3_COMBO,BUY,TP,TP,85.29999999999745,85.29999999999745,4557.63,4557.63,False
2026-05-06 00:18:00+00:00,KRONOS_S94_SWEEP_REVERSAL,SELL,SL,SL,-30.299999999997457,-30.299999999997457,4598.96,4598.96,False
2026-05-06 01:01:00+00:00,KRONOS_S100_M3_COMBO,BUY,SL,SL,-90.69999999999709,-90.69999999999709,4610.31,4610.31,False
2026-05-06 01:30:00+00:00,KRONOS_S100_M3_COMBO,BUY,TP,TP,66.64999999999964,66.64999999999964,4629.0,4629.0,False
2026-05-06 02:29:00+00:00,KRONOS_S100_M3_COMBO,BUY,SL,SL,-23.699999999998912,-23.699999999998912,4628.07,4628.07,False
2026-05-06 03:00:00+00:00,KRONOS_S100_M3_COMBO,BUY,TP,TP,60.79999999999928,60.79999999999928,4645.08,4645.08,False
2026-05-06 03:42:00+00:00,KRONOS_S100_M3_COMBO,BUY,SL,SL,-10.799999999999272,-10.799999999999272,4644.59,4644.59,False
2026-05-06 04:14:00+00:00,KRONOS_S100_M3_COMBO,BUY,TP,TP,63.699999999998916,63.699999999998916,4654.41,4654.41,False
2026-05-06 05:14:00+00:00,KRONOS_S100_M3_COMBO,BUY,SL,SL,-33.8000000000011,-33.8000000000011,4651.71,4651.71,False
2026-05-06 05:17:00+00:00,KRONOS_S100_M3_COMBO,BUY,SL,SL,-45.900000000001455,-45.900000000001455,4647.94,4647.94,False
2026-05-06 05:49:00+00:00,KRONOS_S100_M3_COMBO,BUY,TP,TP,60.10000000000218,60.10000000000218,4655.95,4655.95,False
2026-05-06 06:05:00+00:00,KRONOS_S99_MSS_FVG,BUY,TP,TP,91.35000000000218,91.35000000000218,4666.92,4666.92,False
2026-05-06 06:05:00+00:00,KRONOS_S100_M3_COMBO,BUY,TP,TP,125.0500000000011,125.0500000000011,4670.29,4670.29,False
2026-05-06 07:11:00+00:00,KRONOS_S100_M3_COMBO,BUY,SL,SL,-21.250000000000004,-21.250000000000004,4662.95,4662.95,False
2026-05-06 07:20:00+00:00,KRONOS_S93_FVG_SCALP,SELL,SL,SL,-72.34999999999673,-72.34999999999673,4667.28,4667.28,False
2026-05-06 07:31:00+00:00,KRONOS_S100_M3_COMBO,BUY,SL,SL,-14.399999999996,-14.399999999996,4663.01,4663.01,False
2026-05-06 07:32:00+00:00,KRONOS_S93_FVG_SCALP,BUY,TP,TP,23.499999999994543,23.499999999994543,4668.61,4668.61,False
2026-05-06 08:35:00+00:00,KRONOS_S93_FVG_SCALP,BUY,TP,TP,71.35000000000218,71.35000000000218,4680.01,4680.01,False
2026-05-06 08:35:00+00:00,KRONOS_S99_MSS_FVG,BUY,TP,TP,71.35000000000218,71.35000000000218,4680.01,4680.01,False
2026-05-06 09:04:00+00:00,KRONOS_S99_MSS_FVG,BUY,TP,TP,184.05000000000655,184.05000000000655,4710.85,4710.85,False
2026-05-06 10:49:00+00:00,KRONOS_S99_MSS_FVG,BUY,TP,TP,33.69999999999891,33.69999999999891,4714.28,4714.28,False
2026-05-06 11:01:00+00:00,KRONOS_S99_MSS_FVG,BUY,SL,SL,-32.349999999996726,-32.349999999996726,4714.1,4714.1,False
2026-05-06 12:21:00+00:00,KRONOS_S99_MSS_FVG,SELL,SL,SL,-51.599999999998545,-51.599999999998545,4682.09,4682.09,False
2026-05-06 13:05:00+00:00,KRONOS_S100_M3_COMBO,BUY,SL,SL,-76.60000000000764,-76.60000000000764,4677.15,4677.15,False
2026-05-06 13:18:00+00:00,KRONOS_S100_M3_COMBO,BUY,TP,TP,98.99999999999636,98.99999999999636,4693.78,4693.78,False
2026-05-06 13:45:00+00:00,KRONOS_S93_FVG_SCALP,BUY,TP,TP,112.20000000000255,112.20000000000255,4705.31,4705.31,False
2026-05-06 13:45:00+00:00,KRONOS_S99_MSS_FVG,BUY,TP,TP,112.20000000000255,112.20000000000255,4705.31,4705.31,False
2026-05-06 14:22:00+00:00,KRONOS_S99_MSS_FVG,BUY,SL,SL,-36.450000000004366,-36.450000000004366,4707.29,4707.29,False
2026-05-06 13:56:00+00:00,KRONOS_S100_M3_COMBO,BUY,TIME,TIME,-51.94999999999709,-31.44999999999527,4699.05,4701.1,False
2026-05-06 15:24:00+00:00,KRONOS_S100_M3_COMBO,BUY,SL,SL,-37.04999999999927,-37.04999999999927,4695.49,4695.49,False
2026-05-07 01:54:00+00:00,KRONOS_S100_M3_COMBO,BUY,SL,SL,-31.800000000002914,-31.800000000002914,4714.03,4714.03,False
2026-05-07 01:55:00+00:00,KRONOS_S94_SWEEP_REVERSAL,SELL,TP,TP,124.79999999999565,124.79999999999565,4701.35,4701.35,False
2026-05-07 04:45:00+00:00,KRONOS_S100_M3_COMBO,BUY,SL,SL,-44.950000000008004,-44.950000000008004,4694.69,4694.69,False
2026-05-07 04:53:00+00:00,KRONOS_S100_M3_COMBO,SELL,SL,SL,-32.80000000000655,-32.80000000000655,4698.64,4698.64,False
2026-05-07 05:06:00+00:00,KRONOS_S100_M3_COMBO,BUY,SL,SL,-25.649999999995998,-25.649999999995998,4696.8,4696.8,False
2026-05-07 06:06:00+00:00,KRONOS_S100_M3_COMBO,BUY,TP,TP,36.99999999999818,36.99999999999818,4709.82,4709.82,False
2026-05-07 06:24:00+00:00,KRONOS_S100_M3_COMBO,BUY,TP,TP,23.350000000000364,23.350000000000364,4716.08,4716.08,False
2026-05-07 06:47:00+00:00,KRONOS_S99_MSS_FVG,BUY,SL,SL,-89.49999999999818,-89.49999999999818,4732.58,4732.58,False
2026-05-07 08:10:00+00:00,KRONOS_S99_MSS_FVG,BUY,SL,SL,-35.55000000000291,-35.55000000000291,4743.0,4743.0,False
2026-05-07 07:19:00+00:00,KRONOS_S100_M3_COMBO,BUY,SL,SL,-87.74999999999636,-87.74999999999636,4735.21,4735.21,False
2026-05-07 08:25:00+00:00,KRONOS_S93_FVG_SCALP,SELL,TP,TP,10.549999999993815,10.549999999993815,4734.89,4734.89,False
2026-05-08 01:45:00+00:00,KRONOS_S100_M3_COMBO,SELL,SL,SL,-15.950000000002548,-15.950000000002548,4715.43,4715.43,False
2026-05-08 02:13:00+00:00,KRONOS_S100_M3_COMBO,BUY,SL,SL,-38.15000000000509,-38.15000000000509,4721.82,4721.82,False
2026-05-08 03:08:00+00:00,KRONOS_S100_M3_COMBO,BUY,SL,SL,-55.450000000000735,-55.450000000000735,4713.92,4713.92,False
2026-05-08 05:38:00+00:00,KRONOS_S100_M3_COMBO,BUY,TP,TP,72.89999999999964,72.89999999999964,4729.78,4729.78,False
2026-05-08 05:57:00+00:00,KRONOS_S100_M3_COMBO,BUY,SL,SL,-32.60000000000218,-32.60000000000218,4726.16,4726.16,False
2026-05-08 06:45:00+00:00,KRONOS_S100_M3_COMBO,BUY,SL,SL,-29.600000000000364,-29.600000000000364,4721.79,4721.79,False
2026-05-08 07:40:00+00:00,KRONOS_S100_M3_COMBO,BUY,TP,TP,76.45000000000437,76.45000000000437,4716.21,4716.21,False
2026-05-08 08:45:00+00:00,KRONOS_S99_MSS_FVG,BUY,TP,TP,20.999999999994547,20.999999999994547,4719.69,4719.69,False
2026-05-08 10:45:00+00:00,KRONOS_S99_MSS_FVG,BUY,SL,SL,-9.650000000001455,-9.650000000001455,4722.42,4722.42,False
2026-05-08 11:55:00+00:00,KRONOS_S99_MSS_FVG,SELL,TP,TP,68.55000000000473,68.55000000000473,4712.08,4712.08,False
2026-05-08 12:17:00+00:00,KRONOS_S99_MSS_FVG,SELL,SL,TP,-44.44999999999709,46.44999999999527,4713.9,4704.81,True
2026-05-08 13:21:00+00:00,KRONOS_S100_M3_COMBO,BUY,TP,TP,97.95000000000074,97.95000000000074,4734.36,4734.36,False
2026-05-08 14:02:00+00:00,KRONOS_S100_M3_COMBO,BUY,SL,SL,-46.850000000004,-46.850000000004,4736.91,4736.91,False
2026-05-08 13:40:00+00:00,KRONOS_S93_FVG_SCALP,BUY,SL,SL,-144.45000000000618,-144.45000000000618,4725.95,4725.95,False
2026-05-08 13:40:00+00:00,KRONOS_S99_MSS_FVG,BUY,SL,SL,-144.45000000000618,-144.45000000000618,4725.95,4725.95,False
2026-05-11 00:13:00+00:00,KRONOS_S94_SWEEP_REVERSAL,BUY,SL,SL,-22.600000000002186,-22.600000000002186,4679.63,4679.63,False
2026-05-11 02:00:00+00:00,KRONOS_S100_M3_COMBO,SELL,SL,SL,-14.400000000005095,-14.400000000005095,4691.09,4691.09,False
2026-05-11 02:46:00+00:00,KRONOS_S100_M3_COMBO,SELL,TP,TP,144.64999999999236,144.64999999999236,4678.1,4678.1,False
2026-05-11 03:59:00+00:00,KRONOS_S100_M3_COMBO,SELL,TP,TP,34.30000000000291,34.30000000000291,4675.07,4675.07,False
2026-05-11 04:12:00+00:00,KRONOS_S94_SWEEP_REVERSAL,BUY,SL,SL,-24.400000000005097,-24.400000000005097,4673.24,4673.24,False
2026-05-11 04:05:00+00:00,KRONOS_S100_M3_COMBO,SELL,TIME,TIME,18.69999999999891,34.600000000000364,4674.2,4672.61,False
2026-05-11 06:01:00+00:00,KRONOS_S99_MSS_FVG,SELL,SL,SL,-63.64999999999782,-63.64999999999782,4660.26,4660.26,False
2026-05-11 08:05:00+00:00,KRONOS_S99_MSS_FVG,SELL,TP,TP,13.450000000002547,13.450000000002547,4668.33,4668.33,False
2026-05-11 07:53:00+00:00,KRONOS_S100_M3_COMBO,SELL,SL,SL,-38.149999999996,-38.149999999996,4672.66,4672.66,False
2026-05-11 08:31:00+00:00,KRONOS_S100_M3_COMBO,SELL,TP,TP,153.29999999999927,153.29999999999927,4657.58,4657.58,False
2026-05-11 09:43:00+00:00,KRONOS_S93_FVG_SCALP,SELL,SL,SL,-39.49999999999818,-39.49999999999818,4665.74,4665.74,False
2026-05-11 11:12:00+00:00,KRONOS_S99_MSS_FVG,BUY,TP,TP,21.799999999993815,21.799999999993815,4669.98,4669.98,False
2026-05-11 11:45:00+00:00,KRONOS_S99_MSS_FVG,BUY,SL,SL,-26.450000000004366,-26.450000000004366,4672.5,4672.5,False
2026-05-11 12:15:00+00:00,KRONOS_S93_FVG_SCALP,SELL,SL,SL,-30.20000000000437,-30.20000000000437,4671.68,4671.68,False
2026-05-11 12:15:00+00:00,KRONOS_S99_MSS_FVG,SELL,SL,SL,-30.20000000000437,-30.20000000000437,4671.68,4671.68,False
2026-05-11 13:30:00+00:00,KRONOS_S94_SWEEP_REVERSAL,SELL,SL,SL,-35.55000000000291,-35.55000000000291,4736.63,4736.63,False
2026-05-11 14:00:00+00:00,KRONOS_S100_M3_COMBO,BUY,SL,SL,-65.0,-65.0,4726.88,4726.88,False
2026-05-11 14:06:00+00:00,KRONOS_S93_FVG_SCALP,BUY,SL,SL,-31.00000000000364,-31.00000000000364,4719.62,4719.62,False
2026-05-11 14:06:00+00:00,KRONOS_S99_MSS_FVG,BUY,SL,SL,-31.00000000000364,-31.00000000000364,4719.62,4719.62,False
2026-05-11 14:13:00+00:00,KRONOS_S93_FVG_SCALP,SELL,TP,TP,103.59999999999674,103.59999999999674,4721.83,4721.83,False
2026-05-11 14:57:00+00:00,KRONOS_S100_M3_COMBO,BUY,TIME,TIME,43.75,60.10000000000218,4729.11,4730.745,False
2026-05-12 02:24:00+00:00,KRONOS_S100_M3_COMBO,SELL,TIME,TIME,33.75,37.55000000000109,4726.27,4725.89,False
2026-05-12 02:30:00+00:00,KRONOS_S94_SWEEP_REVERSAL,BUY,SL,SL,-37.79999999999746,-37.79999999999746,4720.08,4720.08,False
2026-05-12 03:52:00+00:00,KRONOS_S100_M3_COMBO,SELL,SL,SL,-26.500000000005457,-26.500000000005457,4724.77,4724.77,False
2026-05-12 04:57:00+00:00,KRONOS_S100_M3_COMBO,SELL,TP,TP,47.04999999999927,47.04999999999927,4711.46,4711.46,False
2026-05-12 05:14:00+00:00,KRONOS_S100_M3_COMBO,SELL,SL,SL,-53.450000000002554,-53.450000000002554,4717.75,4717.75,False
2026-05-12 06:20:00+00:00,KRONOS_S100_M3_COMBO,SELL,TP,TP,115.84999999999128,115.84999999999128,4691.77,4691.77,False
2026-05-12 07:10:00+00:00,KRONOS_S94_SWEEP_REVERSAL,BUY,SL,SL,-78.19999999999709,-78.19999999999709,4685.33,4685.33,False
2026-05-12 11:47:00+00:00,KRONOS_S99_MSS_FVG,BUY,TP,TP,10.249999999996362,10.249999999996362,4704.86,4704.86,False
2026-05-12 13:21:00+00:00,KRONOS_S93_FVG_SCALP,SELL,SL,SL,-43.75,-43.75,4694.74,4694.74,False
2026-05-12 13:21:00+00:00,KRONOS_S100_M3_COMBO,SELL,SL,SL,-27.55000000000109,-27.55000000000109,4693.12,4693.12,False
2026-05-12 13:33:00+00:00,KRONOS_S94_SWEEP_REVERSAL,BUY,TP,TP,112.74999999999638,112.74999999999638,4698.87,4698.87,False
2026-05-12 13:46:00+00:00,KRONOS_S93_FVG_SCALP,BUY,SL,SL,-51.99999999999818,-51.99999999999818,4691.21,4691.21,False
2026-05-12 14:03:00+00:00,KRONOS_S100_M3_COMBO,SELL,SL,SL,-69.14999999999965,-69.14999999999965,4695.18,4695.18,False
2026-05-12 14:55:00+00:00,KRONOS_S100_M3_COMBO,SELL,TP,TP,61.09999999999673,61.09999999999673,4668.46,4668.46,False
2026-05-12 15:27:00+00:00,KRONOS_S100_M3_COMBO,SELL,SL,SL,-78.35000000000036,-78.35000000000036,4660.15,4660.15,False
2026-05-12 15:30:00+00:00,KRONOS_S99_MSS_FVG,SELL,SL,SL,-48.05000000000291,-48.05000000000291,4661.37,4661.37,False
2026-05-13 01:13:00+00:00,KRONOS_S94_SWEEP_REVERSAL,BUY,SL,SL,-47.65000000000328,-47.65000000000328,4706.86,4706.86,False
2026-05-13 02:50:00+00:00,KRONOS_S100_M3_COMBO,SELL,SL,SL,-38.75,-38.75,4697.01,4697.01,False
2026-05-13 04:00:00+00:00,KRONOS_S100_M3_COMBO,SELL,SL,SL,-23.699999999998912,-23.699999999998912,4698.26,4698.26,False
2026-05-13 06:27:00+00:00,KRONOS_S99_MSS_FVG,BUY,TP,TP,41.19999999999891,41.19999999999891,4711.76,4711.76,False
2026-05-13 07:00:00+00:00,KRONOS_S99_MSS_FVG,SELL,TP,TP,52.15000000000146,52.15000000000146,4698.04,4698.04,False
2026-05-13 07:11:00+00:00,KRONOS_S100_M3_COMBO,SELL,SL,SL,-28.40000000000146,-28.40000000000146,4703.56,4703.56,False
2026-05-13 08:30:00+00:00,KRONOS_S100_M3_COMBO,SELL,SL,SL,-50.05000000000109,-50.05000000000109,4699.67,4699.67,False
2026-05-13 08:41:00+00:00,KRONOS_S94_SWEEP_REVERSAL,BUY,SL,SL,-28.900000000003274,-28.900000000003274,4694.2,4694.2,False
2026-05-13 09:27:00+00:00,KRONOS_S99_MSS_FVG,SELL,TP,TP,20.05000000000109,20.05000000000109,4689.25,4689.25,False
2026-05-13 09:30:00+00:00,KRONOS_S94_SWEEP_REVERSAL,BUY,TP,TP,100.95000000000256,100.95000000000256,4698.22,4698.22,False
2026-05-13 12:07:00+00:00,KRONOS_S93_FVG_SCALP,SELL,TP,TP,17.849999999998545,17.849999999998545,4698.5,4698.5,False
2026-05-13 10:15:00+00:00,KRONOS_S94_SWEEP_REVERSAL,SELL,TP,TP,154.29999999999382,154.29999999999382,4687.56,4687.56,False
2026-05-13 13:41:00+00:00,KRONOS_S100_M3_COMBO,SELL,SL,SL,-77.14999999999237,-77.14999999999237,4685.94,4685.94,False
2026-05-13 14:25:00+00:00,KRONOS_S93_FVG_SCALP,SELL,SL,SL,-67.34999999999674,-67.34999999999674,4689.96,4689.96,False
2026-05-13 14:25:00+00:00,KRONOS_S99_MSS_FVG,SELL,SL,SL,-67.34999999999674,-67.34999999999674,4689.96,4689.96,False
2026-05-13 15:48:00+00:00,KRONOS_S99_MSS_FVG,BUY,SL,SL,-29.65000000000146,-29.65000000000146,4694.58,4694.58,False
2026-05-14 00:27:00+00:00,KRONOS_S94_SWEEP_REVERSAL,SELL,SL,SL,-49.350000000004,-49.350000000004,4706.04,4706.04,False
2026-05-14 01:01:00+00:00,KRONOS_S100_M3_COMBO,BUY,SL,SL,-40.74999999999818,-40.74999999999818,4699.08,4699.08,False
2026-05-14 01:51:00+00:00,KRONOS_S100_M3_COMBO,BUY,SL,SL,-22.15000000000146,-22.15000000000146,4687.98,4687.98,False
2026-05-14 01:57:00+00:00,KRONOS_S100_M3_COMBO,SELL,SL,SL,-90.50000000000182,-90.50000000000182,4694.58,4694.58,False
2026-05-15 01:16:00+00:00,KRONOS_S100_M3_COMBO,SELL,TIME,TIME,64.399999999996,56.39999999999418,4613.09,4613.89,False
2026-05-15 02:33:00+00:00,KRONOS_S100_M3_COMBO,SELL,SL,SL,-41.25,-41.25,4615.7,4615.7,False
2026-05-15 03:24:00+00:00,KRONOS_S100_M3_COMBO,SELL,SL,SL,-23.200000000006185,-23.200000000006185,4616.56,4616.56,False
2026-05-15 03:57:00+00:00,KRONOS_S100_M3_COMBO,SELL,SL,SL,-15.950000000002548,-15.950000000002548,4616.56,4616.56,False
2026-05-15 04:48:00+00:00,KRONOS_S100_M3_COMBO,SELL,SL,SL,-35.900000000001455,-35.900000000001455,4611.68,4611.68,False
2026-05-15 05:15:00+00:00,KRONOS_S100_M3_COMBO,SELL,TP,TP,127.65000000000329,127.65000000000329,4581.92,4581.92,False
2026-05-15 05:29:00+00:00,KRONOS_S100_M3_COMBO,SELL,TP,TP,69.44999999999709,69.44999999999709,4581.97,4581.97,False
2026-05-15 06:04:00+00:00,KRONOS_S100_M3_COMBO,SELL,SL,SL,-112.89999999999965,-112.89999999999965,4574.92,4574.92,False
2026-05-15 07:09:00+00:00,KRONOS_S100_M3_COMBO,SELL,SL,SL,-56.40000000000328,-56.40000000000328,4581.38,4581.38,False
2026-05-15 07:25:00+00:00,KRONOS_S99_MSS_FVG,BUY,SL,SL,-69.89999999999782,-69.89999999999782,4575.27,4575.27,False
2026-05-15 07:56:00+00:00,KRONOS_S100_M3_COMBO,SELL,TP,TP,43.45000000000255,43.45000000000255,4566.25,4566.25,False
2026-05-15 08:06:00+00:00,KRONOS_S100_M3_COMBO,SELL,TP,TP,62.89999999999964,62.89999999999964,4558.55,4558.55,False
2026-05-15 08:25:00+00:00,KRONOS_S93_FVG_SCALP,SELL,TP,TP,40.0,40.0,4556.21,4556.21,False
2026-05-15 08:27:00+00:00,KRONOS_S94_SWEEP_REVERSAL,BUY,SL,SL,-54.09999999999855,-54.09999999999855,4552.22,4552.22,False
2026-05-15 08:22:00+00:00,KRONOS_S100_M3_COMBO,SELL,TP,TP,151.3000000000011,151.3000000000011,4544.9,4544.9,False
2026-05-15 09:21:00+00:00,KRONOS_S93_FVG_SCALP,SELL,SL,SL,-68.45000000000255,-68.45000000000255,4555.14,4555.14,False
2026-05-15 09:21:00+00:00,KRONOS_S99_MSS_FVG,SELL,SL,SL,-68.45000000000255,-68.45000000000255,4555.14,4555.14,False
2026-05-15 11:02:00+00:00,KRONOS_S99_MSS_FVG,BUY,SL,SL,-31.400000000003274,-31.400000000003274,4561.96,4561.96,False
2026-05-15 11:46:00+00:00,KRONOS_S99_MSS_FVG,SELL,TP,TP,71.59999999999856,71.59999999999856,4548.02,4548.02,False
2026-05-15 13:05:00+00:00,KRONOS_S100_M3_COMBO,SELL,TP,TP,68.75,68.75,4541.29,4541.29,False
2026-05-15 13:50:00+00:00,KRONOS_S93_FVG_SCALP,SELL,SL,SL,-119.85000000000583,-119.85000000000583,4544.01,4544.01,False
2026-05-15 13:50:00+00:00,KRONOS_S99_MSS_FVG,SELL,SL,SL,-119.85000000000583,-119.85000000000583,4544.01,4544.01,False
2026-05-15 14:17:00+00:00,KRONOS_S100_M3_COMBO,SELL,SL,SL,-29.75000000000364,-29.75000000000364,4555.6,4555.6,False
2026-05-18 03:49:00+00:00,KRONOS_S100_M3_COMBO,BUY,SL,SL,-61.35000000000219,-61.35000000000219,4536.01,4536.01,False
2026-05-18 04:42:00+00:00,KRONOS_S100_M3_COMBO,BUY,SL,SL,-19.099999999998545,-19.099999999998545,4538.39,4538.39,False
2026-05-18 05:26:00+00:00,KRONOS_S100_M3_COMBO,BUY,SL,SL,-61.14999999999782,-61.14999999999782,4543.24,4543.24,False
2026-05-18 05:51:00+00:00,KRONOS_S100_M3_COMBO,BUY,SL,SL,-21.549999999997453,-21.549999999997453,4535.3,4535.3,False
