strategy,side,entry_time,entry_px,exit_time,exit_px,outcome,usd,lots,ticket,account_id
KRONOS_S99_MSS_FVG,SELL,2026-07-07T01:31:17Z,4136.9,2026-07-07T01:34:04Z,4140.27,SL,-68.4,0.2,23532569,97fab5dc-d6d3-4684-aa81-9f35080cc79b
KRONOS_S99_MSS_FVG,BUY,2026-07-07T08:22:05Z,4134.88,2026-07-07T08:43:08Z,4130.07,SL,-38.88,0.08,23854588,97fab5dc-d6d3-4684-aa81-9f35080cc79b
KRONOS_S99_MSS_FVG,SELL,2026-07-07T09:13:18Z,4127.31,2026-07-07T09:27:38Z,4125.84,TP,14.2,0.1,23912640,97fab5dc-d6d3-4684-aa81-9f35080cc79b
KRONOS_S99_MSS_FVG,BUY,2026-07-07T09:48:07Z,4128.11,2026-07-07T09:50:35Z,4126.39,SL,-17.7,0.1,23949460,97fab5dc-d6d3-4684-aa81-9f35080cc79b
KRONOS_S99_MSS_FVG,BUY,2026-07-07T11:32:13Z,4140.77,2026-07-07T11:44:59Z,4148.27,TP,44.7,0.06,24046681,97fab5dc-d6d3-4684-aa81-9f35080cc79b
KRONOS_S93_FVG_SCALP,BUY,2026-07-07T12:21:10Z,4166.45,2026-07-07T13:00:11Z,4176.54,TP,50.2,0.05,24144471,97fab5dc-d6d3-4684-aa81-9f35080cc79b
KRONOS_S99_MSS_FVG,BUY,2026-07-07T12:21:18Z,4166.66,2026-07-07T13:00:11Z,4176.54,TP,49.15,0.05,24144669,97fab5dc-d6d3-4684-aa81-9f35080cc79b
KRONOS_S94_SWEEP_REVERSAL,BUY,2026-07-07T19:26:02Z,4100.72,2026-07-08T00:39:07Z,4120.0,TP,73.19,0.04,24677169,97fab5dc-d6d3-4684-aa81-9f35080cc79b
KRONOS_S94_SWEEP_REVERSAL,SELL,2026-07-08T05:43:07Z,4131.1,2026-07-08T07:03:58Z,4121.87,TP,91.8,0.1,24973058,97fab5dc-d6d3-4684-aa81-9f35080cc79b
KRONOS_S99_MSS_FVG,SELL,2026-07-08T07:29:07Z,4120.13,2026-07-08T07:31:07Z,4124.36,SL,-42.8,0.1,25066872,97fab5dc-d6d3-4684-aa81-9f35080cc79b
KRONOS_S93_FVG_SCALP,SELL,2026-07-08T07:29:21Z,4119.69,2026-07-08T07:31:07Z,4124.36,SL,-47.2,0.1,25067077,97fab5dc-d6d3-4684-aa81-9f35080cc79b
KRONOS_S93_FVG_SCALP,SELL,2026-07-08T08:47:06Z,4069.39,2026-07-08T09:43:12Z,4049.72,TP,58.86,0.03,25214700,97fab5dc-d6d3-4684-aa81-9f35080cc79b
KRONOS_S94_SWEEP_REVERSAL,BUY,2026-07-08T08:55:08Z,4064.2,2026-07-08T08:56:37Z,4058.31,SL,-59.4,0.1,25231856,97fab5dc-d6d3-4684-aa81-9f35080cc79b
KRONOS_S94_SWEEP_REVERSAL,BUY,2026-07-08T09:06:21Z,4055.36,2026-07-08T09:43:02Z,4050.24,SL,-51.7,0.1,25253693,97fab5dc-d6d3-4684-aa81-9f35080cc79b
KRONOS_S99_MSS_FVG,SELL,2026-07-08T09:16:02Z,4057.39,2026-07-08T09:43:14Z,4047.87,TP,56.82,0.06,25268483,97fab5dc-d6d3-4684-aa81-9f35080cc79b
KRONOS_S93_FVG_SCALP,BUY,2026-07-08T12:25:08Z,4067.97,2026-07-08T12:42:12Z,4074.73,TP,60.39,0.09,25485347,97fab5dc-d6d3-4684-aa81-9f35080cc79b
KRONOS_S99_MSS_FVG,SELL,2026-07-08T14:52:22Z,4043.48,2026-07-08T14:52:23Z,4043.87,SL,-4.4,0.1,25743810,97fab5dc-d6d3-4684-aa81-9f35080cc79b
KRONOS_S99_MSS_FVG,SELL,2026-07-08T15:21:21Z,4033.12,2026-07-08T15:22:51Z,4028.65,TP,39.78,0.09,25790290,97fab5dc-d6d3-4684-aa81-9f35080cc79b
KRONOS_S94_SWEEP_REVERSAL,SELL,2026-07-08T19:01:17Z,4089.71,2026-07-09T01:04:15Z,4066.1,TP,145.26,0.06,26010881,97fab5dc-d6d3-4684-aa81-9f35080cc79b
KRONOS_S94_SWEEP_REVERSAL,SELL,2026-07-09T00:11:15Z,4081.25,2026-07-09T00:11:39Z,4083.1,SL,-19.0,0.1,26082901,97fab5dc-d6d3-4684-aa81-9f35080cc79b
KRONOS_S94_SWEEP_REVERSAL,BUY,2026-07-09T01:01:22Z,4078.32,2026-07-09T01:03:38Z,4069.26,SL,-91.1,0.1,26118942,97fab5dc-d6d3-4684-aa81-9f35080cc79b
KRONOS_S94_SWEEP_REVERSAL,BUY,2026-07-09T03:07:02Z,4063.56,2026-07-09T03:09:33Z,4060.5,SL,-31.1,0.1,26196068,97fab5dc-d6d3-4684-aa81-9f35080cc79b
KRONOS_S94_SWEEP_REVERSAL,SELL,2026-07-09T06:11:03Z,4089.3,2026-07-09T06:22:27Z,4100.78,SL,-34.59,0.03,26344948,97fab5dc-d6d3-4684-aa81-9f35080cc79b
KRONOS_S99_MSS_FVG,BUY,2026-07-09T06:41:14Z,4097.28,2026-07-09T06:43:43Z,4102.05,TP,47.2,0.1,26384579,97fab5dc-d6d3-4684-aa81-9f35080cc79b
KRONOS_S94_SWEEP_REVERSAL,SELL,2026-07-09T07:27:12Z,4105.75,2026-07-09T07:49:38Z,4111.19,SL,-54.9,0.1,26430194,97fab5dc-d6d3-4684-aa81-9f35080cc79b
KRONOS_S99_MSS_FVG,BUY,2026-07-09T08:31:15Z,4116.58,2026-07-09T08:34:03Z,4111.12,SL,-55.1,0.1,26496793,97fab5dc-d6d3-4684-aa81-9f35080cc79b
KRONOS_S93_FVG_SCALP,SELL,2026-07-09T09:19:07Z,4111.54,2026-07-09T09:34:23Z,4106.63,TP,48.6,0.1,26537838,97fab5dc-d6d3-4684-aa81-9f35080cc79b
KRONOS_S99_MSS_FVG,SELL,2026-07-09T11:01:07Z,4099.59,2026-07-09T11:02:03Z,4102.47,SL,-29.3,0.1,26620915,97fab5dc-d6d3-4684-aa81-9f35080cc79b
KRONOS_S99_MSS_FVG,BUY,2026-07-09T12:16:01Z,4111.66,2026-07-09T12:19:08Z,4109.21,SL,-25.0,0.1,26712504,97fab5dc-d6d3-4684-aa81-9f35080cc79b
KRONOS_S93_FVG_SCALP,SELL,2026-07-09T12:26:11Z,4106.32,2026-07-09T12:33:29Z,4113.33,SL,-56.48,0.08,26726509,97fab5dc-d6d3-4684-aa81-9f35080cc79b
KRONOS_S94_SWEEP_REVERSAL,BUY,2026-07-10T00:41:20Z,4118.9,2026-07-10T00:45:20Z,4125.7,TP,47.25,0.07,27268364,97fab5dc-d6d3-4684-aa81-9f35080cc79b
KRONOS_S94_SWEEP_REVERSAL,SELL,2026-07-10T02:12:09Z,4127.58,2026-07-10T03:00:23Z,4131.6,SL,-40.7,0.1,27343585,97fab5dc-d6d3-4684-aa81-9f35080cc79b
KRONOS_S94_SWEEP_REVERSAL,BUY,2026-07-10T05:46:15Z,4111.9,2026-07-10T05:47:36Z,4109.01,SL,-29.4,0.1,27460935,97fab5dc-d6d3-4684-aa81-9f35080cc79b
KRONOS_S93_FVG_SCALP,SELL,2026-07-10T07:51:13Z,4107.42,2026-07-10T08:35:35Z,4101.86,TP,55.1,0.1,27564594,97fab5dc-d6d3-4684-aa81-9f35080cc79b
KRONOS_S94_SWEEP_REVERSAL,BUY,2026-07-10T08:02:10Z,4106.24,2026-07-10T08:34:35Z,4102.23,SL,-40.6,0.1,27576276,97fab5dc-d6d3-4684-aa81-9f35080cc79b
KRONOS_S93_FVG_SCALP,SELL,2026-07-10T09:01:04Z,4098.05,2026-07-10T09:01:17Z,4096.17,TP,18.3,0.1,27634799,97fab5dc-d6d3-4684-aa81-9f35080cc79b
KRONOS_S99_MSS_FVG,SELL,2026-07-10T11:41:18Z,4099.67,2026-07-10T11:42:39Z,4103.44,SL,-38.2,0.1,27774859,97fab5dc-d6d3-4684-aa81-9f35080cc79b
KRONOS_S93_FVG_SCALP,SELL,2026-07-10T12:10:18Z,4103.69,2026-07-10T12:13:45Z,4109.19,SL,-55.5,0.1,27804461,97fab5dc-d6d3-4684-aa81-9f35080cc79b
KRONOS_S93_FVG_SCALP,BUY,2026-07-10T12:21:10Z,4110.32,2026-07-10T12:31:27Z,4103.2,SL,-50.19,0.07,27832026,97fab5dc-d6d3-4684-aa81-9f35080cc79b
KRONOS_S99_MSS_FVG,BUY,2026-07-10T12:21:17Z,4110.76,2026-07-10T12:31:27Z,4103.2,SL,-53.27,0.07,27832231,97fab5dc-d6d3-4684-aa81-9f35080cc79b
KRONOS_S94_SWEEP_REVERSAL,BUY,2026-07-12T23:01:19Z,4073.04,2026-07-12T23:04:35Z,4069.37,SL,-37.2,0.1,28347694,97fab5dc-d6d3-4684-aa81-9f35080cc79b
KRONOS_S94_SWEEP_REVERSAL,BUY,2026-07-13T00:41:19Z,4069.19,2026-07-13T03:06:44Z,4060.37,SL,-35.48,0.04,28413201,97fab5dc-d6d3-4684-aa81-9f35080cc79b
KRONOS_S94_SWEEP_REVERSAL,BUY,2026-07-13T04:09:17Z,4056.45,2026-07-13T04:14:25Z,4052.37,SL,-41.3,0.1,28557746,97fab5dc-d6d3-4684-aa81-9f35080cc79b
KRONOS_S94_SWEEP_REVERSAL,BUY,2026-07-13T04:50:16Z,4053.06,2026-07-13T05:07:28Z,4064.1,TP,109.9,0.1,28582446,97fab5dc-d6d3-4684-aa81-9f35080cc79b
KRONOS_S99_MSS_FVG,SELL,2026-07-13T06:22:09Z,4056.19,2026-07-13T06:27:11Z,4059.36,SL,-32.2,0.1,28684984,97fab5dc-d6d3-4684-aa81-9f35080cc79b
KRONOS_S93_FVG_SCALP,BUY,2026-07-13T08:31:04Z,4073.54,2026-07-13T08:53:37Z,4077.97,TP,43.8,0.1,28837331,97fab5dc-d6d3-4684-aa81-9f35080cc79b
KRONOS_S99_MSS_FVG,SELL,2026-07-13T10:51:07Z,4055.05,2026-07-13T11:05:59Z,4066.97,SL,-35.91,0.03,28970132,97fab5dc-d6d3-4684-aa81-9f35080cc79b
KRONOS_S99_MSS_FVG,SELL,2026-07-13T12:01:06Z,4058.77,2026-07-13T12:24:26Z,4061.66,SL,-29.4,0.1,29050076,97fab5dc-d6d3-4684-aa81-9f35080cc79b
KRONOS_S93_FVG_SCALP,SELL,2026-07-13T14:26:12Z,4027.9,2026-07-13T14:40:23Z,4001.98,TP,51.74,0.02,29336713,97fab5dc-d6d3-4684-aa81-9f35080cc79b
KRONOS_S93_FVG_SCALP,BUY,2026-07-14T09:56:10Z,4020.76,2026-07-14T10:13:07Z,4017.41,SL,-34.0,0.1,30169013,97fab5dc-d6d3-4684-aa81-9f35080cc79b
KRONOS_S93_FVG_SCALP,BUY,2026-07-14T12:51:15Z,4080.35,2026-07-15T03:30:57Z,4028.98,TIME,-52.35,0.01,30407031,97fab5dc-d6d3-4684-aa81-9f35080cc79b
KRONOS_S99_MSS_FVG,BUY,2026-07-14T12:51:16Z,4080.4,2026-07-15T03:30:57Z,4028.98,TIME,-52.4,0.01,30407060,97fab5dc-d6d3-4684-aa81-9f35080cc79b
KRONOS_S93_FVG_SCALP,SELL,2026-07-15T07:33:14Z,4025.79,2026-07-15T07:35:04Z,4022.76,TP,29.8,0.1,31179079,97fab5dc-d6d3-4684-aa81-9f35080cc79b
KRONOS_S94_SWEEP_REVERSAL,SELL,2026-07-15T10:21:16Z,4035.5,2026-07-15T11:41:24Z,4037.47,SL,-20.2,0.1,31341960,97fab5dc-d6d3-4684-aa81-9f35080cc79b
KRONOS_S99_MSS_FVG,BUY,2026-07-15T13:27:16Z,4055.97,2026-07-15T13:42:14Z,4063.0,TP,69.8,0.1,31604690,97fab5dc-d6d3-4684-aa81-9f35080cc79b
KRONOS_S99_MSS_FVG,SELL,2026-07-15T15:26:10Z,4046.63,2026-07-15T16:19:48Z,4034.2,TP,49.52,0.04,31815773,97fab5dc-d6d3-4684-aa81-9f35080cc79b
KRONOS_S94_SWEEP_REVERSAL,BUY,2026-07-16T02:52:17Z,4026.27,2026-07-16T06:35:07Z,4023.95,SL,-23.7,0.1,32221108,97fab5dc-d6d3-4684-aa81-9f35080cc79b
KRONOS_S93_FVG_SCALP,BUY,2026-07-16T07:01:08Z,4028.41,2026-07-16T07:13:17Z,4027.28,SL,-11.8,0.1,32372334,97fab5dc-d6d3-4684-aa81-9f35080cc79b
KRONOS_S93_FVG_SCALP,SELL,2026-07-16T07:21:05Z,4026.42,2026-07-16T07:46:57Z,4029.49,SL,-31.2,0.1,32389585,97fab5dc-d6d3-4684-aa81-9f35080cc79b
KRONOS_S93_FVG_SCALP,SELL,2026-07-16T13:46:07Z,3988.73,2026-07-16T13:50:24Z,3995.42,SL,-40.44,0.06,32929764,97fab5dc-d6d3-4684-aa81-9f35080cc79b
KRONOS_S99_MSS_FVG,BUY,2026-07-16T15:57:17Z,4006.93,2026-07-16T16:08:00Z,3997.78,SL,-36.8,0.04,33124504,97fab5dc-d6d3-4684-aa81-9f35080cc79b
KRONOS_S99_MSS_FVG,SELL,2026-07-17T08:26:04Z,3994.52,2026-07-17T08:28:12Z,3991.04,TP,34.3,0.1,33732476,97fab5dc-d6d3-4684-aa81-9f35080cc79b
KRONOS_S99_MSS_FVG,SELL,2026-07-17T11:02:21Z,3993.69,2026-07-17T11:06:50Z,3991.03,TP,26.1,0.1,33839641,97fab5dc-d6d3-4684-aa81-9f35080cc79b
KRONOS_S99_MSS_FVG,SELL,2026-07-17T12:11:09Z,3992.8,2026-07-17T12:20:31Z,3987.85,TP,49.0,0.1,33892396,97fab5dc-d6d3-4684-aa81-9f35080cc79b
KRONOS_S93_FVG_SCALP,SELL,2026-07-17T13:05:03Z,3973.86,2026-07-17T13:30:47Z,3965.14,TP,52.02,0.06,33997813,97fab5dc-d6d3-4684-aa81-9f35080cc79b
KRONOS_S94_SWEEP_REVERSAL,SELL,2026-07-17T15:11:03Z,4010.13,2026-07-17T15:30:07Z,4014.75,SL,-28.02,0.06,34243459,97fab5dc-d6d3-4684-aa81-9f35080cc79b
KRONOS_S94_SWEEP_REVERSAL,SELL,2026-07-17T15:18:18Z,4007.42,2026-07-17T15:30:07Z,4014.9,SL,-30.12,0.04,34251579,97fab5dc-d6d3-4684-aa81-9f35080cc79b
KRONOS_S99_MSS_FVG,SELL,2026-07-20T06:41:03Z,4005.34,2026-07-20T07:00:31Z,4002.66,SL,26.3,0.1,34735081,97fab5dc-d6d3-4684-aa81-9f35080cc79b
KRONOS_S94_SWEEP_REVERSAL,SELL,2026-07-20T16:07:19Z,4018.22,2026-07-21T00:36:09Z,4021.22,SL,-28.33,0.1,35462409,97fab5dc-d6d3-4684-aa81-9f35080cc79b
KRONOS_S99_MSS_FVG,BUY,2026-07-21T07:06:19Z,4077.42,2026-07-21T07:11:20Z,4074.09,SL,-33.8,0.1,35959352,97fab5dc-d6d3-4684-aa81-9f35080cc79b
KRONOS_S99_MSS_FVG,SELL,2026-07-21T08:33:07Z,4064.47,2026-07-21T08:36:33Z,4061.7,TP,27.2,0.1,36045352,97fab5dc-d6d3-4684-aa81-9f35080cc79b
KRONOS_S99_MSS_FVG,SELL,2026-07-21T11:13:20Z,4058.63,2026-07-21T12:24:36Z,4065.24,SL,-53.28,0.08,36194835,97fab5dc-d6d3-4684-aa81-9f35080cc79b
KRONOS_S93_FVG_SCALP,SELL,2026-07-21T12:46:14Z,4055.66,2026-07-21T12:48:14Z,4059.99,SL,-43.8,0.1,36298481,97fab5dc-d6d3-4684-aa81-9f35080cc79b
KRONOS_S99_MSS_FVG,SELL,2026-07-22T07:55:12Z,4113.95,2026-07-22T07:58:26Z,4110.51,TP,33.9,0.1,37164043,97fab5dc-d6d3-4684-aa81-9f35080cc79b
KRONOS_S94_SWEEP_REVERSAL,SELL,2026-07-23T01:22:15Z,4137.95,2026-07-23T01:27:24Z,4140.92,SL,-30.2,0.1,38021238,97fab5dc-d6d3-4684-aa81-9f35080cc79b
KRONOS_S94_SWEEP_REVERSAL,BUY,2026-07-23T02:16:15Z,4115.39,2026-07-23T02:53:08Z,4126.21,TP,75.39,0.07,38063844,97fab5dc-d6d3-4684-aa81-9f35080cc79b
KRONOS_S93_FVG_SCALP,SELL,2026-07-23T07:17:12Z,4111.96,2026-07-23T07:30:58Z,4103.98,TP,63.44,0.08,38253855,97fab5dc-d6d3-4684-aa81-9f35080cc79b
KRONOS_S93_FVG_SCALP,BUY,2026-07-23T09:15:14Z,4095.35,2026-07-23T09:22:57Z,4093.76,SL,-16.4,0.1,38392882,97fab5dc-d6d3-4684-aa81-9f35080cc79b
KRONOS_S94_SWEEP_REVERSAL,BUY,2026-07-23T12:46:09Z,4065.19,2026-07-23T12:46:21Z,4063.83,SL,-14.1,0.1,38640003,97fab5dc-d6d3-4684-aa81-9f35080cc79b
KRONOS_S99_MSS_FVG,SELL,2026-07-23T13:20:09Z,4049.79,2026-07-23T13:28:09Z,4056.09,SL,-25.4,0.04,38712289,97fab5dc-d6d3-4684-aa81-9f35080cc79b
KRONOS_S100_M3_COMBO,SELL,2026-07-23T13:43:22Z,4060.2,2026-07-23T13:57:22Z,4048.85,TP,101.7,0.09,38760171,97fab5dc-d6d3-4684-aa81-9f35080cc79b
KRONOS_S100_M3_COMBO,SELL,2026-07-23T15:37:17Z,4048.9,2026-07-23T15:41:48Z,4052.92,SL,-40.7,0.1,38934057,97fab5dc-d6d3-4684-aa81-9f35080cc79b
KRONOS_S100_M3_COMBO,SELL,2026-07-24T05:24:08Z,4029.22,2026-07-24T05:34:34Z,4031.16,SL,-19.9,0.1,39237627,97fab5dc-d6d3-4684-aa81-9f35080cc79b
KRONOS_S100_M3_COMBO,BUY,2026-07-24T07:16:14Z,4044.53,2026-07-24T07:25:59Z,4049.59,TP,50.1,0.1,39342159,97fab5dc-d6d3-4684-aa81-9f35080cc79b
KRONOS_S99_MSS_FVG,BUY,2026-07-24T07:16:15Z,4044.65,2026-07-24T07:34:12Z,4052.58,TP,55.16,0.07,39342216,97fab5dc-d6d3-4684-aa81-9f35080cc79b
KRONOS_S100_M3_COMBO,BUY,2026-07-24T07:36:15Z,4051.64,2026-07-24T07:39:19Z,4047.78,SL,-39.1,0.1,39370349,97fab5dc-d6d3-4684-aa81-9f35080cc79b
KRONOS_S94_SWEEP_REVERSAL,SELL,2026-07-24T08:30:04Z,4051.74,2026-07-24T08:41:00Z,4054.12,SL,-24.3,0.1,39413706,97fab5dc-d6d3-4684-aa81-9f35080cc79b
KRONOS_S100_M3_COMBO,BUY,2026-07-24T08:35:21Z,4050.22,2026-07-24T08:43:09Z,4055.03,TP,47.6,0.1,39418376,97fab5dc-d6d3-4684-aa81-9f35080cc79b
KRONOS_S93_FVG_SCALP,BUY,2026-07-24T09:05:11Z,4056.76,2026-07-24T09:29:38Z,4053.12,SL,-36.9,0.1,39453554,97fab5dc-d6d3-4684-aa81-9f35080cc79b
KRONOS_S100_M3_COMBO,BUY,2026-07-24T13:01:08Z,4055.69,2026-07-24T13:03:34Z,4051.52,SL,-42.2,0.1,39644011,97fab5dc-d6d3-4684-aa81-9f35080cc79b
KRONOS_S93_FVG_SCALP,SELL,2026-07-24T13:32:05Z,4049.72,2026-07-24T13:37:06Z,4052.87,SL,-32.0,0.1,39691885,97fab5dc-d6d3-4684-aa81-9f35080cc79b
KRONOS_S100_M3_COMBO,BUY,2026-07-24T14:05:09Z,4063.61,2026-07-24T14:07:04Z,4060.15,SL,-31.59,0.09,39781439,97fab5dc-d6d3-4684-aa81-9f35080cc79b
KRONOS_S93_FVG_SCALP,BUY,2026-07-24T14:37:23Z,4063.52,2026-07-24T14:42:45Z,4059.28,SL,-30.03,0.07,39836486,97fab5dc-d6d3-4684-aa81-9f35080cc79b
KRONOS_S94_SWEEP_REVERSAL,SELL,2026-07-26T23:56:10Z,4093.78,2026-07-27T00:00:17Z,4097.21,SL,-34.8,0.1,40173630,97fab5dc-d6d3-4684-aa81-9f35080cc79b
KRONOS_S94_SWEEP_REVERSAL,SELL,2026-07-27T06:26:14Z,4094.97,2026-07-27T06:37:03Z,4097.99,SL,-30.7,0.1,40401526,97fab5dc-d6d3-4684-aa81-9f35080cc79b
KRONOS_S100_M3_COMBO,BUY,2026-07-27T06:29:04Z,4094.97,2026-07-27T07:16:24Z,4102.13,TP,71.1,0.1,40403970,97fab5dc-d6d3-4684-aa81-9f35080cc79b
KRONOS_S99_MSS_FVG,BUY,2026-07-27T07:28:02Z,4103.78,2026-07-27T07:38:10Z,4100.2,SL,-36.3,0.1,40459652,97fab5dc-d6d3-4684-aa81-9f35080cc79b
KRONOS_S93_FVG_SCALP,SELL,2026-07-27T08:55:05Z,4094.71,2026-07-27T09:06:47Z,4097.99,SL,-33.3,0.1,40537529,97fab5dc-d6d3-4684-aa81-9f35080cc79b
KRONOS_S99_MSS_FVG,BUY,2026-07-27T10:00:13Z,4096.33,2026-07-27T10:06:37Z,4093.24,SL,-31.4,0.1,40590453,97fab5dc-d6d3-4684-aa81-9f35080cc79b
KRONOS_S93_FVG_SCALP,BUY,2026-07-27T13:55:15Z,4081.87,2026-07-27T13:55:39Z,4081.08,SL,-8.4,0.1,40889556,97fab5dc-d6d3-4684-aa81-9f35080cc79b
KRONOS_S93_FVG_SCALP,SELL,2026-07-27T14:36:08Z,4070.09,2026-07-27T14:52:45Z,4073.78,SL,-37.4,0.1,40974672,97fab5dc-d6d3-4684-aa81-9f35080cc79b
KRONOS_S94_SWEEP_REVERSAL,BUY,2026-07-28T00:16:13Z,4064.63,2026-07-28T00:23:32Z,4061.78,SL,-29.0,0.1,41270155,97fab5dc-d6d3-4684-aa81-9f35080cc79b
KRONOS_S100_M3_COMBO,SELL,2026-07-28T05:43:04Z,4041.31,2026-07-28T05:45:10Z,4042.84,SL,-15.8,0.1,41463461,97fab5dc-d6d3-4684-aa81-9f35080cc79b
KRONOS_S100_M3_COMBO,SELL,2026-07-28T06:49:07Z,4049.43,2026-07-28T07:20:08Z,4052.18,SL,-28.0,0.1,41519196,97fab5dc-d6d3-4684-aa81-9f35080cc79b
KRONOS_S100_M3_COMBO,SELL,2026-07-28T08:45:12Z,4043.61,2026-07-28T09:35:26Z,4034.9,TP,86.6,0.1,41640727,97fab5dc-d6d3-4684-aa81-9f35080cc79b
KRONOS_S99_MSS_FVG,SELL,2026-07-28T10:08:10Z,4026.74,2026-07-28T10:21:23Z,4019.64,TP,63.45,0.09,41735517,97fab5dc-d6d3-4684-aa81-9f35080cc79b
KRONOS_S94_SWEEP_REVERSAL,BUY,2026-07-28T10:10:13Z,4021.94,2026-07-28T10:22:24Z,4019.06,SL,-29.3,0.1,41738142,97fab5dc-d6d3-4684-aa81-9f35080cc79b
KRONOS_S93_FVG_SCALP,BUY,2026-07-28T12:51:20Z,4033.9,2026-07-28T12:57:59Z,4029.48,SL,-40.23,0.09,41903188,97fab5dc-d6d3-4684-aa81-9f35080cc79b
KRONOS_S100_M3_COMBO,SELL,2026-07-28T13:21:17Z,4033.44,2026-07-28T13:21:59Z,4034.67,SL,-12.8,0.1,41934987,97fab5dc-d6d3-4684-aa81-9f35080cc79b
KRONOS_S94_SWEEP_REVERSAL,BUY,2026-07-28T13:48:06Z,4022.81,2026-07-28T14:20:04Z,4019.97,SL,-28.9,0.1,41993886,97fab5dc-d6d3-4684-aa81-9f35080cc79b
KRONOS_S93_FVG_SCALP,SELL,2026-07-28T14:30:07Z,4021.68,2026-07-28T14:49:22Z,4026.5,SL,-29.22,0.06,42089496,97fab5dc-d6d3-4684-aa81-9f35080cc79b
KRONOS_S94_SWEEP_REVERSAL,SELL,2026-07-28T15:38:15Z,4037.68,2026-07-28T15:43:28Z,4041.22,SL,-35.9,0.1,42200081,97fab5dc-d6d3-4684-aa81-9f35080cc79b
KRONOS_S94_SWEEP_REVERSAL,BUY,2026-07-29T01:13:04Z,4014.01,2026-07-29T02:23:58Z,4033.74,TP,177.12,0.09,42454339,97fab5dc-d6d3-4684-aa81-9f35080cc79b
KRONOS_S100_M3_COMBO,SELL,2026-07-29T02:02:17Z,4027.64,2026-07-29T02:15:28Z,4030.11,SL,-25.2,0.1,42486907,97fab5dc-d6d3-4684-aa81-9f35080cc79b
KRONOS_S100_M3_COMBO,BUY,2026-07-29T02:28:10Z,4031.56,2026-07-29T03:14:53Z,4027.35,SL,-34.08,0.08,42502869,97fab5dc-d6d3-4684-aa81-9f35080cc79b
KRONOS_S100_M3_COMBO,BUY,2026-07-29T05:28:17Z,4030.49,2026-07-29T05:43:03Z,4034.61,TP,40.7,0.1,42585748,97fab5dc-d6d3-4684-aa81-9f35080cc79b
KRONOS_S100_M3_COMBO,BUY,2026-07-29T05:49:17Z,4035.18,2026-07-29T05:56:36Z,4031.98,SL,-32.5,0.1,42603865,97fab5dc-d6d3-4684-aa81-9f35080cc79b
KRONOS_S100_M3_COMBO,BUY,2026-07-29T06:21:16Z,4037.04,2026-07-29T06:35:12Z,4044.04,TP,69.5,0.1,42625478,97fab5dc-d6d3-4684-aa81-9f35080cc79b
KRONOS_S100_M3_COMBO,BUY,2026-07-29T07:24:11Z,4046.48,2026-07-29T07:53:06Z,4043.47,SL,-30.6,0.1,42675192,97fab5dc-d6d3-4684-aa81-9f35080cc79b
KRONOS_S93_FVG_SCALP,SELL,2026-07-29T09:43:04Z,4034.64,2026-07-29T10:06:48Z,4031.95,TP,26.4,0.1,42780374,97fab5dc-d6d3-4684-aa81-9f35080cc79b
KRONOS_S93_FVG_SCALP,SELL,2026-07-29T13:22:04Z,4019.18,2026-07-29T13:22:58Z,4022.22,SL,-30.9,0.1,43018235,97fab5dc-d6d3-4684-aa81-9f35080cc79b
KRONOS_S100_M3_COMBO,SELL,2026-07-29T14:17:17Z,4003.13,2026-07-29T14:18:25Z,4006.17,SL,-30.9,0.1,43148801,97fab5dc-d6d3-4684-aa81-9f35080cc79b
KRONOS_S99_MSS_FVG,SELL,2026-07-29T14:23:06Z,4008.75,2026-07-29T14:27:11Z,4004.74,TP,39.6,0.1,43159204,97fab5dc-d6d3-4684-aa81-9f35080cc79b
KRONOS_S93_FVG_SCALP,BUY,2026-07-29T14:27:18Z,4004.41,2026-07-29T14:43:44Z,4000.01,SL,-22.25,0.05,43167762,97fab5dc-d6d3-4684-aa81-9f35080cc79b
KRONOS_S100_M3_COMBO,BUY,2026-07-30T01:10:10Z,4086.4,2026-07-30T01:12:06Z,4083.1,SL,-23.45,0.07,43760079,97fab5dc-d6d3-4684-aa81-9f35080cc79b
KRONOS_S100_M3_COMBO,BUY,2026-07-30T01:42:09Z,4089.7,2026-07-30T02:14:23Z,4083.08,SL,-40.02,0.06,43778778,97fab5dc-d6d3-4684-aa81-9f35080cc79b
KRONOS_S99_MSS_FVG,BUY,2026-07-30T07:21:16Z,4045.17,2026-07-30T07:28:39Z,4043.61,SL,-15.6,0.1,109037432,3eefc570-3a5f-4f35-bf2e-4dd79622c173
KRONOS_S93_FVG_SCALP,BUY,2026-07-30T07:32:10Z,4042.43,2026-07-30T07:38:36Z,4037.46,SL,-34.79,0.07,109038842,3eefc570-3a5f-4f35-bf2e-4dd79622c173
KRONOS_S100_M3_COMBO,SELL,2026-07-30T08:05:20Z,4045.27,2026-07-30T08:05:27Z,4046.36,SL,-9.81,0.09,109043692,3eefc570-3a5f-4f35-bf2e-4dd79622c173
KRONOS_S94_SWEEP_REVERSAL,SELL,2026-07-30T13:48:17Z,4097.91,2026-07-30T13:48:21Z,4099.45,SL,-7.7,0.05,109112280,3eefc570-3a5f-4f35-bf2e-4dd79622c173
KRONOS_S100_M3_COMBO,SELL,2026-07-31T02:04:14Z,4085.84,2026-07-31T02:06:04Z,4087.82,SL,-19.8,0.1,109165154,3eefc570-3a5f-4f35-bf2e-4dd79622c173
KRONOS_S100_M3_COMBO,SELL,2026-07-31T03:06:18Z,4075.45,2026-07-31T03:36:34Z,4077.31,SL,-18.6,0.1,109168650,3eefc570-3a5f-4f35-bf2e-4dd79622c173
KRONOS_S100_M3_COMBO,SELL,2026-07-31T05:18:05Z,4082.11,2026-07-31T05:24:55Z,4083.07,TP,-9.6,0.1,109176255,3eefc570-3a5f-4f35-bf2e-4dd79622c173
KRONOS_S100_M3_COMBO,SELL,2026-07-31T06:47:05Z,4080.69,2026-07-31T07:29:46Z,4073.65,TP,70.4,0.1,109184270,3eefc570-3a5f-4f35-bf2e-4dd79622c173
KRONOS_S100_M3_COMBO,SELL,2026-07-31T07:41:05Z,4072.83,2026-07-31T07:59:50Z,4068.59,TP,42.4,0.1,109189743,3eefc570-3a5f-4f35-bf2e-4dd79622c173
KRONOS_S99_MSS_FVG,SELL,2026-07-31T07:41:06Z,4072.83,2026-07-31T07:59:32Z,4069.6,TP,32.3,0.1,109189747,3eefc570-3a5f-4f35-bf2e-4dd79622c173
KRONOS_S94_SWEEP_REVERSAL,BUY,2026-07-31T07:46:05Z,4072.23,2026-07-31T07:59:55Z,4067.56,SL,-37.36,0.08,109190366,3eefc570-3a5f-4f35-bf2e-4dd79622c173
KRONOS_S100_M3_COMBO,SELL,2026-07-31T08:15:06Z,4062.36,2026-07-31T08:19:26Z,4065.78,SL,-34.2,0.1,109194498,3eefc570-3a5f-4f35-bf2e-4dd79622c173
KRONOS_S99_MSS_FVG,SELL,2026-07-31T08:20:03Z,4066.54,2026-07-31T08:23:55Z,4061.26,TP,52.8,0.1,109195197,3eefc570-3a5f-4f35-bf2e-4dd79622c173
KRONOS_S100_M3_COMBO,SELL,2026-07-31T08:33:06Z,4057.24,2026-07-31T08:37:48Z,4060.35,SL,-31.1,0.1,109197657,3eefc570-3a5f-4f35-bf2e-4dd79622c173
KRONOS_S99_MSS_FVG,SELL,2026-07-31T09:31:05Z,4053.47,2026-07-31T09:38:40Z,4050.5,TP,29.7,0.1,109206730,3eefc570-3a5f-4f35-bf2e-4dd79622c173
KRONOS_S93_FVG_SCALP,BUY,2026-07-31T09:56:03Z,4056.26,2026-07-31T10:17:44Z,4052.54,SL,-37.2,0.1,109209214,3eefc570-3a5f-4f35-bf2e-4dd79622c173
KRONOS_S100_M3_COMBO,SELL,2026-07-31T13:03:06Z,4042.57,2026-07-31T13:39:39Z,4029.2,TP,93.59,0.07,109233334,3eefc570-3a5f-4f35-bf2e-4dd79622c173
KRONOS_S93_FVG_SCALP,SELL,2026-07-31T13:57:05Z,4031.34,2026-07-31T14:08:53Z,4021.42,TP,59.52,0.06,109245934,3eefc570-3a5f-4f35-bf2e-4dd79622c173
KRONOS_S99_MSS_FVG,SELL,2026-07-31T13:57:06Z,4031.25,2026-07-31T14:08:53Z,4021.42,TP,58.98,0.06,109245939,3eefc570-3a5f-4f35-bf2e-4dd79622c173
KRONOS_S100_M3_COMBO,SELL,2026-07-31T14:10:05Z,4027.52,2026-07-31T14:15:48Z,4033.08,SL,-27.8,0.05,109248715,3eefc570-3a5f-4f35-bf2e-4dd79622c173
KRONOS_S100_M3_COMBO,SELL,2026-07-31T15:14:04Z,4045.72,2026-07-31T15:15:18Z,4048.02,SL,-23.0,0.1,109258997,3eefc570-3a5f-4f35-bf2e-4dd79622c173
KRONOS_S94_SWEEP_REVERSAL,BUY,2026-07-31T20:16:23Z,4046.99,2026-07-31T20:36:05Z,4052.49,TP,55.0,0.1,109283378,3eefc570-3a5f-4f35-bf2e-4dd79622c173
KRONOS_S94_SWEEP_REVERSAL,BUY,2026-08-03T00:36:06Z,4063.48,2026-08-03T00:37:18Z,4061.27,SL,-22.1,0.1,109300452,3eefc570-3a5f-4f35-bf2e-4dd79622c173
KRONOS_S100_M3_COMBO,BUY,2026-08-03T01:39:07Z,4052.93,2026-08-03T01:42:05Z,4050.3,SL,-26.3,0.1,109308290,3eefc570-3a5f-4f35-bf2e-4dd79622c173
KRONOS_S100_M3_COMBO,BUY,2026-08-03T01:54:04Z,4051.68,2026-08-03T01:54:07Z,4050.92,SL,-7.6,0.1,109309254,3eefc570-3a5f-4f35-bf2e-4dd79622c173
KRONOS_S100_M3_COMBO,BUY,2026-08-03T02:08:04Z,4058.92,2026-08-03T02:08:43Z,4056.51,SL,-24.1,0.1,109310360,3eefc570-3a5f-4f35-bf2e-4dd79622c173
KRONOS_S100_M3_COMBO,BUY,2026-08-03T04:00:05Z,4065.42,2026-08-03T04:49:06Z,4071.65,TP,62.3,0.1,109320641,3eefc570-3a5f-4f35-bf2e-4dd79622c173
KRONOS_S100_M3_COMBO,BUY,2026-08-03T05:31:05Z,4058.68,2026-08-03T05:34:14Z,4057.69,SL,-9.9,0.1,109330469,3eefc570-3a5f-4f35-bf2e-4dd79622c173
KRONOS_S100_M3_COMBO,BUY,2026-08-03T05:50:05Z,4060.09,2026-08-03T05:58:09Z,4068.26,TP,81.7,0.1,109333039,3eefc570-3a5f-4f35-bf2e-4dd79622c173
KRONOS_S100_M3_COMBO,BUY,2026-08-03T06:05:06Z,4068.54,2026-08-03T06:15:06Z,4065.44,SL,-31.0,0.1,109335361,3eefc570-3a5f-4f35-bf2e-4dd79622c173
KRONOS_S94_SWEEP_REVERSAL,BUY,2026-08-03T09:24:03Z,4054.49,2026-08-03T09:30:17Z,4051.95,SL,-25.4,0.1,109367917,3eefc570-3a5f-4f35-bf2e-4dd79622c173
KRONOS_S94_SWEEP_REVERSAL,BUY,2026-08-03T09:43:06Z,4052.48,2026-08-03T10:52:11Z,4045.97,SL,-39.06,0.06,109371962,3eefc570-3a5f-4f35-bf2e-4dd79622c173
KRONOS_S99_MSS_FVG,SELL,2026-08-03T09:50:05Z,4056.32,2026-08-03T10:25:39Z,4052.27,TP,40.5,0.1,109373673,3eefc570-3a5f-4f35-bf2e-4dd79622c173
KRONOS_S100_M3_COMBO,SELL,2026-08-03T13:18:04Z,4037.94,2026-08-03T13:36:18Z,4027.24,TP,85.6,0.08,109401231,3eefc570-3a5f-4f35-bf2e-4dd79622c173
KRONOS_S100_M3_COMBO,SELL,2026-08-03T15:09:05Z,4036.17,2026-08-03T15:44:01Z,4038.74,SL,-25.7,0.1,109423519,3eefc570-3a5f-4f35-bf2e-4dd79622c173
KRONOS_S100_M3_COMBO,BUY,2026-08-04T01:36:05Z,4051.98,2026-08-04T01:44:05Z,4059.94,TP,79.6,0.1,109456265,3eefc570-3a5f-4f35-bf2e-4dd79622c173
KRONOS_S100_M3_COMBO,BUY,2026-08-04T01:57:04Z,4059.35,2026-08-04T02:06:26Z,4056.42,SL,-29.3,0.1,109458322,3eefc570-3a5f-4f35-bf2e-4dd79622c173
KRONOS_S100_M3_COMBO,BUY,2026-08-04T02:43:03Z,4060.99,2026-08-04T02:54:43Z,4059.97,SL,-10.2,0.1,109461590,3eefc570-3a5f-4f35-bf2e-4dd79622c173
KRONOS_S100_M3_COMBO,BUY,2026-08-04T03:24:01Z,4059.07,2026-08-04T03:30:02Z,4057.66,SL,-14.1,0.1,109463861,3eefc570-3a5f-4f35-bf2e-4dd79622c173
KRONOS_S100_M3_COMBO,BUY,2026-08-04T04:20:06Z,4056.99,2026-08-04T04:32:44Z,4063.6,TP,66.1,0.1,109470335,3eefc570-3a5f-4f35-bf2e-4dd79622c173
KRONOS_S100_M3_COMBO,BUY,2026-08-04T04:52:05Z,4064.62,2026-08-04T05:04:05Z,4062.79,SL,-18.3,0.1,109473413,3eefc570-3a5f-4f35-bf2e-4dd79622c173
KRONOS_S99_MSS_FVG,SELL,2026-08-04T06:42:05Z,4058.57,2026-08-04T06:45:01Z,4060.74,SL,-21.7,0.1,109483943,3eefc570-3a5f-4f35-bf2e-4dd79622c173
KRONOS_S100_M3_COMBO,BUY,2026-08-04T06:55:05Z,4060.59,2026-08-04T07:05:25Z,4065.43,TP,48.4,0.1,109485890,3eefc570-3a5f-4f35-bf2e-4dd79622c173
KRONOS_S100_M3_COMBO,BUY,2026-08-04T07:14:02Z,4061.44,2026-08-04T08:03:40Z,4070.0,TP,85.6,0.1,109487766,3eefc570-3a5f-4f35-bf2e-4dd79622c173
KRONOS_S94_SWEEP_REVERSAL,SELL,2026-08-04T08:11:05Z,4069.16,2026-08-04T08:48:32Z,4056.02,TP,118.26,0.09,109493772,3eefc570-3a5f-4f35-bf2e-4dd79622c173
KRONOS_S100_M3_COMBO,BUY,2026-08-04T08:16:03Z,4067.67,2026-08-04T08:22:21Z,4065.14,SL,-25.3,0.1,109494294,3eefc570-3a5f-4f35-bf2e-4dd79622c173
KRONOS_S99_MSS_FVG,BUY,2026-08-04T11:56:04Z,4071.53,2026-08-04T11:57:32Z,4069.27,SL,-15.82,0.07,109530049,3eefc570-3a5f-4f35-bf2e-4dd79622c173
KRONOS_S100_M3_COMBO,BUY,2026-08-04T13:29:03Z,4078.94,2026-08-04T13:49:28Z,4093.43,TP,86.94,0.06,109552732,3eefc570-3a5f-4f35-bf2e-4dd79622c173
KRONOS_S93_FVG_SCALP,SELL,2026-08-04T14:28:05Z,4085.61,2026-08-04T14:34:53Z,4077.53,TP,56.56,0.07,109566773,3eefc570-3a5f-4f35-bf2e-4dd79622c173
KRONOS_S100_M3_COMBO,BUY,2026-08-04T15:48:04Z,4083.74,2026-08-04T17:00:06Z,4093.2,TIME,75.68,0.08,109580519,3eefc570-3a5f-4f35-bf2e-4dd79622c173
KRONOS_S100_M3_COMBO,BUY,2026-08-05T01:15:09Z,4086.11,2026-08-05T01:33:28Z,4082.53,SL,-35.8,0.1,109617076,3eefc570-3a5f-4f35-bf2e-4dd79622c173
KRONOS_S100_M3_COMBO,BUY,2026-08-05T02:03:04Z,4099.4,2026-08-05T02:35:53Z,4110.1,TP,85.6,0.08,109625728,3eefc570-3a5f-4f35-bf2e-4dd79622c173
KRONOS_S100_M3_COMBO,BUY,2026-08-05T03:02:04Z,4129.45,2026-08-05T03:08:18Z,4134.87,TP,54.2,0.1,109635482,3eefc570-3a5f-4f35-bf2e-4dd79622c173
KRONOS_S100_M3_COMBO,BUY,2026-08-05T03:17:05Z,4132.08,2026-08-05T03:30:35Z,4129.06,SL,-30.2,0.1,109637457,3eefc570-3a5f-4f35-bf2e-4dd79622c173
KRONOS_S100_M3_COMBO,BUY,2026-08-05T04:31:05Z,4138.15,2026-08-05T04:36:47Z,4135.92,SL,-22.3,0.1,109644653,3eefc570-3a5f-4f35-bf2e-4dd79622c173
KRONOS_S100_M3_COMBO,BUY,2026-08-05T05:28:02Z,4138.69,2026-08-05T05:30:07Z,4143.61,TP,49.2,0.1,109649949,3eefc570-3a5f-4f35-bf2e-4dd79622c173
KRONOS_S100_M3_COMBO,BUY,2026-08-05T06:17:05Z,4171.17,2026-08-05T06:21:44Z,4165.84,SL,-37.31,0.07,109664632,3eefc570-3a5f-4f35-bf2e-4dd79622c173
KRONOS_S100_M3_COMBO,BUY,2026-08-05T07:03:04Z,4175.22,2026-08-05T07:04:06Z,4172.52,SL,-27.0,0.1,109674677,3eefc570-3a5f-4f35-bf2e-4dd79622c173
KRONOS_S100_M3_COMBO,BUY,2026-08-05T08:02:02Z,4170.1,2026-08-05T08:14:32Z,4167.35,SL,-27.5,0.1,109688559,3eefc570-3a5f-4f35-bf2e-4dd79622c173
KRONOS_S100_M3_COMBO,BUY,2026-08-05T08:46:06Z,4163.38,2026-08-05T08:46:45Z,4162.48,SL,-9.0,0.1,109698556,3eefc570-3a5f-4f35-bf2e-4dd79622c173
KRONOS_S99_MSS_FVG,BUY,2026-08-05T11:23:06Z,4170.25,2026-08-05T11:27:49Z,4176.44,TP,55.71,0.09,109753411,3eefc570-3a5f-4f35-bf2e-4dd79622c173
KRONOS_S100_M3_COMBO,BUY,2026-08-05T13:13:06Z,4189.84,2026-08-05T13:39:54Z,4204.52,TP,102.76,0.07,109782394,3eefc570-3a5f-4f35-bf2e-4dd79622c173
KRONOS_S93_FVG_SCALP,BUY,2026-08-05T13:38:02Z,4194.26,2026-08-05T13:39:52Z,4199.84,TP,50.22,0.09,109788911,3eefc570-3a5f-4f35-bf2e-4dd79622c173
KRONOS_S100_M3_COMBO,BUY,2026-08-05T14:03:06Z,4208.19,2026-08-05T14:08:02Z,4224.26,TP,96.42,0.06,109795835,3eefc570-3a5f-4f35-bf2e-4dd79622c173
KRONOS_S99_MSS_FVG,BUY,2026-08-05T14:52:04Z,4240.5,2026-08-05T15:02:42Z,4255.39,TP,59.56,0.04,109809972,3eefc570-3a5f-4f35-bf2e-4dd79622c173
KRONOS_S100_M3_COMBO,BUY,2026-08-05T14:52:04Z,4240.5,2026-08-05T15:26:43Z,4262.97,TP,89.88,0.04,109809975,3eefc570-3a5f-4f35-bf2e-4dd79622c173
KRONOS_S93_FVG_SCALP,BUY,2026-08-05T14:52:04Z,4240.31,2026-08-05T15:02:42Z,4255.39,TP,60.32,0.04,109809976,3eefc570-3a5f-4f35-bf2e-4dd79622c173
KRONOS_S100_M3_COMBO,BUY,2026-08-06T01:03:05Z,4294.77,2026-08-06T01:03:22Z,4291.43,SL,-16.7,0.05,109865895,3eefc570-3a5f-4f35-bf2e-4dd79622c173
KRONOS_S100_M3_COMBO,BUY,2026-08-06T02:12:02Z,4293.19,2026-08-06T02:30:03Z,4289.31,SL,-15.52,0.04,109876109,3eefc570-3a5f-4f35-bf2e-4dd79622c173
KRONOS_S100_M3_COMBO,SELL,2026-08-06T04:23:06Z,4263.01,2026-08-06T04:29:19Z,4254.04,TP,89.7,0.1,109889389,3eefc570-3a5f-4f35-bf2e-4dd79622c173
KRONOS_S100_M3_COMBO,SELL,2026-08-06T04:36:04Z,4260.13,2026-08-06T04:36:59Z,4260.84,SL,-7.1,0.1,109891045,3eefc570-3a5f-4f35-bf2e-4dd79622c173
KRONOS_S94_SWEEP_REVERSAL,BUY,2026-08-06T06:37:05Z,4253.15,2026-08-06T08:13:08Z,4268.73,TP,77.9,0.05,109909766,3eefc570-3a5f-4f35-bf2e-4dd79622c173
KRONOS_S100_M3_COMBO,SELL,2026-08-06T06:59:06Z,4255.46,2026-08-06T07:04:13Z,4256.7,SL,-12.4,0.1,109913442,3eefc570-3a5f-4f35-bf2e-4dd79622c173
KRONOS_S99_MSS_FVG,BUY,2026-08-06T07:21:03Z,4261.01,2026-08-06T07:21:24Z,4258.47,SL,-25.4,0.1,109916323,3eefc570-3a5f-4f35-bf2e-4dd79622c173
KRONOS_S100_M3_COMBO,SELL,2026-08-06T07:42:06Z,4258.23,2026-08-06T07:55:33Z,4260.45,SL,-22.2,0.1,109918078,3eefc570-3a5f-4f35-bf2e-4dd79622c173
KRONOS_S93_FVG_SCALP,BUY,2026-08-06T08:21:06Z,4267.96,2026-08-06T08:24:18Z,4264.13,SL,-38.3,0.1,109924600,3eefc570-3a5f-4f35-bf2e-4dd79622c173
KRONOS_S99_MSS_FVG,BUY,2026-08-06T08:21:06Z,4267.96,2026-08-06T08:24:18Z,4264.13,SL,-38.3,0.1,109924601,3eefc570-3a5f-4f35-bf2e-4dd79622c173
KRONOS_S100_M3_COMBO,SELL,2026-08-06T08:25:05Z,4266.83,2026-08-06T08:30:33Z,4270.08,SL,-32.5,0.1,109925210,3eefc570-3a5f-4f35-bf2e-4dd79622c173
KRONOS_S100_M3_COMBO,BUY,2026-08-06T08:39:05Z,4271.84,2026-08-06T09:00:48Z,4280.1,TP,82.6,0.1,109927335,3eefc570-3a5f-4f35-bf2e-4dd79622c173
KRONOS_S93_FVG_SCALP,BUY,2026-08-06T12:07:03Z,4261.24,2026-08-06T12:09:03Z,4257.86,SL,-33.8,0.1,109956835,3eefc570-3a5f-4f35-bf2e-4dd79622c173
KRONOS_S100_M3_COMBO,SELL,2026-08-06T13:20:22Z,4244.85,2026-08-06T13:20:57Z,4247.35,SL,-17.5,0.07,109975912,3eefc570-3a5f-4f35-bf2e-4dd79622c173
KRONOS_S99_MSS_FVG,SELL,2026-08-06T15:27:22Z,4258.25,2026-08-06T15:34:21Z,4250.57,TP,53.76,0.07,110000927,3eefc570-3a5f-4f35-bf2e-4dd79622c173
KRONOS_S94_SWEEP_REVERSAL,BUY,2026-08-07T00:56:05Z,4232.12,2026-08-07T00:59:07Z,4229.99,SL,-21.3,0.1,110040422,3eefc570-3a5f-4f35-bf2e-4dd79622c173
KRONOS_S100_M3_COMBO,BUY,2026-08-07T02:37:05Z,4253.45,2026-08-07T02:40:05Z,4251.53,SL,-19.2,0.1,110049045,3eefc570-3a5f-4f35-bf2e-4dd79622c173
KRONOS_S100_M3_COMBO,BUY,2026-08-07T03:11:06Z,4255.71,2026-08-07T03:11:15Z,4254.23,SL,-14.8,0.1,110052881,3eefc570-3a5f-4f35-bf2e-4dd79622c173
KRONOS_S100_M3_COMBO,BUY,2026-08-07T04:04:06Z,4263.24,2026-08-07T05:10:41Z,4268.73,TP,54.9,0.1,110056993,3eefc570-3a5f-4f35-bf2e-4dd79622c173
KRONOS_S100_M3_COMBO,BUY,2026-08-07T05:18:04Z,4268.66,2026-08-07T05:28:30Z,4265.06,SL,-36.0,0.1,110064866,3eefc570-3a5f-4f35-bf2e-4dd79622c173
KRONOS_S100_M3_COMBO,BUY,2026-08-07T05:41:06Z,4272.36,2026-08-07T05:42:26Z,4270.65,SL,-17.1,0.1,110069197,3eefc570-3a5f-4f35-bf2e-4dd79622c173
KRONOS_S94_SWEEP_REVERSAL,SELL,2026-08-07T05:49:04Z,4274.96,2026-08-07T05:50:21Z,4277.77,SL,-28.1,0.1,110070711,3eefc570-3a5f-4f35-bf2e-4dd79622c173
KRONOS_S100_M3_COMBO,BUY,2026-08-07T06:16:06Z,4286.66,2026-08-07T06:30:03Z,4282.98,SL,-36.8,0.1,110076238,3eefc570-3a5f-4f35-bf2e-4dd79622c173
KRONOS_S99_MSS_FVG,BUY,2026-08-07T06:50:05Z,4289.25,2026-08-07T07:26:14Z,4286.48,SL,-19.39,0.07,110082911,3eefc570-3a5f-4f35-bf2e-4dd79622c173
KRONOS_S100_M3_COMBO,BUY,2026-08-07T06:50:06Z,4289.58,2026-08-07T07:26:11Z,4286.69,SL,-23.12,0.08,110082920,3eefc570-3a5f-4f35-bf2e-4dd79622c173
KRONOS_S100_M3_COMBO,SELL,2026-08-10T01:34:06Z,4318.25,2026-08-10T01:59:32Z,4324.41,SL,-30.8,0.05,110260292,3eefc570-3a5f-4f35-bf2e-4dd79622c173
KRONOS_S100_M3_COMBO,SELL,2026-08-10T04:46:22Z,4333.83,2026-08-10T04:46:29Z,4334.98,SL,-11.5,0.1,110279395,3eefc570-3a5f-4f35-bf2e-4dd79622c173
KRONOS_S100_M3_COMBO,BUY,2026-08-10T05:39:02Z,4340.0,2026-08-10T05:50:58Z,4347.82,TP,78.2,0.1,110286001,3eefc570-3a5f-4f35-bf2e-4dd79622c173
KRONOS_S100_M3_COMBO,BUY,2026-08-10T05:56:02Z,4346.36,2026-08-10T06:01:15Z,4344.92,SL,-14.4,0.1,110290415,3eefc570-3a5f-4f35-bf2e-4dd79622c173
KRONOS_S94_SWEEP_REVERSAL,SELL,2026-08-10T06:13:05Z,4349.72,2026-08-10T06:43:40Z,4352.84,SL,-31.2,0.1,110294336,3eefc570-3a5f-4f35-bf2e-4dd79622c173
KRONOS_S99_MSS_FVG,BUY,2026-08-10T07:02:06Z,4354.36,2026-08-10T08:39:32Z,4348.93,SL,-32.58,0.06,110304264,3eefc570-3a5f-4f35-bf2e-4dd79622c173
KRONOS_S94_SWEEP_REVERSAL,SELL,2026-08-10T07:25:03Z,4358.19,2026-08-10T07:26:59Z,4353.7,TP,44.9,0.1,110309757,3eefc570-3a5f-4f35-bf2e-4dd79622c173
KRONOS_S100_M3_COMBO,BUY,2026-08-10T07:56:05Z,4355.65,2026-08-10T08:09:12Z,4352.72,SL,-29.3,0.1,110317556,3eefc570-3a5f-4f35-bf2e-4dd79622c173
KRONOS_S99_MSS_FVG,SELL,2026-08-10T11:22:01Z,4332.23,2026-08-10T11:25:20Z,4334.57,SL,-23.4,0.1,110350016,3eefc570-3a5f-4f35-bf2e-4dd79622c173
KRONOS_S99_MSS_FVG,BUY,2026-08-10T13:41:04Z,4335.77,2026-08-10T13:43:43Z,4333.4,SL,-23.7,0.1,110401470,3eefc570-3a5f-4f35-bf2e-4dd79622c173
KRONOS_S93_FVG_SCALP,SELL,2026-08-10T14:17:03Z,4331.92,2026-08-10T14:22:37Z,4337.51,SL,-39.13,0.07,110413556,3eefc570-3a5f-4f35-bf2e-4dd79622c173
KRONOS_S100_M3_COMBO,BUY,2026-08-11T01:37:06Z,4417.62,2026-08-11T01:45:00Z,4414.93,SL,-26.9,0.1,110498271,3eefc570-3a5f-4f35-bf2e-4dd79622c173
KRONOS_S100_M3_COMBO,BUY,2026-08-11T02:00:02Z,4429.92,2026-08-11T02:00:22Z,4426.96,SL,-29.6,0.1,110503488,3eefc570-3a5f-4f35-bf2e-4dd79622c173
KRONOS_S100_M3_COMBO,BUY,2026-08-11T02:20:05Z,4431.37,2026-08-11T02:24:53Z,4426.17,SL,-31.2,0.06,110506353,3eefc570-3a5f-4f35-bf2e-4dd79622c173
KRONOS_S100_M3_COMBO,BUY,2026-08-11T03:44:05Z,4417.58,2026-08-11T03:49:16Z,4414.89,SL,-26.9,0.1,110516137,3eefc570-3a5f-4f35-bf2e-4dd79622c173
KRONOS_S100_M3_COMBO,BUY,2026-08-11T04:05:05Z,4418.05,2026-08-11T04:07:52Z,4415.62,SL,-24.3,0.1,110517329,3eefc570-3a5f-4f35-bf2e-4dd79622c173
KRONOS_S99_MSS_FVG,BUY,2026-08-11T08:48:02Z,4374.66,2026-08-11T08:54:58Z,4371.22,SL,-34.4,0.1,110606781,3eefc570-3a5f-4f35-bf2e-4dd79622c173
KRONOS_S93_FVG_SCALP,BUY,2026-08-11T08:48:03Z,4374.63,2026-08-11T08:54:49Z,4371.59,SL,-30.4,0.1,110606782,3eefc570-3a5f-4f35-bf2e-4dd79622c173
KRONOS_S100_M3_COMBO,BUY,2026-08-12T02:24:05Z,4403.0,2026-08-12T02:30:14Z,4400.5,SL,-25.0,0.1,110762889,3eefc570-3a5f-4f35-bf2e-4dd79622c173
KRONOS_S100_M3_COMBO,BUY,2026-08-12T03:23:05Z,4405.15,2026-08-12T03:43:03Z,4402.76,SL,-23.9,0.1,110770242,3eefc570-3a5f-4f35-bf2e-4dd79622c173
KRONOS_S100_M3_COMBO,BUY,2026-08-12T05:09:06Z,4403.86,2026-08-12T05:14:43Z,4401.24,SL,-26.2,0.1,110780321,3eefc570-3a5f-4f35-bf2e-4dd79622c173
KRONOS_S100_M3_COMBO,BUY,2026-08-12T06:03:03Z,4388.75,2026-08-12T06:07:52Z,4386.2,SL,-22.95,0.09,110790837,3eefc570-3a5f-4f35-bf2e-4dd79622c173
KRONOS_S94_SWEEP_REVERSAL,SELL,2026-08-12T07:13:05Z,4405.04,2026-08-12T07:39:08Z,4406.91,SL,-18.7,0.1,110803622,3eefc570-3a5f-4f35-bf2e-4dd79622c173
KRONOS_S100_M3_COMBO,BUY,2026-08-12T07:36:05Z,4404.85,2026-08-12T08:48:06Z,4403.08,TIME,-17.7,0.1,110807058,3eefc570-3a5f-4f35-bf2e-4dd79622c173
