entry_time,exit_time,strategy,side,outcome,entry_px,exit_px,pnl_pts,pnl_usd
2026-03-02 01:20:00+00:00,2026-03-02 01:29:35+00:00,KRONOS_S94_SWEEP_REVERSAL,BUY,SL,5327.129999999999,5312.870000000001,-14.2599999999984,-142.599999999984
2026-03-02 01:58:00+00:00,2026-03-02 03:10:00+00:00,KRONOS_S100_M3_COMBO,BUY,TIME,5328.094999999999,5351.450000000001,23.355000000001382,233.55000000001382
2026-03-02 03:23:00+00:00,2026-03-02 04:35:00+00:00,KRONOS_S100_M3_COMBO,BUY,TIME,5357.94,5360.46,2.5200000000004366,25.20000000000437
2026-03-02 04:58:00+00:00,2026-03-02 05:00:00+00:00,KRONOS_S100_M3_COMBO,BUY,SL,5357.5199999999995,5353.490000000001,-4.029999999998836,-40.29999999998836
2026-03-02 06:56:00+00:00,2026-03-02 07:07:50+00:00,KRONOS_S100_M3_COMBO,BUY,TP,5387.53,5399.02,11.490000000000691,114.90000000000691
2026-03-02 07:27:00+00:00,2026-03-02 07:37:15+00:00,KRONOS_S93_FVG_SCALP,BUY,SL,5414.139999999999,5404.96,-9.179999999999382,-91.79999999999382
2026-03-02 07:27:00+00:00,2026-03-02 07:37:15+00:00,KRONOS_S99_MSS_FVG,BUY,SL,5414.139999999999,5404.96,-9.179999999999382,-91.79999999999382
2026-03-02 07:21:00+00:00,2026-03-02 07:37:15+00:00,KRONOS_S100_M3_COMBO,BUY,SL,5416.48,5405.13,-11.349999999999454,-113.49999999999454
2026-03-02 07:51:00+00:00,2026-03-02 07:55:15+00:00,KRONOS_S100_M3_COMBO,BUY,SL,5407.25,5403.17,-4.079999999999927,-40.79999999999927
2026-03-02 08:37:00+00:00,2026-03-02 08:41:45+00:00,KRONOS_S99_MSS_FVG,BUY,SL,5412.504999999999,5405.77,-6.734999999998763,-67.34999999998763
2026-03-02 08:31:00+00:00,2026-03-02 08:43:30+00:00,KRONOS_S100_M3_COMBO,BUY,SL,5410.905,5401.570000000001,-9.334999999999127,-93.34999999999127
2026-03-03 01:37:00+00:00,2026-03-03 01:38:40+00:00,KRONOS_S100_M3_COMBO,BUY,TP,5369.07,5372.540000000001,3.470000000001164,34.70000000001164
2026-03-03 02:10:00+00:00,2026-03-03 02:11:05+00:00,KRONOS_S100_M3_COMBO,BUY,TP,5348.0599999999995,5350.110000000001,2.0500000000010914,20.500000000010914
2026-03-03 02:32:00+00:00,2026-03-03 03:44:00+00:00,KRONOS_S100_M3_COMBO,BUY,TIME,5360.745,5366.2300000000005,5.485000000000582,54.85000000000583
2026-03-03 04:24:00+00:00,2026-03-03 04:49:20+00:00,KRONOS_S100_M3_COMBO,BUY,SL,5370.419999999999,5364.35,-6.0699999999987995,-60.699999999987995
2026-03-03 05:15:00+00:00,2026-03-03 05:17:00+00:00,KRONOS_S94_SWEEP_REVERSAL,BUY,SL,5355.174999999999,5353.3,-1.8749999999990905,-18.74999999999091
2026-03-03 06:00:00+00:00,2026-03-03 06:04:00+00:00,KRONOS_S99_MSS_FVG,SELL,TP,5321.385,5316.089999999999,5.295000000000982,52.95000000000982
2026-03-03 06:18:00+00:00,2026-03-03 06:20:10+00:00,KRONOS_S100_M3_COMBO,SELL,SL,5303.410000000001,5307.5199999999995,-4.109999999998763,-41.09999999998764
2026-03-03 06:40:00+00:00,2026-03-03 06:52:10+00:00,KRONOS_S100_M3_COMBO,SELL,TP,5311.13,5296.599999999999,14.530000000000655,145.30000000000655
2026-03-03 08:14:00+00:00,2026-03-03 08:15:30+00:00,KRONOS_S99_MSS_FVG,BUY,SL,5320.429999999999,5318.34,-2.089999999999236,-20.89999999999236
2026-03-03 08:17:00+00:00,2026-03-03 08:19:55+00:00,KRONOS_S100_M3_COMBO,SELL,SL,5324.845,5328.36,-3.514999999999418,-35.14999999999418
2026-03-03 08:27:00+00:00,2026-03-03 08:40:40+00:00,KRONOS_S100_M3_COMBO,SELL,TP,5316.860000000001,5297.879999999999,18.980000000001382,189.80000000001382
2026-03-03 09:01:00+00:00,2026-03-03 09:04:40+00:00,KRONOS_S99_MSS_FVG,SELL,TP,5301.570000000001,5296.16,5.410000000000764,54.10000000000764
2026-03-03 09:37:00+00:00,2026-03-03 10:03:55+00:00,KRONOS_S93_FVG_SCALP,SELL,SL,5263.530000000001,5284.8099999999995,-21.279999999998836,-212.7999999999884
2026-03-03 09:37:00+00:00,2026-03-03 10:03:55+00:00,KRONOS_S99_MSS_FVG,SELL,SL,5263.530000000001,5284.8099999999995,-21.279999999998836,-212.7999999999884
2026-03-03 11:17:00+00:00,2026-03-03 11:28:50+00:00,KRONOS_S94_SWEEP_REVERSAL,BUY,SL,5188.964999999999,5157.77,-31.1949999999988,-311.949999999988
2026-03-04 01:11:00+00:00,2026-03-04 01:26:50+00:00,KRONOS_S100_M3_COMBO,BUY,SL,5157.73,5148.3,-9.429999999999382,-94.29999999999382
2026-03-04 01:30:00+00:00,2026-03-04 01:45:05+00:00,KRONOS_S100_M3_COMBO,BUY,TP,5151.08,5165.18,14.100000000000364,141.00000000000367
2026-03-04 01:54:00+00:00,2026-03-04 02:09:40+00:00,KRONOS_S100_M3_COMBO,BUY,TP,5172.365,5182.96,10.595000000000255,105.95000000000255
2026-03-04 02:16:00+00:00,2026-03-04 02:25:05+00:00,KRONOS_S100_M3_COMBO,BUY,SL,5181.224999999999,5175.740000000001,-5.484999999998763,-54.84999999998763
2026-03-04 02:48:00+00:00,2026-03-04 02:49:50+00:00,KRONOS_S100_M3_COMBO,BUY,SL,5168.089999999999,5166.02,-2.0699999999987995,-20.699999999987995
2026-03-04 03:35:00+00:00,2026-03-04 03:37:35+00:00,KRONOS_S100_M3_COMBO,BUY,SL,5156.995,5154.02,-2.9749999999994543,-29.749999999994543
2026-03-04 04:02:00+00:00,2026-03-04 04:19:00+00:00,KRONOS_S100_M3_COMBO,BUY,SL,5173.12,5166.860000000001,-6.259999999999309,-62.599999999993095
2026-03-04 05:20:00+00:00,2026-03-04 05:42:05+00:00,KRONOS_S100_M3_COMBO,BUY,TP,5159.995,5166.68,6.6850000000004,66.850000000004
2026-03-04 05:51:00+00:00,2026-03-04 05:54:40+00:00,KRONOS_S100_M3_COMBO,BUY,SL,5164.7699999999995,5158.75,-6.019999999999527,-60.19999999999528
2026-03-04 06:10:00+00:00,2026-03-04 06:38:55+00:00,KRONOS_S99_MSS_FVG,SELL,SL,5138.8150000000005,5156.74,-17.924999999999272,-179.24999999999272
2026-03-04 06:15:00+00:00,2026-03-04 07:06:30+00:00,KRONOS_S94_SWEEP_REVERSAL,BUY,TP,5145.695,5170.3,24.605000000000473,246.05000000000476
2026-03-05 01:12:00+00:00,2026-03-05 01:14:35+00:00,KRONOS_S100_M3_COMBO,BUY,SL,5182.219999999999,5176.21,-6.009999999999309,-60.099999999993095
2026-03-05 01:54:00+00:00,2026-03-05 01:55:05+00:00,KRONOS_S100_M3_COMBO,BUY,SL,5174.985,5173.040000000001,-1.9449999999987995,-19.449999999987995
2026-03-05 02:30:00+00:00,2026-03-05 02:53:45+00:00,KRONOS_S94_SWEEP_REVERSAL,SELL,SL,5186.05,5188.969999999999,-2.9199999999991633,-29.199999999991633
2026-03-05 02:06:00+00:00,2026-03-05 03:18:00+00:00,KRONOS_S100_M3_COMBO,BUY,TIME,5180.4349999999995,5189.765,9.330000000000837,93.30000000000838
2026-03-05 04:10:00+00:00,2026-03-05 04:26:40+00:00,KRONOS_S100_M3_COMBO,BUY,SL,5184.03,5179.120000000001,-4.909999999998945,-49.09999999998945
2026-03-05 06:22:00+00:00,2026-03-05 06:34:20+00:00,KRONOS_S99_MSS_FVG,SELL,SL,5141.84,5147.62,-5.779999999999745,-57.79999999999745
2026-03-05 06:23:00+00:00,2026-03-05 06:38:00+00:00,KRONOS_S100_M3_COMBO,SELL,SL,5142.740000000001,5153.95,-11.209999999999127,-112.09999999999127
2026-03-06 01:06:00+00:00,2026-03-06 01:13:30+00:00,KRONOS_S100_M3_COMBO,SELL,SL,5079.860000000001,5085.66,-5.799999999999272,-57.999999999992724
2026-03-06 01:11:00+00:00,2026-03-06 01:36:40+00:00,KRONOS_S94_SWEEP_REVERSAL,BUY,TP,5077.285,5103.870000000001,26.585000000000946,265.85000000000946
2026-03-06 02:03:00+00:00,2026-03-06 03:15:00+00:00,KRONOS_S100_M3_COMBO,BUY,TIME,5133.714999999999,5132.76,-0.9549999999990177,-9.549999999990177
2026-03-06 03:17:00+00:00,2026-03-06 03:39:05+00:00,KRONOS_S100_M3_COMBO,BUY,SL,5135.849999999999,5129.870000000001,-5.979999999998654,-59.79999999998654
2026-03-06 04:08:00+00:00,2026-03-06 04:22:00+00:00,KRONOS_S100_M3_COMBO,BUY,SL,5132.745,5130.910000000001,-1.8349999999991269,-18.34999999999127
2026-03-06 04:34:00+00:00,2026-03-06 04:57:55+00:00,KRONOS_S100_M3_COMBO,BUY,SL,5130.25,5127.02,-3.2299999999995634,-32.299999999995634
2026-03-06 06:30:00+00:00,2026-03-06 06:59:30+00:00,KRONOS_S100_M3_COMBO,BUY,SL,5120.8099999999995,5114.93,-5.8799999999992,-58.799999999992
2026-03-06 07:14:00+00:00,2026-03-06 07:20:30+00:00,KRONOS_S93_FVG_SCALP,SELL,SL,5111.25,5116.759999999999,-5.509999999999309,-55.09999999999309
2026-03-06 07:14:00+00:00,2026-03-06 07:20:30+00:00,KRONOS_S99_MSS_FVG,SELL,SL,5111.25,5116.759999999999,-5.509999999999309,-55.09999999999309
2026-03-06 07:33:00+00:00,2026-03-06 07:54:45+00:00,KRONOS_S94_SWEEP_REVERSAL,BUY,TP,5111.094999999999,5118.360000000001,7.265000000001237,72.65000000001237
2026-03-06 08:46:00+00:00,2026-03-06 08:47:30+00:00,KRONOS_S93_FVG_SCALP,SELL,SL,5109.585,5114.15,-4.5649999999996,-45.649999999996
2026-03-06 08:46:00+00:00,2026-03-06 08:47:30+00:00,KRONOS_S99_MSS_FVG,SELL,SL,5109.585,5114.15,-4.5649999999996,-45.649999999996
2026-03-06 11:32:00+00:00,2026-03-06 11:41:10+00:00,KRONOS_S99_MSS_FVG,BUY,SL,5092.804999999999,5088.97,-3.834999999999127,-38.34999999999127
2026-03-06 13:15:00+00:00,2026-03-06 13:21:00+00:00,KRONOS_S93_FVG_SCALP,SELL,SL,5075.555,5083.509999999999,-7.954999999999018,-79.54999999999018
2026-03-06 13:15:00+00:00,2026-03-06 13:21:00+00:00,KRONOS_S99_MSS_FVG,SELL,SL,5075.555,5083.509999999999,-7.954999999999018,-79.54999999999018
2026-03-06 13:01:00+00:00,2026-03-06 13:30:00+00:00,KRONOS_S94_SWEEP_REVERSAL,BUY,TP,5075.054999999999,5097.97,22.915000000000873,229.15000000000876
2026-03-08 22:15:00+00:00,2026-03-08 22:41:55+00:00,KRONOS_S94_SWEEP_REVERSAL,BUY,SL,5145.4,5114.97,-30.42999999999938,-304.2999999999938
2026-03-09 02:07:00+00:00,2026-03-09 02:08:25+00:00,KRONOS_S100_M3_COMBO,SELL,SL,5077.81,5081.15,-3.339999999999236,-33.39999999999236
2026-03-09 02:30:00+00:00,2026-03-09 02:46:25+00:00,KRONOS_S100_M3_COMBO,SELL,SL,5086.275000000001,5094.709999999999,-8.434999999998581,-84.34999999998581
2026-03-09 05:03:00+00:00,2026-03-09 05:04:05+00:00,KRONOS_S100_M3_COMBO,SELL,SL,5089.02,5091.679999999999,-2.659999999998945,-26.59999999998945
2026-03-09 05:22:00+00:00,2026-03-09 05:23:15+00:00,KRONOS_S100_M3_COMBO,SELL,SL,5100.660000000001,5102.74,-2.0799999999990177,-20.799999999990177
2026-03-10 01:30:00+00:00,2026-03-10 01:57:00+00:00,KRONOS_S100_M3_COMBO,BUY,TP,5156.009999999999,5177.490000000001,21.480000000001382,214.80000000001382
2026-03-10 02:03:00+00:00,2026-03-10 02:05:15+00:00,KRONOS_S100_M3_COMBO,BUY,SL,5181.495,5175.570000000001,-5.924999999999272,-59.24999999999273
2026-03-10 03:09:00+00:00,2026-03-10 03:12:40+00:00,KRONOS_S100_M3_COMBO,BUY,SL,5170.665,5167.81,-2.8549999999995634,-28.549999999995634
2026-03-10 04:26:00+00:00,2026-03-10 05:01:20+00:00,KRONOS_S100_M3_COMBO,BUY,TP,5162.764999999999,5165.9800000000005,3.215000000001055,32.15000000001055
2026-03-10 06:07:00+00:00,2026-03-10 06:10:05+00:00,KRONOS_S99_MSS_FVG,BUY,TP,5175.174999999999,5177.18,2.0050000000010186,20.050000000010186
2026-03-10 06:20:00+00:00,2026-03-10 06:27:30+00:00,KRONOS_S100_M3_COMBO,BUY,SL,5176.599999999999,5173.46,-3.139999999999418,-31.399999999994183
2026-03-10 07:06:00+00:00,2026-03-10 07:18:00+00:00,KRONOS_S100_M3_COMBO,BUY,SL,5175.65,5170.1900000000005,-5.459999999999127,-54.59999999999127
2026-03-10 07:29:00+00:00,2026-03-10 07:38:25+00:00,KRONOS_S93_FVG_SCALP,SELL,SL,5168.950000000001,5173.53,-4.579999999999018,-45.799999999990185
2026-03-10 07:29:00+00:00,2026-03-10 07:38:25+00:00,KRONOS_S99_MSS_FVG,SELL,SL,5168.950000000001,5173.53,-4.579999999999018,-45.799999999990185
2026-03-10 08:35:00+00:00,2026-03-10 08:39:10+00:00,KRONOS_S93_FVG_SCALP,BUY,TP,5185.419999999999,5187.09,1.6700000000009823,16.700000000009823
2026-03-10 07:44:00+00:00,2026-03-10 08:39:30+00:00,KRONOS_S100_M3_COMBO,BUY,TP,5176.834999999999,5189.84,13.005000000001019,130.0500000000102
2026-03-10 08:53:00+00:00,2026-03-10 08:56:20+00:00,KRONOS_S100_M3_COMBO,BUY,SL,5190.974999999999,5184.72,-6.2549999999992,-62.549999999992
2026-03-10 10:45:00+00:00,2026-03-10 10:51:30+00:00,KRONOS_S99_MSS_FVG,SELL,SL,5170.385,5174.669999999999,-4.284999999998945,-42.84999999998945
2026-03-10 12:10:00+00:00,2026-03-10 12:20:00+00:00,KRONOS_S93_FVG_SCALP,SELL,SL,5169.305,5174.5599999999995,-5.2549999999992,-52.549999999992
2026-03-10 12:10:00+00:00,2026-03-10 12:20:00+00:00,KRONOS_S99_MSS_FVG,SELL,SL,5169.305,5174.5599999999995,-5.2549999999992,-52.549999999992
2026-03-10 13:06:00+00:00,2026-03-10 13:18:35+00:00,KRONOS_S100_M3_COMBO,BUY,TP,5198.11,5211.700000000001,13.590000000001055,135.90000000001058
2026-03-10 13:29:00+00:00,2026-03-10 13:30:35+00:00,KRONOS_S100_M3_COMBO,BUY,SL,5222.174999999999,5214.05,-8.12499999999909,-81.2499999999909
2026-03-10 13:40:00+00:00,2026-03-10 13:45:55+00:00,KRONOS_S93_FVG_SCALP,SELL,TP,5214.990000000001,5204.009999999999,10.980000000001382,109.80000000001382
2026-03-10 14:15:00+00:00,2026-03-10 14:16:05+00:00,KRONOS_S93_FVG_SCALP,SELL,SL,5196.780000000001,5203.16,-6.3799999999992,-63.799999999991996
2026-03-10 14:15:00+00:00,2026-03-10 14:16:05+00:00,KRONOS_S99_MSS_FVG,SELL,SL,5196.780000000001,5203.16,-6.3799999999992,-63.799999999991996
2026-03-10 15:20:00+00:00,2026-03-10 15:31:30+00:00,KRONOS_S94_SWEEP_REVERSAL,SELL,SL,5226.780000000001,5229.589999999999,-2.809999999998581,-28.099999999985815
2026-03-10 14:35:00+00:00,2026-03-10 15:31:35+00:00,KRONOS_S100_M3_COMBO,BUY,TP,5207.53,5229.21,21.68000000000029,216.8000000000029
2026-03-10 14:25:00+00:00,2026-03-10 15:33:10+00:00,KRONOS_S93_FVG_SCALP,BUY,TP,5207.804999999999,5230.7300000000005,22.92500000000109,229.2500000000109
2026-03-10 15:37:00+00:00,2026-03-10 15:45:30+00:00,KRONOS_S100_M3_COMBO,BUY,TP,5231.544999999999,5236.900000000001,5.355000000001382,53.55000000001383
2026-03-11 01:37:00+00:00,2026-03-11 01:40:30+00:00,KRONOS_S100_M3_COMBO,BUY,SL,5215.785,5212.92,-2.8649999999997817,-28.649999999997817
2026-03-11 02:35:00+00:00,2026-03-11 02:53:40+00:00,KRONOS_S100_M3_COMBO,BUY,TP,5207.459999999999,5218.72,11.260000000001128,112.60000000001129
2026-03-11 03:05:00+00:00,2026-03-11 03:21:00+00:00,KRONOS_S100_M3_COMBO,BUY,SL,5216.629999999999,5211.200000000001,-5.429999999998472,-54.29999999998473
2026-03-11 05:27:00+00:00,2026-03-11 05:30:00+00:00,KRONOS_S100_M3_COMBO,SELL,TP,5202.68,5199.74,2.9400000000005093,29.400000000005093
2026-03-11 05:35:00+00:00,2026-03-11 05:38:05+00:00,KRONOS_S100_M3_COMBO,SELL,SL,5201.330000000001,5203.04,-1.7099999999991269,-17.09999999999127
2026-03-11 06:28:00+00:00,2026-03-11 06:34:55+00:00,KRONOS_S100_M3_COMBO,SELL,TP,5206.3550000000005,5202.639999999999,3.715000000001055,37.15000000001055
2026-03-11 06:34:00+00:00,2026-03-11 06:41:00+00:00,KRONOS_S99_MSS_FVG,BUY,SL,5202.594999999999,5199.200000000001,-3.3949999999986176,-33.94999999998618
2026-03-11 06:49:00+00:00,2026-03-11 06:54:30+00:00,KRONOS_S100_M3_COMBO,SELL,SL,5194.805,5198.99,-4.184999999999491,-41.84999999999491
2026-03-11 06:50:00+00:00,2026-03-11 07:07:10+00:00,KRONOS_S99_MSS_FVG,SELL,SL,5195.575000000001,5202.25,-6.674999999999272,-66.74999999999272
2026-03-11 07:36:00+00:00,2026-03-11 07:37:10+00:00,KRONOS_S100_M3_COMBO,SELL,TP,5190.985000000001,5187.429999999999,3.5550000000012005,35.550000000012005
2026-03-11 07:49:00+00:00,2026-03-11 07:50:55+00:00,KRONOS_S99_MSS_FVG,SELL,SL,5194.215,5197.179999999999,-2.964999999999236,-29.64999999999236
2026-03-11 07:57:00+00:00,2026-03-11 08:01:40+00:00,KRONOS_S93_FVG_SCALP,BUY,SL,5194.785,5190.68,-4.104999999999563,-41.049999999995634
2026-03-11 07:51:00+00:00,2026-03-11 08:01:35+00:00,KRONOS_S100_M3_COMBO,SELL,TP,5196.865000000001,5192.66,4.205000000000837,42.05000000000837
2026-03-11 08:04:00+00:00,2026-03-11 08:05:25+00:00,KRONOS_S100_M3_COMBO,SELL,SL,5194.780000000001,5197.209999999999,-2.429999999998472,-24.299999999984724
2026-03-11 08:39:00+00:00,2026-03-11 08:44:20+00:00,KRONOS_S100_M3_COMBO,SELL,SL,5183.25,5186.49,-3.2399999999997817,-32.39999999999782
2026-03-11 08:59:00+00:00,2026-03-11 09:01:35+00:00,KRONOS_S99_MSS_FVG,SELL,TP,5187.215,5185.419999999999,1.7950000000009823,17.950000000009826
2026-03-11 09:43:00+00:00,2026-03-11 09:52:30+00:00,KRONOS_S99_MSS_FVG,BUY,SL,5193.759999999999,5187.5,-6.259999999999309,-62.599999999993095
2026-03-10 19:00:00+00:00,2026-03-11 13:51:45+00:00,KRONOS_S94_SWEEP_REVERSAL,BUY,SL,5185.155,5157.700000000001,-27.454999999999018,-274.54999999999023
2026-03-12 02:14:00+00:00,2026-03-12 02:23:15+00:00,KRONOS_S100_M3_COMBO,BUY,SL,5174.745,5169.910000000001,-4.834999999999127,-48.34999999999127
2026-03-12 03:19:00+00:00,2026-03-12 04:31:00+00:00,KRONOS_S100_M3_COMBO,SELL,TIME,5152.25,5152.719999999999,-0.46999999999934516,-4.699999999993452
2026-03-12 04:53:00+00:00,2026-03-12 05:03:00+00:00,KRONOS_S100_M3_COMBO,SELL,SL,5142.64,5146.139999999999,-3.4999999999990905,-34.999999999990905
2026-03-12 05:24:00+00:00,2026-03-12 05:25:00+00:00,KRONOS_S100_M3_COMBO,SELL,TP,5141.225,5141.4,-0.1749999999992724,-1.749999999992724
2026-03-12 05:28:00+00:00,2026-03-12 05:32:00+00:00,KRONOS_S100_M3_COMBO,SELL,SL,5142.81,5147.419999999999,-4.609999999998763,-46.09999999998763
2026-03-12 05:55:00+00:00,2026-03-12 05:56:45+00:00,KRONOS_S100_M3_COMBO,SELL,SL,5153.545,5157.54,-3.994999999999891,-39.94999999999891
2026-03-13 01:35:00+00:00,2026-03-13 01:38:05+00:00,KRONOS_S100_M3_COMBO,BUY,SL,5121.455,5116.43,-5.024999999999636,-50.24999999999636
2026-03-13 02:05:00+00:00,2026-03-13 02:22:35+00:00,KRONOS_S100_M3_COMBO,BUY,SL,5125.639999999999,5116.27,-9.369999999998981,-93.69999999998981
2026-03-13 03:52:00+00:00,2026-03-13 04:17:55+00:00,KRONOS_S100_M3_COMBO,BUY,SL,5114.48,5110.860000000001,-3.6199999999989814,-36.19999999998982
2026-03-15 22:41:00+00:00,2026-03-15 23:20:10+00:00,KRONOS_S94_SWEEP_REVERSAL,BUY,SL,5010.299999999999,4999.55,-10.74999999999909,-107.49999999999092
2026-03-16 00:33:00+00:00,2026-03-16 00:34:55+00:00,KRONOS_S94_SWEEP_REVERSAL,SELL,SL,5026.895,5029.419999999999,-2.5249999999987267,-25.249999999987267
2026-03-16 01:18:00+00:00,2026-03-16 01:55:35+00:00,KRONOS_S100_M3_COMBO,SELL,SL,5003.59,5011.959999999999,-8.369999999998981,-83.69999999998981
2026-03-16 05:10:00+00:00,2026-03-16 05:31:50+00:00,KRONOS_S100_M3_COMBO,SELL,TP,5012.780000000001,5005.49,7.290000000000873,72.90000000000873
2026-03-16 06:21:00+00:00,2026-03-16 06:25:30+00:00,KRONOS_S100_M3_COMBO,BUY,SL,5032.924999999999,5026.540000000001,-6.384999999998399,-63.849999999984
2026-03-16 06:26:00+00:00,2026-03-16 06:40:45+00:00,KRONOS_S99_MSS_FVG,BUY,SL,5028.054999999999,5020.8,-7.2549999999992,-72.549999999992
2026-03-17 01:38:00+00:00,2026-03-17 02:02:45+00:00,KRONOS_S100_M3_COMBO,BUY,TP,5017.825,5029.450000000001,11.62500000000091,116.2500000000091
2026-03-17 02:49:00+00:00,2026-03-17 02:50:55+00:00,KRONOS_S100_M3_COMBO,BUY,SL,5025.32,5021.070000000001,-4.2499999999990905,-42.499999999990905
2026-03-17 03:56:00+00:00,2026-03-17 03:57:05+00:00,KRONOS_S100_M3_COMBO,BUY,SL,5027.415,5025.93,-1.4849999999996726,-14.849999999996728
2026-03-17 04:25:00+00:00,2026-03-17 04:26:40+00:00,KRONOS_S100_M3_COMBO,BUY,SL,5029.304999999999,5026.330000000001,-2.974999999998545,-29.749999999985448
2026-03-17 04:50:00+00:00,2026-03-17 05:03:55+00:00,KRONOS_S100_M3_COMBO,BUY,SL,5040.259999999999,5036.13,-4.1299999999992,-41.299999999991996
2026-03-17 05:04:00+00:00,2026-03-17 05:10:15+00:00,KRONOS_S100_M3_COMBO,BUY,SL,5036.049999999999,5033.240000000001,-2.809999999998581,-28.099999999985815
2026-03-17 05:18:00+00:00,2026-03-17 05:25:25+00:00,KRONOS_S100_M3_COMBO,BUY,SL,5038.459999999999,5035.22,-3.2399999999988722,-32.39999999998873
2026-03-17 05:33:00+00:00,2026-03-17 05:36:50+00:00,KRONOS_S100_M3_COMBO,BUY,SL,5038.179999999999,5033.580000000001,-4.599999999998545,-45.999999999985455
2026-03-17 07:30:00+00:00,2026-03-17 07:32:05+00:00,KRONOS_S99_MSS_FVG,SELL,SL,5019.165000000001,5021.889999999999,-2.724999999998545,-27.249999999985448
2026-03-17 07:44:00+00:00,2026-03-17 07:54:15+00:00,KRONOS_S93_FVG_SCALP,BUY,SL,5023.724999999999,5017.4800000000005,-6.244999999998981,-62.449999999989814
2026-03-17 07:44:00+00:00,2026-03-17 07:54:15+00:00,KRONOS_S99_MSS_FVG,BUY,SL,5023.724999999999,5017.4800000000005,-6.244999999998981,-62.449999999989814
2026-03-18 01:15:00+00:00,2026-03-18 01:20:30+00:00,KRONOS_S94_SWEEP_REVERSAL,SELL,SL,5012.620000000001,5016.66,-4.039999999999054,-40.39999999999054
2026-03-18 01:17:00+00:00,2026-03-18 01:29:25+00:00,KRONOS_S100_M3_COMBO,BUY,SL,5012.62,5007.830000000001,-4.789999999999054,-47.89999999999054
2026-03-18 01:30:00+00:00,2026-03-18 01:35:15+00:00,KRONOS_S100_M3_COMBO,BUY,SL,5008.105,5004.700000000001,-3.404999999998836,-34.04999999998836
2026-03-18 02:56:00+00:00,2026-03-18 02:57:50+00:00,KRONOS_S94_SWEEP_REVERSAL,BUY,SL,4994.509999999999,4990.780000000001,-3.729999999998654,-37.29999999998655
2026-03-19 01:53:00+00:00,2026-03-19 02:05:10+00:00,KRONOS_S100_M3_COMBO,SELL,TP,4856.76,4845.389999999999,11.3700000000008,113.70000000000802
2026-03-19 02:19:00+00:00,2026-03-19 02:21:30+00:00,KRONOS_S100_M3_COMBO,BUY,TP,4851.29,4853.1,1.8100000000004002,18.100000000004002
2026-03-19 02:30:00+00:00,2026-03-19 03:09:40+00:00,KRONOS_S100_M3_COMBO,BUY,TP,4856.549999999999,4862.540000000001,5.990000000001601,59.90000000001601
2026-03-19 03:21:00+00:00,2026-03-19 03:25:05+00:00,KRONOS_S100_M3_COMBO,BUY,SL,4863.125,4856.93,-6.194999999999709,-61.9499999999971
2026-03-19 04:51:00+00:00,2026-03-19 04:56:20+00:00,KRONOS_S100_M3_COMBO,SELL,SL,4846.205000000001,4850.429999999999,-4.224999999998545,-42.24999999998545
2026-03-19 05:12:00+00:00,2026-03-19 05:15:15+00:00,KRONOS_S100_M3_COMBO,SELL,SL,4847.325000000001,4852.57,-5.244999999998981,-52.449999999989814
2026-03-19 05:47:00+00:00,2026-03-19 05:50:35+00:00,KRONOS_S100_M3_COMBO,SELL,SL,4836.39,4840.709999999999,-4.3199999999987995,-43.199999999987995
2026-03-19 06:00:00+00:00,2026-03-19 06:01:40+00:00,KRONOS_S100_M3_COMBO,SELL,SL,4832.035000000001,4837.349999999999,-5.31499999999869,-53.14999999998691
2026-03-19 06:31:00+00:00,2026-03-19 06:35:10+00:00,KRONOS_S100_M3_COMBO,SELL,TP,4817.575000000001,4802.719999999999,14.855000000001382,148.55000000001382
2026-03-19 06:59:00+00:00,2026-03-19 07:09:10+00:00,KRONOS_S99_MSS_FVG,SELL,SL,4763.215,4783.32,-20.104999999999563,-201.04999999999563
2026-03-19 07:01:00+00:00,2026-03-19 07:09:10+00:00,KRONOS_S100_M3_COMBO,SELL,SL,4771.095,4783.139999999999,-12.044999999999163,-120.44999999999165
2026-03-20 01:09:00+00:00,2026-03-20 01:10:40+00:00,KRONOS_S100_M3_COMBO,BUY,SL,4667.12,4661.780000000001,-5.339999999999236,-53.39999999999237
2026-03-20 01:35:00+00:00,2026-03-20 01:40:35+00:00,KRONOS_S94_SWEEP_REVERSAL,SELL,SL,4675.76,4681.639999999999,-5.8799999999992,-58.799999999992
2026-03-20 01:50:00+00:00,2026-03-20 01:56:25+00:00,KRONOS_S100_M3_COMBO,BUY,SL,4679.7,4676.02,-3.6799999999993815,-36.799999999993815
2026-03-20 02:15:00+00:00,2026-03-20 02:26:10+00:00,KRONOS_S100_M3_COMBO,BUY,SL,4685.254999999999,4680.9800000000005,-4.274999999998727,-42.74999999998727
2026-03-22 23:36:00+00:00,2026-03-22 23:43:05+00:00,KRONOS_S94_SWEEP_REVERSAL,BUY,TP,4478.99,4484.93,5.940000000000509,59.40000000000509
2026-03-23 02:36:00+00:00,2026-03-23 02:53:10+00:00,KRONOS_S100_M3_COMBO,SELL,TP,4386.965,4366.3099999999995,20.655000000000655,206.55000000000655
2026-03-23 02:58:00+00:00,2026-03-23 03:01:35+00:00,KRONOS_S100_M3_COMBO,SELL,SL,4367.035000000001,4375.04,-8.0049999999992,-80.04999999999201
2026-03-23 03:16:00+00:00,2026-03-23 04:00:35+00:00,KRONOS_S100_M3_COMBO,SELL,SL,4356.835,4369.48,-12.644999999999527,-126.44999999999528
2026-03-23 04:57:00+00:00,2026-03-23 05:01:15+00:00,KRONOS_S100_M3_COMBO,SELL,SL,4361.330000000001,4371.889999999999,-10.559999999998581,-105.59999999998581
2026-03-23 05:28:00+00:00,2026-03-23 05:30:10+00:00,KRONOS_S100_M3_COMBO,SELL,TP,4357.59,4343.74,13.850000000000364,138.50000000000364
2026-03-23 05:36:00+00:00,2026-03-23 06:01:35+00:00,KRONOS_S100_M3_COMBO,SELL,TP,4336.085,4301.0599999999995,35.025000000000546,350.25000000000546
2026-03-23 06:14:00+00:00,2026-03-23 06:15:10+00:00,KRONOS_S99_MSS_FVG,SELL,SL,4294.235000000001,4305.7,-11.464999999999236,-114.64999999999237
2026-03-23 06:50:00+00:00,2026-03-23 06:51:30+00:00,KRONOS_S99_MSS_FVG,SELL,SL,4216.620000000001,4221.2699999999995,-4.649999999998727,-46.49999999998727
2026-03-23 06:49:00+00:00,2026-03-23 07:20:10+00:00,KRONOS_S100_M3_COMBO,SELL,TP,4206.115000000001,4107.98,98.13500000000113,981.3500000000113
2026-03-23 07:24:00+00:00,2026-03-23 07:31:25+00:00,KRONOS_S100_M3_COMBO,SELL,SL,4130.740000000001,4149.94,-19.19999999999891,-191.9999999999891
2026-03-23 07:36:00+00:00,2026-03-23 07:38:10+00:00,KRONOS_S99_MSS_FVG,SELL,SL,4180.205000000001,4187.69,-7.484999999998763,-74.84999999998763
2026-03-23 07:36:00+00:00,2026-03-23 07:41:45+00:00,KRONOS_S93_FVG_SCALP,SELL,SL,4180.205000000001,4213.709999999999,-33.50499999999829,-335.0499999999829
2026-03-23 08:23:00+00:00,2026-03-23 08:32:05+00:00,KRONOS_S100_M3_COMBO,SELL,SL,4217.335,4247.94,-30.604999999999563,-306.0499999999957
2026-03-23 08:57:00+00:00,2026-03-23 08:58:10+00:00,KRONOS_S100_M3_COMBO,SELL,SL,4237.120000000001,4239.74,-2.6199999999989814,-26.199999999989814
2026-03-23 09:33:00+00:00,2026-03-23 09:37:10+00:00,KRONOS_S99_MSS_FVG,BUY,SL,4286.065,4263.950000000001,-22.114999999998872,-221.14999999998872
2026-03-23 09:58:00+00:00,2026-03-23 11:00:40+00:00,KRONOS_S93_FVG_SCALP,SELL,SL,4251.585,4285.669999999999,-34.08499999999913,-340.8499999999913
2026-03-24 01:18:00+00:00,2026-03-24 01:25:05+00:00,KRONOS_S100_M3_COMBO,SELL,SL,4340.165000000001,4364.4,-24.234999999998763,-242.34999999998763
2026-03-25 00:10:00+00:00,2026-03-25 00:26:25+00:00,KRONOS_S94_SWEEP_REVERSAL,SELL,SL,4551.675,4556.0199999999995,-4.344999999999345,-43.44999999999345
2026-03-25 01:55:00+00:00,2026-03-25 02:00:20+00:00,KRONOS_S100_M3_COMBO,BUY,SL,4597.379999999999,4592.43,-4.949999999998909,-49.499999999989086
2026-03-25 05:00:00+00:00,2026-03-25 05:02:10+00:00,KRONOS_S100_M3_COMBO,BUY,SL,4572.0599999999995,4569.080000000001,-2.979999999998654,-29.799999999986543
2026-03-25 05:49:00+00:00,2026-03-25 05:50:00+00:00,KRONOS_S100_M3_COMBO,BUY,SL,4559.94,4558.650000000001,-1.2899999999990541,-12.899999999990541
2026-03-25 06:20:00+00:00,2026-03-25 06:31:00+00:00,KRONOS_S99_MSS_FVG,SELL,SL,4550.43,4555.62,-5.1899999999996,-51.899999999996005
2026-03-26 02:43:00+00:00,2026-03-26 03:02:35+00:00,KRONOS_S100_M3_COMBO,SELL,TP,4519.490000000001,4502.929999999999,16.56000000000131,165.60000000001313
2026-03-26 03:25:00+00:00,2026-03-26 03:31:20+00:00,KRONOS_S100_M3_COMBO,SELL,SL,4506.835,4513.009999999999,-6.174999999999272,-61.74999999999273
2026-03-26 03:59:00+00:00,2026-03-26 04:16:20+00:00,KRONOS_S100_M3_COMBO,SELL,SL,4516.665000000001,4519.49,-2.8249999999989086,-28.24999999998909
2026-03-26 04:41:00+00:00,2026-03-26 04:48:05+00:00,KRONOS_S100_M3_COMBO,SELL,SL,4518.31,4522.49,-4.1799999999993815,-41.79999999999382
2026-03-26 05:40:00+00:00,2026-03-26 05:45:35+00:00,KRONOS_S94_SWEEP_REVERSAL,BUY,SL,4490.554999999999,4478.71,-11.844999999999345,-118.44999999999347
2026-03-26 06:11:00+00:00,2026-03-26 06:29:30+00:00,KRONOS_S100_M3_COMBO,SELL,SL,4427.27,4441.24,-13.969999999999345,-139.69999999999345
2026-03-27 00:35:00+00:00,2026-03-27 00:50:40+00:00,KRONOS_S94_SWEEP_REVERSAL,BUY,SL,4391.11,4381.660000000001,-9.449999999998909,-94.49999999998909
2026-03-27 02:06:00+00:00,2026-03-27 03:18:00+00:00,KRONOS_S100_M3_COMBO,BUY,TIME,4427.83,4429.1,1.2700000000004366,12.700000000004366
2026-03-27 03:22:00+00:00,2026-03-27 03:29:05+00:00,KRONOS_S100_M3_COMBO,BUY,TP,4432.28,4433.820000000001,1.5400000000008731,15.400000000008731
2026-03-27 03:44:00+00:00,2026-03-27 03:45:10+00:00,KRONOS_S100_M3_COMBO,BUY,SL,4436.455,4433.35,-3.1049999999995634,-31.049999999995638
2026-03-27 04:26:00+00:00,2026-03-27 04:35:05+00:00,KRONOS_S100_M3_COMBO,BUY,TP,4434.224999999999,4440.22,5.9950000000008,59.95000000000801
2026-03-27 05:06:00+00:00,2026-03-27 05:30:25+00:00,KRONOS_S94_SWEEP_REVERSAL,SELL,SL,4445.115000000001,4450.66,-5.544999999999163,-55.44999999999164
2026-03-27 04:50:00+00:00,2026-03-27 05:30:25+00:00,KRONOS_S100_M3_COMBO,BUY,TP,4443.455,4450.01,6.555000000000291,65.55000000000291
2026-03-27 05:54:00+00:00,2026-03-27 07:04:45+00:00,KRONOS_S100_M3_COMBO,BUY,SL,4462.04,4450.580000000001,-11.459999999999127,-114.59999999999127
2026-03-27 08:41:00+00:00,2026-03-27 08:42:25+00:00,KRONOS_S99_MSS_FVG,SELL,SL,4438.330000000001,4440.589999999999,-2.2599999999983993,-22.599999999983993
2026-03-29 22:56:00+00:00,2026-03-29 23:05:55+00:00,KRONOS_S94_SWEEP_REVERSAL,BUY,SL,4485.804999999999,4480.200000000001,-5.604999999998654,-56.04999999998655
2026-03-30 01:33:00+00:00,2026-03-30 01:34:40+00:00,KRONOS_S100_M3_COMBO,SELL,SL,4458.165000000001,4461.9,-3.734999999998763,-37.34999999998763
2026-03-30 03:13:00+00:00,2026-03-30 03:59:30+00:00,KRONOS_S100_M3_COMBO,BUY,SL,4503.74,4494.660000000001,-9.079999999999018,-90.79999999999018
2026-03-30 04:25:00+00:00,2026-03-30 04:32:40+00:00,KRONOS_S100_M3_COMBO,BUY,SL,4493.834999999999,4487.71,-6.1249999999990905,-61.24999999999091
2026-03-31 01:02:00+00:00,2026-03-31 01:05:15+00:00,KRONOS_S100_M3_COMBO,BUY,SL,4549.405,4538.4400000000005,-10.964999999999236,-109.64999999999236
2026-03-31 01:30:00+00:00,2026-03-31 01:31:15+00:00,KRONOS_S94_SWEEP_REVERSAL,SELL,SL,4584.475,4586.32,-1.8449999999993452,-18.44999999999345
2026-03-31 01:38:00+00:00,2026-03-31 01:40:00+00:00,KRONOS_S94_SWEEP_REVERSAL,SELL,SL,4584.240000000001,4593.3099999999995,-9.0699999999988,-90.699999999988
2026-03-31 01:28:00+00:00,2026-03-31 01:40:15+00:00,KRONOS_S100_M3_COMBO,BUY,TP,4579.16,4594.85,15.69000000000051,156.9000000000051
2026-04-01 02:08:00+00:00,2026-04-01 02:22:10+00:00,KRONOS_S100_M3_COMBO,BUY,SL,4693.7,4687.360000000001,-6.339999999999236,-63.39999999999236
2026-04-01 02:45:00+00:00,2026-04-01 03:19:10+00:00,KRONOS_S94_SWEEP_REVERSAL,BUY,TP,4683.724999999999,4692.700000000001,8.975000000001273,89.75000000001275
2026-04-01 02:58:00+00:00,2026-04-01 03:56:30+00:00,KRONOS_S100_M3_COMBO,BUY,SL,4686.7699999999995,4680.900000000001,-5.869999999998981,-58.699999999989814
2026-04-01 04:36:00+00:00,2026-04-01 04:38:40+00:00,KRONOS_S100_M3_COMBO,SELL,SL,4672.135,4675.49,-3.3549999999995634,-33.54999999999564
2026-04-01 04:53:00+00:00,2026-04-01 04:55:25+00:00,KRONOS_S100_M3_COMBO,BUY,SL,4680.075,4675.6,-4.474999999999454,-44.74999999999454
2026-04-01 05:06:00+00:00,2026-04-01 05:32:05+00:00,KRONOS_S100_M3_COMBO,BUY,TP,4679.315,4692.85,13.535000000000764,135.35000000000764
2026-04-01 05:46:00+00:00,2026-04-01 05:55:05+00:00,KRONOS_S100_M3_COMBO,BUY,SL,4697.8949999999995,4693.830000000001,-4.06499999999869,-40.64999999998691
2026-04-01 06:35:00+00:00,2026-04-01 06:45:50+00:00,KRONOS_S99_MSS_FVG,BUY,TP,4705.264999999999,4716.110000000001,10.845000000001164,108.45000000001164
2026-04-01 06:20:00+00:00,2026-04-01 06:45:15+00:00,KRONOS_S100_M3_COMBO,BUY,TP,4699.445,4712.570000000001,13.12500000000091,131.2500000000091
2026-04-01 07:21:00+00:00,2026-04-01 07:32:10+00:00,KRONOS_S93_FVG_SCALP,SELL,SL,4723.530000000001,4728.78,-5.2499999999990905,-52.49999999999091
2026-04-01 07:04:00+00:00,2026-04-01 07:36:35+00:00,KRONOS_S99_MSS_FVG,BUY,TP,4722.964999999999,4739.64,16.67500000000109,166.7500000000109
2026-04-01 07:41:00+00:00,2026-04-01 07:49:10+00:00,KRONOS_S99_MSS_FVG,BUY,SL,4732.165,4721.6,-10.5649999999996,-105.649999999996
2026-04-01 08:00:00+00:00,2026-04-01 08:03:20+00:00,KRONOS_S93_FVG_SCALP,SELL,SL,4718.610000000001,4722.5,-3.889999999999418,-38.899999999994186
2026-04-01 08:24:00+00:00,2026-04-01 08:37:25+00:00,KRONOS_S100_M3_COMBO,BUY,TP,4729.054999999999,4736.92,7.865000000000691,78.65000000000691
2026-04-01 08:40:00+00:00,2026-04-01 08:47:25+00:00,KRONOS_S100_M3_COMBO,BUY,SL,4734.014999999999,4730.25,-3.764999999999418,-37.64999999999418
2026-04-01 09:00:00+00:00,2026-04-01 09:11:20+00:00,KRONOS_S99_MSS_FVG,BUY,SL,4726.61,4718.570000000001,-8.039999999999054,-80.39999999999054
2026-04-01 11:11:00+00:00,2026-04-01 11:20:00+00:00,KRONOS_S99_MSS_FVG,BUY,TP,4735.695,4744.22,8.525000000000546,85.25000000000547
2026-04-01 08:25:00+00:00,2026-04-01 11:30:45+00:00,KRONOS_S94_SWEEP_REVERSAL,SELL,SL,4735.165000000001,4749.75,-14.584999999999127,-145.8499999999913
2026-04-01 11:47:00+00:00,2026-04-01 12:04:20+00:00,KRONOS_S99_MSS_FVG,BUY,SL,4754.48,4748.860000000001,-5.619999999998981,-56.199999999989814
2026-04-01 13:37:00+00:00,2026-04-01 13:51:45+00:00,KRONOS_S100_M3_COMBO,BUY,SL,4744.94,4734.17,-10.769999999999527,-107.69999999999527
2026-04-01 15:01:00+00:00,2026-04-01 15:03:50+00:00,KRONOS_S94_SWEEP_REVERSAL,SELL,SL,4761.290000000001,4769.95,-8.659999999998945,-86.59999999998945
2026-04-01 14:44:00+00:00,2026-04-01 15:31:25+00:00,KRONOS_S100_M3_COMBO,BUY,TP,4754.535,4777.1900000000005,22.655000000000655,226.55000000000655
2026-04-02 01:16:00+00:00,2026-04-02 01:20:15+00:00,KRONOS_S94_SWEEP_REVERSAL,BUY,SL,4746.304999999999,4722.400000000001,-23.904999999998836,-239.04999999998836
2026-04-06 01:21:00+00:00,2026-04-06 01:28:55+00:00,KRONOS_S100_M3_COMBO,SELL,SL,4632.13,4641.259999999999,-9.1299999999992,-91.299999999992
2026-04-06 01:36:00+00:00,2026-04-06 02:11:05+00:00,KRONOS_S100_M3_COMBO,SELL,SL,4629.63,4637.95,-8.319999999999709,-83.1999999999971
2026-04-07 01:11:00+00:00,2026-04-07 01:17:10+00:00,KRONOS_S100_M3_COMBO,SELL,SL,4641.225,4649.549999999999,-8.324999999998909,-83.24999999998909
2026-04-07 01:10:00+00:00,2026-04-07 01:52:20+00:00,KRONOS_S94_SWEEP_REVERSAL,BUY,SL,4637.254999999999,4625.700000000001,-11.554999999998472,-115.54999999998472
2026-04-07 01:42:00+00:00,2026-04-07 02:54:00+00:00,KRONOS_S100_M3_COMBO,SELL,TIME,4643.405000000001,4653.009999999999,-9.604999999998654,-96.04999999998654
2026-04-08 00:16:00+00:00,2026-04-08 01:19:40+00:00,KRONOS_S94_SWEEP_REVERSAL,SELL,TP,4832.255,4803.509999999999,28.7450000000008,287.450000000008
2026-04-08 01:54:00+00:00,2026-04-08 02:52:35+00:00,KRONOS_S100_M3_COMBO,BUY,SL,4810.209999999999,4803.6900000000005,-6.519999999998618,-65.19999999998618
2026-04-08 04:33:00+00:00,2026-04-08 05:27:50+00:00,KRONOS_S100_M3_COMBO,BUY,TP,4801.924999999999,4814.52,12.595000000001164,125.95000000001164
2026-04-08 05:28:00+00:00,2026-04-08 05:34:00+00:00,KRONOS_S100_M3_COMBO,BUY,TP,4816.25,4820.320000000001,4.0700000000006185,40.700000000006185
2026-04-08 05:56:00+00:00,2026-04-08 05:58:25+00:00,KRONOS_S100_M3_COMBO,BUY,SL,4830.245,4826.31,-3.9349999999994907,-39.349999999994914
2026-04-08 06:29:00+00:00,2026-04-08 06:32:00+00:00,KRONOS_S100_M3_COMBO,BUY,SL,4836.815,4829.31,-7.5049999999992,-75.049999999992
2026-04-08 06:53:00+00:00,2026-04-08 06:54:15+00:00,KRONOS_S100_M3_COMBO,BUY,SL,4827.339999999999,4824.320000000001,-3.0199999999986176,-30.199999999986176
2026-04-08 07:25:00+00:00,2026-04-08 07:34:00+00:00,KRONOS_S99_MSS_FVG,SELL,TP,4820.780000000001,4811.82,8.960000000000946,89.60000000000946
2026-04-08 07:33:00+00:00,2026-04-08 07:34:20+00:00,KRONOS_S100_M3_COMBO,BUY,SL,4811.91,4808.240000000001,-3.6699999999991633,-36.69999999999163
2026-04-08 07:56:00+00:00,2026-04-08 07:58:50+00:00,KRONOS_S100_M3_COMBO,BUY,SL,4820.495,4814.17,-6.324999999999818,-63.24999999999819
2026-04-08 07:59:00+00:00,2026-04-08 08:04:05+00:00,KRONOS_S93_FVG_SCALP,BUY,SL,4814.08,4809.26,-4.819999999999709,-48.19999999999709
2026-04-08 08:50:00+00:00,2026-04-08 08:51:10+00:00,KRONOS_S99_MSS_FVG,SELL,SL,4800.625,4803.839999999999,-3.214999999999236,-32.14999999999236
2026-04-08 09:50:00+00:00,2026-04-08 10:16:20+00:00,KRONOS_S99_MSS_FVG,SELL,TP,4787.01,4773.74,13.270000000000437,132.70000000000437
2026-04-08 10:28:00+00:00,2026-04-08 10:37:05+00:00,KRONOS_S99_MSS_FVG,SELL,SL,4780.700000000001,4787.94,-7.239999999998872,-72.39999999998872
2026-04-08 13:11:00+00:00,2026-04-08 13:31:20+00:00,KRONOS_S93_FVG_SCALP,BUY,SL,4793.3949999999995,4782.360000000001,-11.034999999998945,-110.34999999998945
2026-04-08 13:36:00+00:00,2026-04-08 13:53:40+00:00,KRONOS_S100_M3_COMBO,SELL,TP,4785.8,4773.82,11.980000000000473,119.80000000000473
2026-04-08 13:57:00+00:00,2026-04-08 14:00:45+00:00,KRONOS_S100_M3_COMBO,SELL,SL,4779.290000000001,4786.589999999999,-7.299999999998363,-72.99999999998363
2026-04-08 14:37:00+00:00,2026-04-08 14:41:00+00:00,KRONOS_S100_M3_COMBO,SELL,SL,4758.240000000001,4767.53,-9.289999999999054,-92.89999999999054
2026-04-08 14:41:00+00:00,2026-04-08 14:44:10+00:00,KRONOS_S99_MSS_FVG,SELL,TP,4766.92,4760.36,6.5600000000004,65.60000000000402
2026-04-08 15:20:00+00:00,2026-04-08 15:21:25+00:00,KRONOS_S100_M3_COMBO,SELL,SL,4755.81,4758.209999999999,-2.3999999999987267,-23.999999999987267
2026-04-08 17:03:00+00:00,2026-04-08 17:19:20+00:00,KRONOS_S94_SWEEP_REVERSAL,SELL,TP,4761.4400000000005,4755.28,6.160000000000764,61.60000000000765
2026-04-09 01:02:00+00:00,2026-04-09 01:04:50+00:00,KRONOS_S100_M3_COMBO,SELL,SL,4705.575000000001,4711.87,-6.294999999999163,-62.94999999999163
2026-04-09 01:29:00+00:00,2026-04-09 01:34:10+00:00,KRONOS_S100_M3_COMBO,SELL,SL,4704.625,4713.24,-8.614999999999782,-86.14999999999782
2026-04-09 05:16:00+00:00,2026-04-09 05:19:15+00:00,KRONOS_S100_M3_COMBO,SELL,SL,4716.495000000001,4719.32,-2.8249999999989086,-28.24999999998909
2026-04-10 01:54:00+00:00,2026-04-10 02:04:30+00:00,KRONOS_S100_M3_COMBO,SELL,TP,4765.150000000001,4758.719999999999,6.4300000000012005,64.30000000001202
2026-04-10 02:14:00+00:00,2026-04-10 03:10:35+00:00,KRONOS_S100_M3_COMBO,SELL,SL,4752.120000000001,4758.94,-6.8199999999987995,-68.19999999998801
2026-04-10 03:30:00+00:00,2026-04-10 03:32:25+00:00,KRONOS_S100_M3_COMBO,SELL,SL,4757.06,4758.929999999999,-1.8699999999989814,-18.699999999989814
2026-04-10 04:35:00+00:00,2026-04-10 04:59:10+00:00,KRONOS_S100_M3_COMBO,SELL,TP,4763.070000000001,4758.86,4.210000000000946,42.100000000009466
2026-04-10 05:04:00+00:00,2026-04-10 05:32:05+00:00,KRONOS_S100_M3_COMBO,SELL,SL,4761.860000000001,4765.24,-3.3799999999991996,-33.799999999991996
2026-04-10 06:08:00+00:00,2026-04-10 06:18:05+00:00,KRONOS_S100_M3_COMBO,SELL,TP,4761.625,4755.74,5.885000000000218,58.85000000000219
2026-04-10 06:25:00+00:00,2026-04-10 06:30:20+00:00,KRONOS_S99_MSS_FVG,SELL,SL,4755.735000000001,4757.15,-1.4149999999990541,-14.149999999990543
2026-04-10 06:19:00+00:00,2026-04-10 06:49:20+00:00,KRONOS_S100_M3_COMBO,SELL,TP,4752.400000000001,4747.209999999999,5.190000000001419,51.90000000001419
2026-04-10 06:55:00+00:00,2026-04-10 07:02:30+00:00,KRONOS_S99_MSS_FVG,SELL,TP,4746.915000000001,4742.2,4.715000000001055,47.15000000001055
2026-04-10 06:55:00+00:00,2026-04-10 07:09:20+00:00,KRONOS_S100_M3_COMBO,SELL,SL,4746.915000000001,4751.95,-5.034999999998945,-50.34999999998945
2026-04-10 08:27:00+00:00,2026-04-10 08:31:00+00:00,KRONOS_S93_FVG_SCALP,SELL,SL,4746.745000000001,4750.32,-3.5749999999989086,-35.74999999998909
2026-04-10 08:27:00+00:00,2026-04-10 08:31:00+00:00,KRONOS_S99_MSS_FVG,SELL,SL,4746.745000000001,4750.32,-3.5749999999989086,-35.74999999998909
2026-04-10 08:08:00+00:00,2026-04-10 08:47:30+00:00,KRONOS_S100_M3_COMBO,SELL,TP,4750.27,4739.62,10.650000000000546,106.50000000000546
2026-04-10 08:55:00+00:00,2026-04-10 08:58:10+00:00,KRONOS_S93_FVG_SCALP,SELL,SL,4738.495000000001,4742.719999999999,-4.224999999998545,-42.24999999998545
2026-04-10 08:55:00+00:00,2026-04-10 08:58:10+00:00,KRONOS_S99_MSS_FVG,SELL,SL,4738.495000000001,4742.719999999999,-4.224999999998545,-42.24999999998545
2026-04-10 08:55:00+00:00,2026-04-10 08:58:10+00:00,KRONOS_S100_M3_COMBO,SELL,SL,4738.495000000001,4742.57,-4.074999999998909,-40.749999999989086
2026-04-10 08:55:00+00:00,2026-04-10 09:19:35+00:00,KRONOS_S94_SWEEP_REVERSAL,BUY,TP,4739.455,4756.96,17.50500000000011,175.0500000000011
2026-04-10 09:36:00+00:00,2026-04-10 10:06:35+00:00,KRONOS_S93_FVG_SCALP,SELL,TP,4748.7300000000005,4745.349999999999,3.3800000000010186,33.800000000010186
2026-04-10 10:14:00+00:00,2026-04-10 10:19:30+00:00,KRONOS_S99_MSS_FVG,SELL,SL,4746.785000000001,4751.839999999999,-5.054999999998472,-50.54999999998472
2026-04-10 10:23:00+00:00,2026-04-10 11:23:10+00:00,KRONOS_S94_SWEEP_REVERSAL,SELL,SL,4757.535000000001,4761.719999999999,-4.184999999998581,-41.84999999998581
2026-04-10 10:30:00+00:00,2026-04-10 11:44:55+00:00,KRONOS_S99_MSS_FVG,BUY,TP,4758.04,4766.740000000001,8.700000000000728,87.00000000000728
2026-04-10 13:08:00+00:00,2026-04-10 13:19:05+00:00,KRONOS_S100_M3_COMBO,BUY,SL,4775.5,4767.950000000001,-7.549999999999272,-75.49999999999272
2026-04-10 14:26:00+00:00,2026-04-10 14:42:55+00:00,KRONOS_S100_M3_COMBO,BUY,SL,4790.065,4782.610000000001,-7.454999999999018,-74.54999999999018
2026-04-10 15:23:00+00:00,2026-04-10 15:28:15+00:00,KRONOS_S100_M3_COMBO,BUY,SL,4787.209999999999,4779.89,-7.3199999999987995,-73.199999999988
2026-04-10 15:29:00+00:00,2026-04-10 15:30:50+00:00,KRONOS_S100_M3_COMBO,BUY,SL,4776.709999999999,4775.18,-1.5299999999988358,-15.299999999988358
2026-04-10 15:45:00+00:00,2026-04-10 16:02:05+00:00,KRONOS_S99_MSS_FVG,SELL,TP,4767.5,4757.07,10.430000000000291,104.30000000000292
2026-04-13 02:44:00+00:00,2026-04-13 02:55:20+00:00,KRONOS_S100_M3_COMBO,SELL,SL,4715.01,4720.5599999999995,-5.549999999999272,-55.499999999992724
2026-04-13 02:56:00+00:00,2026-04-13 03:06:10+00:00,KRONOS_S100_M3_COMBO,SELL,TP,4720.35,4714.36,5.990000000000691,59.90000000000691
2026-04-13 03:13:00+00:00,2026-04-13 03:25:50+00:00,KRONOS_S100_M3_COMBO,SELL,SL,4714.765,4718.589999999999,-3.8249999999989086,-38.249999999989086
2026-04-13 04:08:00+00:00,2026-04-13 04:42:05+00:00,KRONOS_S100_M3_COMBO,SELL,SL,4712.585,4716.669999999999,-4.084999999999127,-40.84999999999127
2026-04-13 04:18:00+00:00,2026-04-13 04:54:00+00:00,KRONOS_S94_SWEEP_REVERSAL,BUY,TP,4712.509999999999,4721.990000000001,9.480000000001382,94.80000000001382
2026-04-13 05:38:00+00:00,2026-04-13 05:43:05+00:00,KRONOS_S100_M3_COMBO,BUY,SL,4724.33,4719.75,-4.579999999999927,-45.79999999999927
2026-04-13 05:38:00+00:00,2026-04-13 05:56:55+00:00,KRONOS_S94_SWEEP_REVERSAL,SELL,SL,4723.370000000001,4727.169999999999,-3.799999999998363,-37.99999999998363
2026-04-13 06:21:00+00:00,2026-04-13 06:28:30+00:00,KRONOS_S100_M3_COMBO,BUY,TP,4728.79,4730.150000000001,1.360000000000582,13.60000000000582
2026-04-13 06:36:00+00:00,2026-04-13 06:38:35+00:00,KRONOS_S100_M3_COMBO,BUY,SL,4728.28,4725.13,-3.149999999999636,-31.499999999996366
2026-04-13 07:12:00+00:00,2026-04-13 07:45:15+00:00,KRONOS_S100_M3_COMBO,BUY,TP,4726.469999999999,4734.05,7.580000000000837,75.80000000000837
2026-04-13 07:19:00+00:00,2026-04-13 07:50:25+00:00,KRONOS_S94_SWEEP_REVERSAL,SELL,SL,4730.780000000001,4739.79,-9.009999999999309,-90.0999999999931
2026-04-13 07:54:00+00:00,2026-04-13 07:55:55+00:00,KRONOS_S100_M3_COMBO,BUY,SL,4735.105,4731.5,-3.6049999999995634,-36.049999999995634
2026-04-13 10:47:00+00:00,2026-04-13 10:51:45+00:00,KRONOS_S99_MSS_FVG,SELL,SL,4721.570000000001,4724.549999999999,-2.979999999998654,-29.799999999986543
2026-04-14 01:05:00+00:00,2026-04-14 01:09:05+00:00,KRONOS_S94_SWEEP_REVERSAL,SELL,SL,4771.935,4776.83,-4.894999999999527,-48.94999999999528
2026-04-14 01:20:00+00:00,2026-04-14 01:33:15+00:00,KRONOS_S100_M3_COMBO,BUY,SL,4773.83,4765.43,-8.399999999999636,-83.99999999999636
2026-04-14 01:50:00+00:00,2026-04-14 01:54:30+00:00,KRONOS_S100_M3_COMBO,BUY,SL,4767.629999999999,4764.6,-3.029999999998836,-30.29999999998836
2026-04-15 00:26:00+00:00,2026-04-15 00:33:35+00:00,KRONOS_S94_SWEEP_REVERSAL,BUY,SL,4829.9349999999995,4828.13,-1.8049999999993815,-18.049999999993815
2026-04-15 01:01:00+00:00,2026-04-15 01:02:05+00:00,KRONOS_S100_M3_COMBO,BUY,SL,4833.9349999999995,4830.64,-3.2949999999991633,-32.94999999999163
2026-04-15 02:08:00+00:00,2026-04-15 02:11:00+00:00,KRONOS_S100_M3_COMBO,BUY,SL,4851.605,4845.85,-5.7549999999992,-57.549999999991996
2026-04-15 02:12:00+00:00,2026-04-15 02:14:50+00:00,KRONOS_S100_M3_COMBO,BUY,SL,4847.849999999999,4845.06,-2.789999999999054,-27.899999999990545
2026-04-15 03:12:00+00:00,2026-04-15 03:16:05+00:00,KRONOS_S100_M3_COMBO,SELL,SL,4822.4400000000005,4824.25,-1.8099999999994907,-18.09999999999491
2026-04-15 01:26:00+00:00,2026-04-15 07:01:35+00:00,KRONOS_S94_SWEEP_REVERSAL,SELL,TP,4849.795,4808.089999999999,41.70500000000084,417.0500000000084
2026-04-16 02:47:00+00:00,2026-04-16 03:01:05+00:00,KRONOS_S100_M3_COMBO,BUY,TP,4816.32,4821.410000000001,5.090000000001055,50.90000000001055
2026-04-16 04:25:00+00:00,2026-04-16 04:37:20+00:00,KRONOS_S94_SWEEP_REVERSAL,SELL,SL,4826.27,4830.99,-4.719999999999345,-47.19999999999345
2026-04-16 04:20:00+00:00,2026-04-16 04:57:50+00:00,KRONOS_S100_M3_COMBO,BUY,TP,4827.839999999999,4832.21,4.3700000000008,43.700000000008004
2026-04-16 06:43:00+00:00,2026-04-16 06:44:55+00:00,KRONOS_S100_M3_COMBO,BUY,TP,4823.16,4824.0,0.8400000000001455,8.400000000001457
2026-04-16 06:47:00+00:00,2026-04-16 07:20:25+00:00,KRONOS_S100_M3_COMBO,BUY,SL,4825.4349999999995,4820.39,-5.044999999999163,-50.44999999999163
2026-04-16 07:32:00+00:00,2026-04-16 07:56:10+00:00,KRONOS_S100_M3_COMBO,BUY,SL,4825.825,4821.290000000001,-4.534999999998945,-45.34999999998946
2026-04-16 08:19:00+00:00,2026-04-16 08:33:25+00:00,KRONOS_S94_SWEEP_REVERSAL,BUY,SL,4811.905,4806.370000000001,-5.534999999998945,-55.34999999998945
2026-04-16 08:41:00+00:00,2026-04-16 08:58:45+00:00,KRONOS_S100_M3_COMBO,SELL,SL,4811.570000000001,4814.75,-3.1799999999993815,-31.799999999993815
2026-04-16 08:11:00+00:00,2026-04-16 10:11:00+00:00,KRONOS_S93_FVG_SCALP,SELL,TIME,4813.6,4811.794999999999,1.8050000000012005,18.050000000012005
2026-04-16 08:11:00+00:00,2026-04-16 11:05:05+00:00,KRONOS_S99_MSS_FVG,SELL,SL,4813.6,4820.929999999999,-7.329999999999018,-73.29999999999018
2026-04-17 01:15:00+00:00,2026-04-17 01:55:25+00:00,KRONOS_S100_M3_COMBO,SELL,SL,4782.910000000001,4788.36,-5.449999999998909,-54.49999999998909
2026-04-17 03:01:00+00:00,2026-04-17 03:03:10+00:00,KRONOS_S100_M3_COMBO,SELL,SL,4786.9400000000005,4789.839999999999,-2.8999999999987267,-28.99999999998727
2026-04-17 03:50:00+00:00,2026-04-17 03:56:30+00:00,KRONOS_S100_M3_COMBO,BUY,SL,4796.23,4793.1,-3.1299999999991996,-31.299999999992
2026-04-17 05:03:00+00:00,2026-04-17 05:06:20+00:00,KRONOS_S100_M3_COMBO,BUY,SL,4802.45,4799.410000000001,-3.039999999999054,-30.399999999990545
2026-04-17 07:19:00+00:00,2026-04-17 07:25:30+00:00,KRONOS_S100_M3_COMBO,SELL,SL,4788.860000000001,4791.86,-2.9999999999990905,-29.999999999990905
2026-04-19 23:55:00+00:00,2026-04-20 01:23:00+00:00,KRONOS_S94_SWEEP_REVERSAL,BUY,TP,4752.759999999999,4795.660000000001,42.900000000001455,429.00000000001455
2026-04-20 02:11:00+00:00,2026-04-20 03:19:05+00:00,KRONOS_S100_M3_COMBO,SELL,TP,4801.685,4790.11,11.575000000000728,115.75000000000728
2026-04-20 04:38:00+00:00,2026-04-20 04:40:35+00:00,KRONOS_S100_M3_COMBO,SELL,SL,4788.285000000001,4791.87,-3.584999999999127,-35.84999999999127
2026-04-20 04:41:00+00:00,2026-04-20 05:13:25+00:00,KRONOS_S100_M3_COMBO,SELL,TP,4790.175,4785.54,4.635000000000218,46.35000000000218
2026-04-20 05:49:00+00:00,2026-04-20 05:54:10+00:00,KRONOS_S100_M3_COMBO,SELL,SL,4785.34,4790.11,-4.769999999999527,-47.69999999999527
2026-04-20 06:26:00+00:00,2026-04-20 06:30:35+00:00,KRONOS_S100_M3_COMBO,SELL,SL,4784.275000000001,4789.469999999999,-5.1949999999987995,-51.949999999987995
2026-04-20 06:31:00+00:00,2026-04-20 06:56:25+00:00,KRONOS_S100_M3_COMBO,SELL,SL,4787.990000000001,4792.599999999999,-4.609999999998763,-46.09999999998763
2026-04-20 07:10:00+00:00,2026-04-20 07:18:30+00:00,KRONOS_S94_SWEEP_REVERSAL,SELL,SL,4795.175,4802.639999999999,-7.464999999999236,-74.64999999999236
2026-04-20 07:06:00+00:00,2026-04-20 07:21:30+00:00,KRONOS_S99_MSS_FVG,BUY,TP,4796.12,4805.040000000001,8.920000000000982,89.20000000000982
2026-04-20 07:25:00+00:00,2026-04-20 07:29:00+00:00,KRONOS_S99_MSS_FVG,BUY,SL,4801.82,4796.39,-5.4299999999993815,-54.29999999999382
2026-04-20 07:38:00+00:00,2026-04-20 07:40:35+00:00,KRONOS_S100_M3_COMBO,SELL,SL,4795.820000000001,4798.29,-2.469999999999345,-24.69999999999345
2026-04-20 07:44:00+00:00,2026-04-20 07:47:50+00:00,KRONOS_S93_FVG_SCALP,SELL,TP,4797.370000000001,4794.049999999999,3.320000000001528,33.20000000001529
2026-04-20 08:12:00+00:00,2026-04-20 08:15:25+00:00,KRONOS_S99_MSS_FVG,SELL,TP,4790.685,4788.23,2.4550000000008367,24.550000000008367
2026-04-20 08:19:00+00:00,2026-04-20 08:21:50+00:00,KRONOS_S100_M3_COMBO,SELL,SL,4788.43,4791.74,-3.3099999999994907,-33.099999999994914
2026-04-20 09:18:00+00:00,2026-04-20 09:21:50+00:00,KRONOS_S93_FVG_SCALP,BUY,TP,4793.75,4794.97,1.2200000000002547,12.200000000002548
2026-04-20 09:55:00+00:00,2026-04-20 10:07:00+00:00,KRONOS_S93_FVG_SCALP,BUY,TP,4790.599999999999,4794.830000000001,4.230000000001382,42.300000000013824
2026-04-20 10:17:00+00:00,2026-04-20 10:18:00+00:00,KRONOS_S94_SWEEP_REVERSAL,SELL,SL,4798.745000000001,4800.169999999999,-1.424999999998363,-14.249999999983629
2026-04-20 12:11:00+00:00,2026-04-20 12:12:30+00:00,KRONOS_S94_SWEEP_REVERSAL,SELL,SL,4810.985000000001,4813.259999999999,-2.2749999999987267,-22.74999999998727
2026-04-20 12:03:00+00:00,2026-04-20 12:18:30+00:00,KRONOS_S93_FVG_SCALP,BUY,TP,4807.509999999999,4813.31,5.800000000001091,58.00000000001092
2026-04-20 12:03:00+00:00,2026-04-20 12:18:30+00:00,KRONOS_S99_MSS_FVG,BUY,TP,4807.509999999999,4813.31,5.800000000001091,58.00000000001092
2026-04-20 13:08:00+00:00,2026-04-20 13:29:25+00:00,KRONOS_S94_SWEEP_REVERSAL,SELL,SL,4811.5,4823.429999999999,-11.929999999999382,-119.29999999999382
2026-04-20 13:22:00+00:00,2026-04-20 13:30:35+00:00,KRONOS_S100_M3_COMBO,BUY,TP,4819.74,4825.6,5.860000000000582,58.60000000000583
2026-04-20 13:31:00+00:00,2026-04-20 13:36:00+00:00,KRONOS_S100_M3_COMBO,BUY,TP,4819.695,4824.22,4.525000000000546,45.25000000000546
2026-04-20 14:10:00+00:00,2026-04-20 14:20:05+00:00,KRONOS_S93_FVG_SCALP,BUY,TP,4809.794999999999,4818.67,8.87500000000091,88.7500000000091
2026-04-20 14:10:00+00:00,2026-04-20 14:20:05+00:00,KRONOS_S99_MSS_FVG,BUY,TP,4809.794999999999,4818.67,8.87500000000091,88.7500000000091
2026-04-20 14:33:00+00:00,2026-04-20 14:34:40+00:00,KRONOS_S93_FVG_SCALP,BUY,SL,4822.224999999999,4816.830000000001,-5.394999999998618,-53.949999999986176
2026-04-20 14:29:00+00:00,2026-04-20 14:34:10+00:00,KRONOS_S100_M3_COMBO,BUY,SL,4823.995,4817.92,-6.074999999999818,-60.74999999999818
2026-04-20 15:45:00+00:00,2026-04-20 16:04:20+00:00,KRONOS_S100_M3_COMBO,BUY,SL,4798.969999999999,4794.570000000001,-4.399999999998727,-43.999999999987274
2026-04-21 01:30:00+00:00,2026-04-21 01:38:20+00:00,KRONOS_S100_M3_COMBO,BUY,SL,4817.419999999999,4814.740000000001,-2.679999999998472,-26.79999999998472
2026-04-21 01:53:00+00:00,2026-04-21 01:54:05+00:00,KRONOS_S94_SWEEP_REVERSAL,BUY,SL,4810.554999999999,4808.610000000001,-1.9449999999987995,-19.449999999987995
2026-04-21 01:57:00+00:00,2026-04-21 02:21:10+00:00,KRONOS_S100_M3_COMBO,SELL,TP,4807.8150000000005,4804.37,3.4450000000006185,34.450000000006185
2026-04-21 02:39:00+00:00,2026-04-21 02:55:50+00:00,KRONOS_S100_M3_COMBO,SELL,SL,4806.005,4808.3099999999995,-2.3049999999993815,-23.049999999993815
2026-04-21 03:06:00+00:00,2026-04-21 03:12:35+00:00,KRONOS_S100_M3_COMBO,SELL,TP,4804.34,4801.65,2.6900000000005093,26.900000000005093
2026-04-21 03:30:00+00:00,2026-04-21 03:38:45+00:00,KRONOS_S100_M3_COMBO,SELL,TP,4798.895,4795.78,3.115000000000691,31.150000000006916
2026-04-21 03:51:00+00:00,2026-04-21 04:30:50+00:00,KRONOS_S100_M3_COMBO,SELL,TP,4796.765,4791.339999999999,5.425000000001091,54.250000000010914
2026-04-21 04:53:00+00:00,2026-04-21 05:05:10+00:00,KRONOS_S100_M3_COMBO,SELL,SL,4789.02,4792.49,-3.469999999999345,-34.69999999999345
2026-04-21 05:24:00+00:00,2026-04-21 05:31:00+00:00,KRONOS_S100_M3_COMBO,SELL,SL,4789.275000000001,4792.36,-3.084999999999127,-30.849999999991272
2026-04-21 05:56:00+00:00,2026-04-21 06:10:35+00:00,KRONOS_S100_M3_COMBO,SELL,SL,4784.92,4789.83,-4.9099999999998545,-49.099999999998545
2026-04-21 06:10:00+00:00,2026-04-21 06:16:30+00:00,KRONOS_S99_MSS_FVG,SELL,TP,4788.045,4784.15,3.8950000000004366,38.95000000000437
2026-04-21 06:11:00+00:00,2026-04-21 06:16:30+00:00,KRONOS_S100_M3_COMBO,SELL,TP,4790.185,4784.3099999999995,5.8750000000009095,58.750000000009095
2026-04-21 06:19:00+00:00,2026-04-21 06:29:05+00:00,KRONOS_S94_SWEEP_REVERSAL,BUY,SL,4781.245,4774.900000000001,-6.344999999999345,-63.44999999999346
2026-04-21 07:05:00+00:00,2026-04-21 07:09:20+00:00,KRONOS_S100_M3_COMBO,SELL,SL,4776.820000000001,4780.48,-3.659999999998945,-36.59999999998945
2026-04-21 07:24:00+00:00,2026-04-21 07:43:30+00:00,KRONOS_S100_M3_COMBO,SELL,SL,4783.42,4786.86,-3.4399999999996,-34.399999999996
2026-04-21 07:57:00+00:00,2026-04-21 08:06:40+00:00,KRONOS_S93_FVG_SCALP,BUY,SL,4786.825,4783.150000000001,-3.6749999999992724,-36.749999999992724
2026-04-21 08:03:00+00:00,2026-04-21 08:06:50+00:00,KRONOS_S100_M3_COMBO,SELL,TP,4786.2300000000005,4782.259999999999,3.970000000001164,39.70000000001164
2026-04-21 08:19:00+00:00,2026-04-21 08:20:45+00:00,KRONOS_S93_FVG_SCALP,SELL,SL,4782.9800000000005,4786.0,-3.019999999999527,-30.199999999995274
2026-04-21 08:19:00+00:00,2026-04-21 08:20:45+00:00,KRONOS_S99_MSS_FVG,SELL,SL,4782.9800000000005,4786.0,-3.019999999999527,-30.199999999995274
2026-04-21 08:19:00+00:00,2026-04-21 08:20:30+00:00,KRONOS_S100_M3_COMBO,SELL,SL,4782.9800000000005,4785.12,-2.139999999999418,-21.39999999999418
2026-04-21 08:13:00+00:00,2026-04-21 08:21:05+00:00,KRONOS_S94_SWEEP_REVERSAL,BUY,TP,4776.065,4786.25,10.1850000000004,101.85000000000402
2026-04-22 01:27:00+00:00,2026-04-22 01:39:40+00:00,KRONOS_S100_M3_COMBO,BUY,TP,4744.87,4751.67,6.800000000000182,68.00000000000182
2026-04-22 01:41:00+00:00,2026-04-22 02:53:00+00:00,KRONOS_S100_M3_COMBO,BUY,TIME,4752.28,4753.93,1.6500000000005457,16.500000000005457
2026-04-22 03:10:00+00:00,2026-04-22 04:17:50+00:00,KRONOS_S100_M3_COMBO,BUY,SL,4758.815,4755.400000000001,-3.414999999999054,-34.14999999999054
2026-04-22 04:50:00+00:00,2026-04-22 04:53:35+00:00,KRONOS_S100_M3_COMBO,BUY,SL,4756.2,4753.81,-2.389999999999418,-23.899999999994183
2026-04-22 05:24:00+00:00,2026-04-22 05:26:20+00:00,KRONOS_S100_M3_COMBO,BUY,SL,4769.339999999999,4766.4800000000005,-2.859999999998763,-28.59999999998763
2026-04-22 05:55:00+00:00,2026-04-22 05:57:35+00:00,KRONOS_S100_M3_COMBO,BUY,SL,4766.804999999999,4763.77,-3.034999999998945,-30.349999999989453
2026-04-22 06:25:00+00:00,2026-04-22 07:00:40+00:00,KRONOS_S100_M3_COMBO,BUY,TP,4763.61,4769.200000000001,5.590000000001055,55.90000000001055
2026-04-22 09:36:00+00:00,2026-04-22 09:40:40+00:00,KRONOS_S93_FVG_SCALP,SELL,SL,4756.455000000001,4760.53,-4.074999999998909,-40.749999999989086
2026-04-22 08:47:00+00:00,2026-04-22 09:42:05+00:00,KRONOS_S100_M3_COMBO,BUY,TP,4755.405,4761.9400000000005,6.535000000000764,65.35000000000764
2026-04-22 12:55:00+00:00,2026-04-22 13:00:55+00:00,KRONOS_S94_SWEEP_REVERSAL,BUY,SL,4745.719999999999,4742.21,-3.509999999999309,-35.099999999993095
2026-04-22 14:10:00+00:00,2026-04-22 14:21:35+00:00,KRONOS_S100_M3_COMBO,SELL,SL,4746.085,4750.86,-4.774999999999636,-47.74999999999636
2026-04-22 14:10:00+00:00,2026-04-22 14:31:15+00:00,KRONOS_S93_FVG_SCALP,SELL,TP,4746.085,4739.549999999999,6.535000000000764,65.35000000000764
2026-04-22 14:40:00+00:00,2026-04-22 15:35:20+00:00,KRONOS_S93_FVG_SCALP,SELL,TP,4739.645,4729.99,9.655000000000655,96.55000000000655
2026-04-22 14:40:00+00:00,2026-04-22 15:35:20+00:00,KRONOS_S99_MSS_FVG,SELL,TP,4739.645,4729.99,9.655000000000655,96.55000000000655
2026-04-22 14:40:00+00:00,2026-04-22 15:35:40+00:00,KRONOS_S100_M3_COMBO,SELL,TP,4739.645,4728.45,11.195000000000618,111.95000000000618
2026-04-22 15:56:00+00:00,2026-04-22 15:59:50+00:00,KRONOS_S99_MSS_FVG,SELL,TP,4730.435,4728.33,2.105000000000473,21.050000000004733
2026-04-22 15:44:00+00:00,2026-04-22 16:05:05+00:00,KRONOS_S100_M3_COMBO,SELL,SL,4726.8150000000005,4732.29,-5.474999999999454,-54.74999999999455
2026-04-23 00:46:00+00:00,2026-04-23 00:52:05+00:00,KRONOS_S94_SWEEP_REVERSAL,SELL,SL,4748.625,4752.589999999999,-3.964999999999236,-39.64999999999236
2026-04-23 01:59:00+00:00,2026-04-23 02:10:55+00:00,KRONOS_S100_M3_COMBO,SELL,TP,4723.075000000001,4710.969999999999,12.105000000001382,121.05000000001382
2026-04-23 02:21:00+00:00,2026-04-23 02:22:35+00:00,KRONOS_S100_M3_COMBO,SELL,SL,4715.255,4718.299999999999,-3.0449999999991633,-30.449999999991633
2026-04-23 02:48:00+00:00,2026-04-23 04:00:00+00:00,KRONOS_S100_M3_COMBO,SELL,TIME,4704.17,4703.929999999999,0.24000000000069122,2.400000000006912
2026-04-23 04:07:00+00:00,2026-04-23 04:08:10+00:00,KRONOS_S100_M3_COMBO,SELL,SL,4703.3150000000005,4705.209999999999,-1.8949999999986176,-18.94999999998618
2026-04-23 04:42:00+00:00,2026-04-23 05:00:40+00:00,KRONOS_S100_M3_COMBO,SELL,SL,4701.92,4706.37,-4.449999999999818,-44.49999999999819
2026-04-23 05:27:00+00:00,2026-04-23 05:30:20+00:00,KRONOS_S100_M3_COMBO,SELL,TP,4705.22,4701.28,3.9400000000005093,39.4000000000051
2026-04-23 05:44:00+00:00,2026-04-23 05:45:50+00:00,KRONOS_S100_M3_COMBO,SELL,SL,4701.27,4705.61,-4.339999999999236,-43.39999999999236
2026-04-23 07:05:00+00:00,2026-04-23 07:24:25+00:00,KRONOS_S100_M3_COMBO,SELL,TP,4712.045,4703.87,8.175000000000182,81.75000000000182
2026-04-23 07:34:00+00:00,2026-04-23 07:44:45+00:00,KRONOS_S100_M3_COMBO,SELL,SL,4710.5,4713.99,-3.4899999999997817,-34.899999999997824
2026-04-23 08:20:00+00:00,2026-04-23 08:32:10+00:00,KRONOS_S94_SWEEP_REVERSAL,SELL,TP,4718.8,4713.3099999999995,5.490000000000691,54.90000000000691
2026-04-23 08:24:00+00:00,2026-04-23 08:32:55+00:00,KRONOS_S100_M3_COMBO,SELL,TP,4717.900000000001,4710.379999999999,7.520000000001346,75.20000000001346
2026-04-23 09:00:00+00:00,2026-04-23 09:01:50+00:00,KRONOS_S94_SWEEP_REVERSAL,BUY,SL,4702.73,4701.160000000001,-1.5699999999987995,-15.699999999987996
2026-04-23 08:38:00+00:00,2026-04-23 09:04:25+00:00,KRONOS_S100_M3_COMBO,SELL,TP,4707.56,4698.219999999999,9.340000000001055,93.40000000001055
2026-04-23 09:11:00+00:00,2026-04-23 09:54:10+00:00,KRONOS_S99_MSS_FVG,SELL,TP,4699.3550000000005,4695.599999999999,3.7550000000010186,37.550000000010186
2026-04-23 10:33:00+00:00,2026-04-23 11:00:00+00:00,KRONOS_S99_MSS_FVG,SELL,SL,4692.570000000001,4698.139999999999,-5.5699999999987995,-55.699999999987995
2026-04-23 11:07:00+00:00,2026-04-23 11:21:55+00:00,KRONOS_S99_MSS_FVG,BUY,TP,4697.084999999999,4702.870000000001,5.7850000000016735,57.850000000016735
2026-04-23 12:10:00+00:00,2026-04-23 12:58:25+00:00,KRONOS_S93_FVG_SCALP,BUY,TP,4728.235,4742.63,14.395000000000437,143.95000000000437
2026-04-23 12:10:00+00:00,2026-04-23 12:58:25+00:00,KRONOS_S99_MSS_FVG,BUY,TP,4728.235,4742.63,14.395000000000437,143.95000000000437
2026-04-23 13:40:00+00:00,2026-04-23 13:49:50+00:00,KRONOS_S93_FVG_SCALP,SELL,SL,4733.14,4738.639999999999,-5.4999999999990905,-54.99999999999091
2026-04-23 13:40:00+00:00,2026-04-23 13:49:50+00:00,KRONOS_S99_MSS_FVG,SELL,SL,4733.14,4738.639999999999,-5.4999999999990905,-54.99999999999091
2026-04-23 13:55:00+00:00,2026-04-23 13:59:30+00:00,KRONOS_S100_M3_COMBO,BUY,SL,4731.384999999999,4725.5,-5.884999999999309,-58.84999999999309
2026-04-23 14:38:00+00:00,2026-04-23 14:45:05+00:00,KRONOS_S100_M3_COMBO,BUY,TP,4727.049999999999,4731.910000000001,4.860000000001492,48.60000000001492
2026-04-23 15:06:00+00:00,2026-04-23 15:08:45+00:00,KRONOS_S100_M3_COMBO,BUY,SL,4731.15,4727.38,-3.769999999999527,-37.69999999999527
2026-04-23 15:28:00+00:00,2026-04-23 15:30:15+00:00,KRONOS_S99_MSS_FVG,BUY,SL,4736.25,4731.2300000000005,-5.019999999999527,-50.19999999999527
2026-04-23 15:28:00+00:00,2026-04-23 15:30:15+00:00,KRONOS_S100_M3_COMBO,BUY,SL,4736.25,4731.52,-4.729999999999563,-47.299999999995634
2026-04-23 17:15:00+00:00,2026-04-23 17:19:30+00:00,KRONOS_S94_SWEEP_REVERSAL,BUY,SL,4714.44,4704.51,-9.929999999999382,-99.29999999999382
2026-04-23 23:46:00+00:00,2026-04-24 00:24:00+00:00,KRONOS_S94_SWEEP_REVERSAL,SELL,SL,4697.89,4701.459999999999,-3.5699999999987995,-35.699999999987995
2026-04-24 01:36:00+00:00,2026-04-24 01:59:20+00:00,KRONOS_S100_M3_COMBO,SELL,SL,4693.985000000001,4700.099999999999,-6.114999999998872,-61.14999999998872
2026-04-24 02:15:00+00:00,2026-04-24 02:24:40+00:00,KRONOS_S100_M3_COMBO,SELL,TP,4693.05,4686.73,6.3200000000006185,63.200000000006185
2026-04-24 02:30:00+00:00,2026-04-24 02:31:50+00:00,KRONOS_S100_M3_COMBO,SELL,SL,4686.715,4689.099999999999,-2.384999999999309,-23.849999999993088
2026-04-24 02:54:00+00:00,2026-04-24 03:10:15+00:00,KRONOS_S100_M3_COMBO,SELL,TP,4678.075000000001,4669.429999999999,8.645000000001346,86.45000000001346
2026-04-24 04:20:00+00:00,2026-04-24 04:25:10+00:00,KRONOS_S100_M3_COMBO,SELL,TP,4667.68,4661.389999999999,6.290000000000873,62.90000000000874
2026-04-24 04:35:00+00:00,2026-04-24 04:44:30+00:00,KRONOS_S100_M3_COMBO,SELL,SL,4662.9400000000005,4668.969999999999,-6.029999999998836,-60.299999999988366
2026-04-24 06:30:00+00:00,2026-04-24 06:42:20+00:00,KRONOS_S99_MSS_FVG,SELL,TP,4674.490000000001,4670.91,3.5800000000008367,35.80000000000837
2026-04-24 06:53:00+00:00,2026-04-24 06:54:10+00:00,KRONOS_S100_M3_COMBO,SELL,SL,4672.825000000001,4675.15,-2.3249999999989086,-23.249999999989086
2026-04-24 08:26:00+00:00,2026-04-24 08:28:20+00:00,KRONOS_S100_M3_COMBO,BUY,SL,4691.75,4688.110000000001,-3.639999999999418,-36.39999999999418
2026-04-24 07:55:00+00:00,2026-04-24 08:36:10+00:00,KRONOS_S93_FVG_SCALP,BUY,SL,4691.53,4685.080000000001,-6.449999999998909,-64.49999999998909
2026-04-24 07:55:00+00:00,2026-04-24 08:36:10+00:00,KRONOS_S99_MSS_FVG,BUY,SL,4691.53,4685.080000000001,-6.449999999998909,-64.49999999998909
2026-04-24 08:38:00+00:00,2026-04-24 08:48:45+00:00,KRONOS_S93_FVG_SCALP,SELL,SL,4688.645,4693.3099999999995,-4.664999999999054,-46.64999999999054
2026-04-24 08:38:00+00:00,2026-04-24 08:48:45+00:00,KRONOS_S99_MSS_FVG,SELL,SL,4688.645,4693.3099999999995,-4.664999999999054,-46.64999999999054
2026-04-27 01:12:00+00:00,2026-04-27 01:51:25+00:00,KRONOS_S100_M3_COMBO,SELL,SL,4701.075000000001,4706.969999999999,-5.894999999998618,-58.94999999998618
2026-04-27 02:12:00+00:00,2026-04-27 02:16:40+00:00,KRONOS_S100_M3_COMBO,SELL,SL,4698.63,4704.08,-5.449999999999818,-54.49999999999818
2026-04-27 02:35:00+00:00,2026-04-27 02:48:00+00:00,KRONOS_S100_M3_COMBO,BUY,TP,4708.719999999999,4717.160000000001,8.440000000001419,84.4000000000142
2026-04-27 02:57:00+00:00,2026-04-27 03:13:55+00:00,KRONOS_S100_M3_COMBO,BUY,SL,4720.959999999999,4716.1900000000005,-4.769999999998618,-47.699999999986176
2026-04-27 03:47:00+00:00,2026-04-27 03:48:15+00:00,KRONOS_S100_M3_COMBO,BUY,SL,4724.95,4723.42,-1.5299999999997453,-15.299999999997455
2026-04-27 04:18:00+00:00,2026-04-27 04:50:15+00:00,KRONOS_S100_M3_COMBO,BUY,SL,4726.3099999999995,4723.13,-3.1799999999993815,-31.799999999993815
2026-04-27 08:50:00+00:00,2026-04-27 08:52:55+00:00,KRONOS_S93_FVG_SCALP,BUY,SL,4711.884999999999,4709.0,-2.884999999999309,-28.849999999993088
2026-04-27 08:49:00+00:00,2026-04-27 08:53:30+00:00,KRONOS_S100_M3_COMBO,BUY,SL,4712.7,4707.6,-5.099999999999454,-50.99999999999455
2026-04-27 08:52:00+00:00,2026-04-27 09:09:50+00:00,KRONOS_S94_SWEEP_REVERSAL,BUY,SL,4709.5,4704.780000000001,-4.719999999999345,-47.19999999999345
2026-04-28 01:43:00+00:00,2026-04-28 01:45:45+00:00,KRONOS_S100_M3_COMBO,BUY,SL,4689.28,4685.67,-3.6099999999996726,-36.099999999996726
2026-04-28 02:27:00+00:00,2026-04-28 02:38:50+00:00,KRONOS_S100_M3_COMBO,SELL,TP,4677.085,4671.889999999999,5.1950000000006185,51.95000000000619
2026-04-28 02:44:00+00:00,2026-04-28 03:20:15+00:00,KRONOS_S100_M3_COMBO,SELL,SL,4670.790000000001,4674.8099999999995,-4.019999999998618,-40.19999999998618
2026-04-28 02:56:00+00:00,2026-04-28 05:00:35+00:00,KRONOS_S94_SWEEP_REVERSAL,BUY,SL,4667.9349999999995,4665.9400000000005,-1.9949999999989814,-19.949999999989814
2026-04-28 04:09:00+00:00,2026-04-28 05:03:40+00:00,KRONOS_S100_M3_COMBO,SELL,TP,4667.615000000001,4663.589999999999,4.025000000001455,40.25000000001455
2026-04-28 05:47:00+00:00,2026-04-28 06:06:10+00:00,KRONOS_S100_M3_COMBO,SELL,SL,4628.150000000001,4639.139999999999,-10.989999999998872,-109.89999999998872
2026-04-28 06:27:00+00:00,2026-04-28 06:30:40+00:00,KRONOS_S100_M3_COMBO,SELL,SL,4629.915000000001,4633.419999999999,-3.50499999999829,-35.04999999998291
2026-04-28 07:26:00+00:00,2026-04-28 07:32:30+00:00,KRONOS_S100_M3_COMBO,SELL,SL,4628.14,4634.12,-5.979999999999563,-59.799999999995634
2026-04-29 01:31:00+00:00,2026-04-29 01:33:20+00:00,KRONOS_S100_M3_COMBO,SELL,SL,4580.775000000001,4586.799999999999,-6.024999999998727,-60.24999999998727
2026-04-29 01:59:00+00:00,2026-04-29 02:00:20+00:00,KRONOS_S100_M3_COMBO,SELL,SL,4584.535000000001,4589.4,-4.864999999998872,-48.64999999998872
2026-04-29 04:49:00+00:00,2026-04-29 05:03:20+00:00,KRONOS_S94_SWEEP_REVERSAL,SELL,SL,4603.485000000001,4606.469999999999,-2.984999999998763,-29.84999999998763
2026-04-29 04:42:00+00:00,2026-04-29 05:22:00+00:00,KRONOS_S100_M3_COMBO,BUY,SL,4602.9349999999995,4598.9400000000005,-3.9949999999989814,-39.949999999989814
2026-04-30 00:30:00+00:00,2026-04-30 00:45:20+00:00,KRONOS_S94_SWEEP_REVERSAL,SELL,SL,4565.795,4569.599999999999,-3.8049999999993815,-38.049999999993815
2026-04-30 01:21:00+00:00,2026-04-30 01:23:05+00:00,KRONOS_S100_M3_COMBO,BUY,SL,4569.3099999999995,4566.34,-2.969999999999345,-29.699999999993455
2026-04-30 01:33:00+00:00,2026-04-30 01:36:00+00:00,KRONOS_S100_M3_COMBO,BUY,SL,4578.7699999999995,4572.080000000001,-6.68999999999869,-66.8999999999869
2026-04-30 02:10:00+00:00,2026-04-30 02:27:00+00:00,KRONOS_S100_M3_COMBO,BUY,SL,4576.7699999999995,4572.9400000000005,-3.8299999999990177,-38.29999999999018
2026-05-01 01:22:00+00:00,2026-05-01 01:33:15+00:00,KRONOS_S100_M3_COMBO,SELL,SL,4615.185,4619.7699999999995,-4.584999999999127,-45.84999999999127
2026-05-01 03:24:00+00:00,2026-05-01 03:30:50+00:00,KRONOS_S100_M3_COMBO,BUY,TP,4624.275,4627.51,3.235000000000582,32.35000000000582
2026-05-01 03:41:00+00:00,2026-05-01 03:42:40+00:00,KRONOS_S100_M3_COMBO,BUY,SL,4627.995,4625.790000000001,-2.2049999999990177,-22.049999999990177
2026-05-01 04:40:00+00:00,2026-05-01 04:46:45+00:00,KRONOS_S94_SWEEP_REVERSAL,BUY,SL,4614.65,4611.81,-2.839999999999236,-28.39999999999236
2026-05-01 04:59:00+00:00,2026-05-01 05:06:50+00:00,KRONOS_S100_M3_COMBO,SELL,SL,4608.785000000001,4612.62,-3.834999999999127,-38.34999999999127
2026-05-01 05:07:00+00:00,2026-05-01 05:09:05+00:00,KRONOS_S100_M3_COMBO,SELL,SL,4612.14,4614.86,-2.719999999999345,-27.19999999999345
2026-05-01 06:00:00+00:00,2026-05-01 06:30:20+00:00,KRONOS_S100_M3_COMBO,SELL,TP,4606.4800000000005,4593.629999999999,12.850000000001273,128.50000000001273
2026-05-01 06:33:00+00:00,2026-05-01 06:36:00+00:00,KRONOS_S100_M3_COMBO,SELL,SL,4593.885,4597.849999999999,-3.964999999999236,-39.64999999999236
2026-05-01 07:28:00+00:00,2026-05-01 07:55:00+00:00,KRONOS_S100_M3_COMBO,SELL,TP,4591.900000000001,4580.259999999999,11.640000000001237,116.40000000001238
2026-05-01 08:00:00+00:00,2026-05-01 08:01:35+00:00,KRONOS_S100_M3_COMBO,SELL,SL,4580.285000000001,4582.28,-1.9949999999989814,-19.949999999989814
2026-05-01 08:01:00+00:00,2026-05-01 08:03:40+00:00,KRONOS_S99_MSS_FVG,SELL,TP,4580.875,4579.03,1.8450000000002547,18.450000000002547
2026-05-01 08:31:00+00:00,2026-05-01 08:35:00+00:00,KRONOS_S93_FVG_SCALP,SELL,SL,4568.145,4572.83,-4.684999999999491,-46.84999999999491
2026-05-01 08:31:00+00:00,2026-05-01 08:35:00+00:00,KRONOS_S99_MSS_FVG,SELL,SL,4568.145,4572.83,-4.684999999999491,-46.84999999999491
2026-05-01 08:56:00+00:00,2026-05-01 09:34:55+00:00,KRONOS_S100_M3_COMBO,SELL,SL,4568.425,4572.57,-4.144999999999527,-41.44999999999527
2026-05-01 10:03:00+00:00,2026-05-01 10:19:40+00:00,KRONOS_S99_MSS_FVG,SELL,SL,4563.555,4569.349999999999,-5.794999999999163,-57.94999999999163
2026-05-01 11:20:00+00:00,2026-05-01 11:25:35+00:00,KRONOS_S94_SWEEP_REVERSAL,SELL,SL,4572.625,4576.879999999999,-4.2549999999992,-42.549999999991996
2026-05-04 00:12:00+00:00,2026-05-04 00:22:20+00:00,KRONOS_S94_SWEEP_REVERSAL,BUY,SL,4611.325,4603.55,-7.774999999999636,-77.74999999999636
2026-05-04 01:17:00+00:00,2026-05-04 01:26:15+00:00,KRONOS_S100_M3_COMBO,SELL,TP,4603.25,4597.139999999999,6.110000000000582,61.10000000000583
2026-05-04 01:34:00+00:00,2026-05-04 01:37:50+00:00,KRONOS_S100_M3_COMBO,SELL,SL,4598.8550000000005,4600.349999999999,-1.4949999999989814,-14.949999999989814
2026-05-04 02:13:00+00:00,2026-05-04 02:21:00+00:00,KRONOS_S100_M3_COMBO,SELL,TP,4609.545,4602.78,6.765000000000327,67.65000000000327
2026-05-04 02:33:00+00:00,2026-05-04 02:36:35+00:00,KRONOS_S100_M3_COMBO,SELL,SL,4594.42,4597.849999999999,-3.4299999999993815,-34.299999999993815
2026-05-04 03:44:00+00:00,2026-05-04 03:45:00+00:00,KRONOS_S100_M3_COMBO,SELL,SL,4604.735000000001,4607.209999999999,-2.474999999998545,-24.74999999998545
2026-05-04 04:17:00+00:00,2026-05-04 05:02:30+00:00,KRONOS_S100_M3_COMBO,SELL,TP,4612.595,4604.4,8.195000000000618,81.95000000000618
2026-05-04 06:09:00+00:00,2026-05-04 06:33:45+00:00,KRONOS_S100_M3_COMBO,SELL,TP,4596.685,4588.08,8.605000000000473,86.05000000000473
2026-05-04 06:23:00+00:00,2026-05-04 06:38:20+00:00,KRONOS_S94_SWEEP_REVERSAL,BUY,SL,4591.455,4586.97,-4.484999999999673,-44.849999999996726
2026-05-04 06:49:00+00:00,2026-05-04 08:01:00+00:00,KRONOS_S100_M3_COMBO,SELL,TIME,4589.63,4579.625,10.00500000000011,100.0500000000011
2026-05-04 13:04:00+00:00,2026-05-04 13:10:00+00:00,KRONOS_S100_M3_COMBO,SELL,SL,4565.375,4575.08,-9.704999999999927,-97.04999999999929
2026-05-04 13:32:00+00:00,2026-05-04 13:33:00+00:00,KRONOS_S100_M3_COMBO,SELL,SL,4566.775000000001,4568.28,-1.5049999999991996,-15.049999999991998
2026-05-04 13:53:00+00:00,2026-05-04 14:16:20+00:00,KRONOS_S100_M3_COMBO,SELL,SL,4559.52,4566.87,-7.349999999999454,-73.49999999999454
2026-05-04 14:31:00+00:00,2026-05-04 14:40:15+00:00,KRONOS_S94_SWEEP_REVERSAL,SELL,SL,4577.695000000001,4583.389999999999,-5.6949999999987995,-56.949999999988
2026-05-04 14:29:00+00:00,2026-05-04 14:59:20+00:00,KRONOS_S93_FVG_SCALP,BUY,SL,4571.825,4561.320000000001,-10.5049999999992,-105.04999999999201
2026-05-04 14:29:00+00:00,2026-05-04 14:59:20+00:00,KRONOS_S99_MSS_FVG,BUY,SL,4571.825,4561.320000000001,-10.5049999999992,-105.04999999999201
2026-05-04 14:53:00+00:00,2026-05-04 15:13:50+00:00,KRONOS_S100_M3_COMBO,SELL,TP,4567.64,4552.08,15.5600000000004,155.600000000004
2026-05-05 01:18:00+00:00,2026-05-05 01:27:25+00:00,KRONOS_S100_M3_COMBO,BUY,SL,4537.169999999999,4534.85,-2.3199999999987995,-23.199999999987998
2026-05-05 02:34:00+00:00,2026-05-05 02:43:20+00:00,KRONOS_S100_M3_COMBO,BUY,TP,4542.089999999999,4544.89,2.8000000000010914,28.000000000010917
2026-05-05 02:46:00+00:00,2026-05-05 02:55:35+00:00,KRONOS_S100_M3_COMBO,BUY,SL,4544.594999999999,4540.56,-4.034999999998945,-40.34999999998945
2026-05-05 05:12:00+00:00,2026-05-05 05:18:10+00:00,KRONOS_S100_M3_COMBO,BUY,SL,4541.964999999999,4536.06,-5.904999999998836,-59.04999999998836
2026-05-05 05:43:00+00:00,2026-05-05 06:06:00+00:00,KRONOS_S100_M3_COMBO,BUY,SL,4546.865,4541.330000000001,-5.534999999998945,-55.34999999998945
2026-05-05 05:46:00+00:00,2026-05-05 07:02:05+00:00,KRONOS_S94_SWEEP_REVERSAL,SELL,SL,4547.09,4552.99,-5.899999999999636,-58.99999999999637
2026-05-05 06:50:00+00:00,2026-05-05 07:36:50+00:00,KRONOS_S100_M3_COMBO,BUY,TP,4549.33,4557.400000000001,8.070000000000618,80.70000000000618
2026-05-06 00:18:00+00:00,2026-05-06 00:20:30+00:00,KRONOS_S94_SWEEP_REVERSAL,SELL,SL,4595.700000000001,4599.19,-3.4899999999988722,-34.89999999998872
2026-05-06 01:01:00+00:00,2026-05-06 01:13:00+00:00,KRONOS_S100_M3_COMBO,BUY,SL,4619.61,4610.080000000001,-9.529999999998836,-95.29999999998836
2026-05-06 01:30:00+00:00,2026-05-06 02:08:05+00:00,KRONOS_S100_M3_COMBO,BUY,TP,4622.565,4628.77,6.205000000000837,62.050000000008374
2026-05-06 02:29:00+00:00,2026-05-06 02:30:15+00:00,KRONOS_S100_M3_COMBO,BUY,SL,4630.669999999999,4627.84,-2.8299999999990177,-28.299999999990177
2026-05-06 03:00:00+00:00,2026-05-06 03:07:05+00:00,KRONOS_S100_M3_COMBO,BUY,TP,4639.23,4644.85,5.6200000000008,56.20000000000801
2026-05-06 03:42:00+00:00,2026-05-06 03:48:10+00:00,KRONOS_S100_M3_COMBO,BUY,SL,4645.9,4644.360000000001,-1.5399999999990541,-15.399999999990543
2026-05-06 04:14:00+00:00,2026-05-06 05:09:10+00:00,KRONOS_S100_M3_COMBO,BUY,TP,4648.2699999999995,4654.18,5.910000000000764,59.10000000000765
2026-05-06 05:14:00+00:00,2026-05-06 05:15:40+00:00,KRONOS_S100_M3_COMBO,BUY,SL,4655.32,4651.4800000000005,-3.839999999999236,-38.39999999999236
2026-05-06 05:17:00+00:00,2026-05-06 05:31:10+00:00,KRONOS_S100_M3_COMBO,BUY,SL,4652.759999999999,4647.71,-5.049999999999272,-50.49999999999273
2026-05-06 05:49:00+00:00,2026-05-06 05:56:15+00:00,KRONOS_S100_M3_COMBO,BUY,TP,4650.169999999999,4655.72,5.550000000001091,55.50000000001092
2026-05-06 06:05:00+00:00,2026-05-06 06:31:20+00:00,KRONOS_S99_MSS_FVG,BUY,TP,4658.014999999999,4666.6900000000005,8.675000000001091,86.75000000001091
2026-05-06 06:05:00+00:00,2026-05-06 07:00:00+00:00,KRONOS_S100_M3_COMBO,BUY,TP,4658.014999999999,4670.06,12.045000000000982,120.45000000000982
2026-05-06 07:11:00+00:00,2026-05-06 07:12:05+00:00,KRONOS_S100_M3_COMBO,BUY,SL,4665.304999999999,4662.72,-2.584999999999127,-25.84999999999127
2026-05-06 07:20:00+00:00,2026-05-06 07:27:55+00:00,KRONOS_S93_FVG_SCALP,SELL,SL,4659.8150000000005,4667.509999999999,-7.6949999999987995,-76.949999999988
2026-05-06 07:31:00+00:00,2026-05-06 07:36:05+00:00,KRONOS_S100_M3_COMBO,BUY,SL,4664.679999999999,4662.780000000001,-1.8999999999987267,-18.999999999987267
2026-05-06 07:32:00+00:00,2026-05-06 07:43:15+00:00,KRONOS_S93_FVG_SCALP,BUY,TP,4666.49,4668.38,1.8900000000003274,18.900000000003274
2026-05-06 08:35:00+00:00,2026-05-06 08:48:30+00:00,KRONOS_S93_FVG_SCALP,BUY,TP,4673.105,4679.780000000001,6.675000000001091,66.75000000001093
2026-05-06 08:35:00+00:00,2026-05-06 08:48:30+00:00,KRONOS_S99_MSS_FVG,BUY,TP,4673.105,4679.780000000001,6.675000000001091,66.75000000001093
2026-05-06 09:04:00+00:00,2026-05-06 10:30:40+00:00,KRONOS_S99_MSS_FVG,BUY,TP,4692.674999999999,4710.620000000001,17.945000000001528,179.4500000000153
2026-05-06 10:49:00+00:00,2026-05-06 10:50:40+00:00,KRONOS_S99_MSS_FVG,BUY,TP,4711.139999999999,4714.05,2.910000000000764,29.100000000007643
2026-05-06 11:01:00+00:00,2026-05-06 11:02:20+00:00,KRONOS_S99_MSS_FVG,BUY,SL,4717.565,4713.870000000001,-3.6949999999987995,-36.949999999987995
2026-05-06 12:21:00+00:00,2026-05-06 12:24:00+00:00,KRONOS_S99_MSS_FVG,SELL,SL,4676.700000000001,4682.32,-5.619999999998981,-56.199999999989814
2026-05-06 13:05:00+00:00,2026-05-06 13:08:00+00:00,KRONOS_S100_M3_COMBO,BUY,SL,4685.04,4676.92,-8.11999999999989,-81.19999999999892
2026-05-06 13:18:00+00:00,2026-05-06 13:33:50+00:00,KRONOS_S100_M3_COMBO,BUY,TP,4684.11,4693.55,9.44000000000051,94.40000000000511
2026-05-06 13:45:00+00:00,2026-05-06 13:54:10+00:00,KRONOS_S93_FVG_SCALP,BUY,TP,4694.32,4705.080000000001,10.760000000001128,107.60000000001129
2026-05-06 13:45:00+00:00,2026-05-06 13:54:10+00:00,KRONOS_S99_MSS_FVG,BUY,TP,4694.32,4705.080000000001,10.760000000001128,107.60000000001129
2026-05-06 14:22:00+00:00,2026-05-06 14:27:45+00:00,KRONOS_S99_MSS_FVG,BUY,SL,4711.165,4707.06,-4.104999999999563,-41.049999999995634
2026-05-06 13:56:00+00:00,2026-05-06 15:08:00+00:00,KRONOS_S100_M3_COMBO,BUY,TIME,4704.474999999999,4700.870000000001,-3.604999999998654,-36.04999999998654
2026-05-06 15:24:00+00:00,2026-05-06 15:29:30+00:00,KRONOS_S100_M3_COMBO,BUY,SL,4699.424999999999,4695.26,-4.164999999999054,-41.64999999999054
2026-05-07 01:54:00+00:00,2026-05-07 01:55:40+00:00,KRONOS_S100_M3_COMBO,BUY,SL,4717.44,4713.8,-3.639999999999418,-36.39999999999418
2026-05-07 01:55:00+00:00,2026-05-07 02:30:25+00:00,KRONOS_S94_SWEEP_REVERSAL,SELL,TP,4713.6,4701.58,12.020000000000437,120.20000000000437
2026-05-07 04:45:00+00:00,2026-05-07 04:49:15+00:00,KRONOS_S100_M3_COMBO,BUY,SL,4699.415,4694.46,-4.954999999999927,-49.54999999999927
2026-05-07 05:06:00+00:00,2026-05-07 05:18:25+00:00,KRONOS_S100_M3_COMBO,BUY,SL,4699.594999999999,4696.570000000001,-3.0249999999987267,-30.24999999998727
2026-05-07 05:24:00+00:00,2026-05-07 05:30:55+00:00,KRONOS_S100_M3_COMBO,SELL,SL,4695.030000000001,4700.04,-5.009999999999309,-50.099999999993095
2026-05-07 06:06:00+00:00,2026-05-07 06:12:35+00:00,KRONOS_S100_M3_COMBO,BUY,TP,4706.349999999999,4709.59,3.240000000000691,32.40000000000691
2026-05-07 06:24:00+00:00,2026-05-07 06:29:05+00:00,KRONOS_S100_M3_COMBO,BUY,TP,4713.974999999999,4715.85,1.8750000000009095,18.750000000009095
2026-05-07 06:47:00+00:00,2026-05-07 07:04:10+00:00,KRONOS_S99_MSS_FVG,BUY,SL,4741.759999999999,4732.35,-9.409999999998945,-94.09999999998946
2026-05-07 08:10:00+00:00,2026-05-07 08:14:35+00:00,KRONOS_S99_MSS_FVG,BUY,SL,4746.785,4742.77,-4.014999999999418,-40.14999999999418
2026-05-07 07:19:00+00:00,2026-05-07 08:25:45+00:00,KRONOS_S100_M3_COMBO,BUY,SL,4744.214999999999,4734.9800000000005,-9.234999999998763,-92.34999999998763
2026-05-07 08:25:00+00:00,2026-05-07 08:38:00+00:00,KRONOS_S93_FVG_SCALP,SELL,TP,4735.715,4735.12,0.5950000000002547,5.950000000002547
2026-05-08 01:45:00+00:00,2026-05-08 01:46:20+00:00,KRONOS_S100_M3_COMBO,SELL,SL,4713.6050000000005,4715.66,-2.0549999999993815,-20.54999999999382
2026-05-08 02:13:00+00:00,2026-05-08 02:16:10+00:00,KRONOS_S100_M3_COMBO,BUY,SL,4725.865,4721.59,-4.274999999999636,-42.74999999999636
2026-05-08 03:08:00+00:00,2026-05-08 04:15:30+00:00,KRONOS_S100_M3_COMBO,BUY,SL,4719.695,4713.6900000000005,-6.0049999999992,-60.049999999991996
2026-05-08 05:38:00+00:00,2026-05-08 05:50:40+00:00,KRONOS_S100_M3_COMBO,BUY,TP,4722.719999999999,4729.55,6.830000000000837,68.30000000000838
2026-05-08 05:57:00+00:00,2026-05-08 06:00:00+00:00,KRONOS_S100_M3_COMBO,BUY,SL,4729.65,4725.93,-3.719999999999345,-37.19999999999345
2026-05-08 06:45:00+00:00,2026-05-08 06:48:00+00:00,KRONOS_S100_M3_COMBO,BUY,SL,4724.98,4721.56,-3.4199999999991633,-34.19999999999164
2026-05-08 07:40:00+00:00,2026-05-08 08:21:20+00:00,KRONOS_S100_M3_COMBO,BUY,TP,4708.794999999999,4715.9800000000005,7.18500000000131,71.8500000000131
2026-05-08 08:45:00+00:00,2026-05-08 08:48:45+00:00,KRONOS_S99_MSS_FVG,BUY,TP,4717.82,4719.46,1.6400000000003274,16.400000000003274
2026-05-08 10:45:00+00:00,2026-05-08 10:46:20+00:00,KRONOS_S99_MSS_FVG,BUY,SL,4723.615,4722.1900000000005,-1.4249999999992724,-14.249999999992724
2026-05-08 11:55:00+00:00,2026-05-08 12:05:35+00:00,KRONOS_S99_MSS_FVG,SELL,TP,4718.705000000001,4712.3099999999995,6.395000000001346,63.95000000001346
2026-05-08 12:17:00+00:00,2026-05-08 12:30:00+00:00,KRONOS_S99_MSS_FVG,SELL,TP,4709.225,4705.04,4.1850000000004,41.85000000000401
2026-05-08 13:21:00+00:00,2026-05-08 13:30:35+00:00,KRONOS_S100_M3_COMBO,BUY,TP,4724.794999999999,4734.13,9.335000000000946,93.35000000000946
2026-05-08 14:02:00+00:00,2026-05-08 14:05:25+00:00,KRONOS_S100_M3_COMBO,BUY,SL,4741.825,4736.68,-5.144999999999527,-51.44999999999528
2026-05-08 13:40:00+00:00,2026-05-08 14:09:15+00:00,KRONOS_S93_FVG_SCALP,BUY,SL,4740.625,4725.72,-14.904999999999745,-149.04999999999745
2026-05-08 13:40:00+00:00,2026-05-08 14:09:15+00:00,KRONOS_S99_MSS_FVG,BUY,SL,4740.625,4725.72,-14.904999999999745,-149.04999999999745
2026-05-11 00:13:00+00:00,2026-05-11 00:17:00+00:00,KRONOS_S94_SWEEP_REVERSAL,BUY,SL,4682.12,4679.400000000001,-2.719999999999345,-27.19999999999345
2026-05-11 02:00:00+00:00,2026-05-11 02:01:05+00:00,KRONOS_S100_M3_COMBO,SELL,SL,4689.42,4691.32,-1.8999999999996362,-18.999999999996366
2026-05-11 02:46:00+00:00,2026-05-11 02:55:35+00:00,KRONOS_S100_M3_COMBO,SELL,TP,4692.335,4678.33,14.00500000000011,140.0500000000011
2026-05-11 03:59:00+00:00,2026-05-11 04:03:05+00:00,KRONOS_S100_M3_COMBO,SELL,TP,4678.27,4675.299999999999,2.970000000001164,29.700000000011645
2026-05-11 04:12:00+00:00,2026-05-11 04:20:05+00:00,KRONOS_S94_SWEEP_REVERSAL,BUY,SL,4675.91,4673.01,-2.899999999999636,-28.999999999996362
2026-05-11 04:05:00+00:00,2026-05-11 05:17:00+00:00,KRONOS_S100_M3_COMBO,SELL,TIME,4675.84,4672.839999999999,3.0000000000009095,30.0000000000091
2026-05-11 06:01:00+00:00,2026-05-11 06:05:45+00:00,KRONOS_S99_MSS_FVG,SELL,SL,4653.665000000001,4660.49,-6.824999999998909,-68.24999999998909
2026-05-11 08:05:00+00:00,2026-05-11 08:08:00+00:00,KRONOS_S99_MSS_FVG,SELL,TP,4669.445000000001,4668.5599999999995,0.8850000000011278,8.850000000011278
2026-05-11 07:53:00+00:00,2026-05-11 08:11:45+00:00,KRONOS_S100_M3_COMBO,SELL,SL,4668.615000000001,4672.889999999999,-4.274999999998727,-42.74999999998727
2026-05-11 08:31:00+00:00,2026-05-11 09:29:20+00:00,KRONOS_S100_M3_COMBO,SELL,TP,4672.68,4657.8099999999995,14.8700000000008,148.700000000008
2026-05-11 09:43:00+00:00,2026-05-11 10:25:00+00:00,KRONOS_S93_FVG_SCALP,SELL,SL,4661.56,4665.969999999999,-4.409999999998945,-44.09999999998945
2026-05-11 11:12:00+00:00,2026-05-11 11:21:30+00:00,KRONOS_S99_MSS_FVG,BUY,TP,4668.03,4669.75,1.7200000000002547,17.200000000002547
2026-05-11 11:45:00+00:00,2026-05-11 11:50:45+00:00,KRONOS_S99_MSS_FVG,BUY,SL,4675.375,4672.27,-3.1049999999995634,-31.049999999995638
2026-05-11 12:15:00+00:00,2026-05-11 12:18:15+00:00,KRONOS_S93_FVG_SCALP,SELL,SL,4668.43,4671.91,-3.4799999999995634,-34.799999999995634
2026-05-11 12:15:00+00:00,2026-05-11 12:18:15+00:00,KRONOS_S99_MSS_FVG,SELL,SL,4668.43,4671.91,-3.4799999999995634,-34.799999999995634
2026-05-11 13:30:00+00:00,2026-05-11 13:31:10+00:00,KRONOS_S94_SWEEP_REVERSAL,SELL,SL,4732.845,4736.86,-4.014999999999418,-40.14999999999418
2026-05-11 14:00:00+00:00,2026-05-11 14:05:40+00:00,KRONOS_S100_M3_COMBO,BUY,SL,4733.61,4726.650000000001,-6.959999999999127,-69.59999999999127
2026-05-11 14:06:00+00:00,2026-05-11 14:07:40+00:00,KRONOS_S93_FVG_SCALP,BUY,SL,4722.95,4719.39,-3.5599999999994907,-35.59999999999491
2026-05-11 14:06:00+00:00,2026-05-11 14:07:40+00:00,KRONOS_S99_MSS_FVG,BUY,SL,4722.95,4719.39,-3.5599999999994907,-35.59999999999491
2026-05-11 14:13:00+00:00,2026-05-11 14:31:40+00:00,KRONOS_S93_FVG_SCALP,SELL,TP,4731.96,4722.0599999999995,9.900000000000546,99.00000000000546
2026-05-11 14:57:00+00:00,2026-05-11 16:09:00+00:00,KRONOS_S100_M3_COMBO,BUY,TIME,4724.964999999999,4730.515,5.550000000001091,55.50000000001092
2026-05-12 02:24:00+00:00,2026-05-12 03:36:00+00:00,KRONOS_S100_M3_COMBO,SELL,TIME,4729.415000000001,4726.12,3.2950000000009823,32.95000000000983
2026-05-12 02:30:00+00:00,2026-05-12 03:45:50+00:00,KRONOS_S94_SWEEP_REVERSAL,BUY,SL,4724.089999999999,4719.85,-4.239999999998872,-42.39999999998872
2026-05-12 03:52:00+00:00,2026-05-12 04:15:55+00:00,KRONOS_S100_M3_COMBO,SELL,SL,4721.89,4725.0,-3.1099999999996726,-31.09999999999673
2026-05-12 04:57:00+00:00,2026-05-12 05:00:10+00:00,KRONOS_S100_M3_COMBO,SELL,TP,4715.935,4711.69,4.2450000000008,42.450000000008004
2026-05-12 05:14:00+00:00,2026-05-12 05:30:10+00:00,KRONOS_S100_M3_COMBO,SELL,SL,4712.175,4717.98,-5.8049999999993815,-58.049999999993815
2026-05-12 06:20:00+00:00,2026-05-12 07:03:40+00:00,KRONOS_S100_M3_COMBO,SELL,TP,4703.125,4692.0,11.125,111.25
2026-05-12 07:10:00+00:00,2026-05-12 10:39:45+00:00,KRONOS_S94_SWEEP_REVERSAL,BUY,SL,4693.379999999999,4685.1,-8.279999999998836,-82.79999999998836
2026-05-12 11:47:00+00:00,2026-05-12 11:48:55+00:00,KRONOS_S99_MSS_FVG,BUY,TP,4704.065,4704.63,0.5650000000005093,5.650000000005093
2026-05-12 13:21:00+00:00,2026-05-12 13:22:55+00:00,KRONOS_S93_FVG_SCALP,SELL,SL,4690.135,4694.969999999999,-4.834999999999127,-48.34999999999127
2026-05-12 13:21:00+00:00,2026-05-12 13:22:50+00:00,KRONOS_S100_M3_COMBO,SELL,SL,4690.135,4693.349999999999,-3.214999999999236,-32.14999999999236
2026-05-12 13:33:00+00:00,2026-05-12 13:40:00+00:00,KRONOS_S94_SWEEP_REVERSAL,BUY,TP,4687.825,4698.64,10.81500000000051,108.1500000000051
2026-05-12 13:46:00+00:00,2026-05-12 13:48:40+00:00,KRONOS_S93_FVG_SCALP,BUY,SL,4696.639999999999,4690.9800000000005,-5.659999999998945,-56.59999999998945
2026-05-12 14:03:00+00:00,2026-05-12 14:13:30+00:00,KRONOS_S100_M3_COMBO,SELL,SL,4688.035000000001,4695.41,-7.3749999999990905,-73.7499999999909
2026-05-12 14:55:00+00:00,2026-05-12 15:02:00+00:00,KRONOS_S100_M3_COMBO,SELL,TP,4674.34,4668.69,5.650000000000546,56.50000000000546
2026-05-12 15:27:00+00:00,2026-05-12 15:30:10+00:00,KRONOS_S100_M3_COMBO,SELL,SL,4652.085,4660.379999999999,-8.294999999999163,-82.94999999999165
2026-05-12 15:30:00+00:00,2026-05-12 15:33:10+00:00,KRONOS_S99_MSS_FVG,SELL,SL,4656.335,4661.599999999999,-5.264999999999418,-52.64999999999418
2026-05-13 01:13:00+00:00,2026-05-13 01:17:30+00:00,KRONOS_S94_SWEEP_REVERSAL,BUY,SL,4711.855,4706.63,-5.224999999999454,-52.24999999999454
2026-05-13 02:50:00+00:00,2026-05-13 03:26:00+00:00,KRONOS_S100_M3_COMBO,SELL,SL,4692.905000000001,4697.24,-4.334999999999127,-43.349999999991276
2026-05-13 04:00:00+00:00,2026-05-13 04:02:15+00:00,KRONOS_S100_M3_COMBO,SELL,SL,4695.660000000001,4698.49,-2.8299999999990177,-28.299999999990177
2026-05-13 05:09:00+00:00,2026-05-13 05:18:35+00:00,KRONOS_S100_M3_COMBO,BUY,SL,4704.99,4701.3,-3.6899999999996,-36.899999999996005
2026-05-14 00:27:00+00:00,2026-05-14 00:59:00+00:00,KRONOS_S94_SWEEP_REVERSAL,SELL,SL,4700.875,4706.2699999999995,-5.394999999999527,-53.94999999999527
2026-05-14 01:01:00+00:00,2026-05-14 01:03:00+00:00,KRONOS_S100_M3_COMBO,BUY,SL,4703.384999999999,4698.85,-4.534999999998945,-45.34999999998946
2026-05-14 01:57:00+00:00,2026-05-14 02:25:55+00:00,KRONOS_S100_M3_COMBO,SELL,SL,4685.3,4694.8099999999995,-9.509999999999309,-95.09999999999309
2026-05-15 01:16:00+00:00,2026-05-15 02:28:00+00:00,KRONOS_S100_M3_COMBO,SELL,TIME,4619.3,4614.12,5.180000000000291,51.80000000000291
2026-05-15 02:33:00+00:00,2026-05-15 02:36:05+00:00,KRONOS_S100_M3_COMBO,SELL,SL,4611.345,4615.929999999999,-4.584999999999127,-45.84999999999127
2026-05-15 03:24:00+00:00,2026-05-15 03:42:20+00:00,KRONOS_S100_M3_COMBO,SELL,SL,4614.01,4616.79,-2.7799999999997453,-27.799999999997453
2026-05-15 03:57:00+00:00,2026-05-15 03:58:45+00:00,KRONOS_S100_M3_COMBO,SELL,SL,4614.735000000001,4616.79,-2.0549999999993815,-20.54999999999382
2026-05-15 04:48:00+00:00,2026-05-15 04:50:15+00:00,KRONOS_S100_M3_COMBO,SELL,SL,4607.860000000001,4611.91,-4.049999999999272,-40.499999999992724
2026-05-15 05:15:00+00:00,2026-05-15 05:19:35+00:00,KRONOS_S100_M3_COMBO,SELL,TP,4594.455000000001,4582.15,12.3050000000012,123.050000000012
2026-05-15 05:29:00+00:00,2026-05-15 05:30:50+00:00,KRONOS_S100_M3_COMBO,SELL,TP,4588.685,4582.2,6.485000000000582,64.85000000000582
2026-05-15 06:04:00+00:00,2026-05-15 06:16:40+00:00,KRONOS_S100_M3_COMBO,SELL,SL,4563.400000000001,4575.15,-11.74999999999909,-117.4999999999909
2026-05-15 07:09:00+00:00,2026-05-15 07:11:05+00:00,KRONOS_S100_M3_COMBO,SELL,SL,4575.51,4581.61,-6.099999999999454,-60.99999999999455
2026-05-15 07:25:00+00:00,2026-05-15 07:37:35+00:00,KRONOS_S99_MSS_FVG,BUY,SL,4582.49,4575.040000000001,-7.449999999998909,-74.49999999998909
2026-05-15 07:56:00+00:00,2026-05-15 08:01:20+00:00,KRONOS_S100_M3_COMBO,SELL,TP,4570.365000000001,4566.48,3.8850000000011278,38.85000000001128
2026-05-15 08:06:00+00:00,2026-05-15 08:17:00+00:00,KRONOS_S100_M3_COMBO,SELL,TP,4564.610000000001,4558.78,5.830000000000837,58.30000000000837
2026-05-15 08:25:00+00:00,2026-05-15 08:30:05+00:00,KRONOS_S93_FVG_SCALP,SELL,TP,4559.9800000000005,4556.44,3.540000000000873,35.40000000000874
2026-05-15 08:27:00+00:00,2026-05-15 08:30:35+00:00,KRONOS_S94_SWEEP_REVERSAL,BUY,SL,4557.86,4551.990000000001,-5.869999999998981,-58.699999999989814
2026-05-15 08:22:00+00:00,2026-05-15 09:15:55+00:00,KRONOS_S100_M3_COMBO,SELL,TP,4559.8,4545.129999999999,14.670000000000982,146.70000000000982
2026-05-15 09:21:00+00:00,2026-05-15 09:30:15+00:00,KRONOS_S93_FVG_SCALP,SELL,SL,4548.0650000000005,4555.37,-7.3049999999993815,-73.04999999999382
2026-05-15 09:21:00+00:00,2026-05-15 09:30:15+00:00,KRONOS_S99_MSS_FVG,SELL,SL,4548.0650000000005,4555.37,-7.3049999999993815,-73.04999999999382
2026-05-15 11:02:00+00:00,2026-05-15 11:04:55+00:00,KRONOS_S99_MSS_FVG,BUY,SL,4565.33,4561.7300000000005,-3.5999999999994543,-35.99999999999455
2026-05-15 11:46:00+00:00,2026-05-15 12:01:15+00:00,KRONOS_S99_MSS_FVG,SELL,TP,4554.950000000001,4548.25,6.700000000000728,67.00000000000728
2026-05-15 13:05:00+00:00,2026-05-15 13:08:45+00:00,KRONOS_S100_M3_COMBO,SELL,TP,4547.935,4541.5199999999995,6.415000000000873,64.15000000000873
2026-05-15 13:50:00+00:00,2026-05-15 14:12:40+00:00,KRONOS_S93_FVG_SCALP,SELL,SL,4531.795,4544.24,-12.444999999999709,-124.4499999999971
2026-05-15 13:50:00+00:00,2026-05-15 14:12:40+00:00,KRONOS_S99_MSS_FVG,SELL,SL,4531.795,4544.24,-12.444999999999709,-124.4499999999971
2026-05-18 04:42:00+00:00,2026-05-18 04:46:00+00:00,KRONOS_S100_M3_COMBO,BUY,SL,4540.53,4538.160000000001,-2.3699999999989814,-23.699999999989814
2026-05-18 05:26:00+00:00,2026-05-18 05:32:05+00:00,KRONOS_S100_M3_COMBO,BUY,SL,4549.584999999999,4543.01,-6.574999999998909,-65.7499999999891
2026-05-18 05:51:00+00:00,2026-05-18 05:53:30+00:00,KRONOS_S100_M3_COMBO,BUY,SL,4537.6849999999995,4535.070000000001,-2.6149999999988722,-26.149999999988722
2026-05-18 07:04:00+00:00,2026-05-18 07:09:10+00:00,KRONOS_S100_M3_COMBO,BUY,TP,4544.589999999999,4547.070000000001,2.4800000000013824,24.800000000013824
2026-05-18 07:26:00+00:00,2026-05-18 07:30:00+00:00,KRONOS_S94_SWEEP_REVERSAL,SELL,SL,4546.790000000001,4552.74,-5.949999999998909,-59.499999999989086
2026-05-18 07:28:00+00:00,2026-05-18 08:40:00+00:00,KRONOS_S100_M3_COMBO,BUY,TIME,4545.719999999999,4550.540000000001,4.820000000001528,48.20000000001528
