strategy,entry_time,side,entry_px,sl,tp,exit_px,exit_time,outcome,pnl_pts,pnl_usd,gated_reason_at_entry
KRONOS_S97_SNAP_SCALPER,2026-04-01T05:59:00+00:00,BUY,4684.81,4671.19,4691.99,4691.74,2026-04-01T06:11:00+00:00,TP,6.93,13.86,"quiet_fade: 5.98h UTC, vol=NORMAL, d1=bearish"
KRONOS_S97_SNAP_SCALPER,2026-04-01T07:09:00+00:00,BUY,4721.215,4712.09,4725.9,4725.65,2026-04-01T07:21:00+00:00,TP,4.435,8.87,"quiet_fade: 7.15h UTC, vol=NORMAL, d1=bearish"
SESSION_BREAKOUT,2026-04-01T07:34:00+00:00,BUY,4733.175,4713.305,4762.35,4713.055,2026-04-01T07:52:00+00:00,SL,-20.12,-40.24,"session_vol: in window (7.57h UTC), vol=NORMAL"
KRONOS_S97_SNAP_SCALPER,2026-04-01T07:49:00+00:00,BUY,4722.87,4705.17,4732.31,4726.805,2026-04-01T08:19:00+00:00,TIME,3.935,7.87,"quiet_fade: 7.82h UTC, vol=NORMAL, d1=bearish"
SESSION_BREAKOUT,2026-04-01T13:39:00+00:00,BUY,4742.715,4716.28,4781.74,4781.49,2026-04-01T15:36:00+00:00,TP,38.775,77.55,"session_vol: in window (13.65h UTC), vol=NORMAL"
KRONOS_S96_H1_MOMENTUM,2026-04-01T01:14:00+00:00,BUY,4711.17,4745.165,5671.61,4744.915,2026-04-01T18:37:00+00:00,TRAIL,33.745,67.49,"trending: trend=TRENDING, h4_bias=long"
SESSION_BREAKOUT,2026-04-06T07:49:00+00:00,BUY,4666.955,4645.12,4699.08,4698.83,2026-04-06T09:00:00+00:00,TP,31.875,63.75,"session_vol: in window (7.82h UTC), vol=NORMAL"
SESSION_BREAKOUT,2026-04-06T13:44:00+00:00,BUY,4678.1,4659.8,4704.93,4659.55,2026-04-06T15:15:00+00:00,SL,-18.55,-37.1,"session_vol: in window (13.73h UTC), vol=NORMAL"
SESSION_BREAKOUT,2026-04-07T13:34:00+00:00,SELL,4648.215,4663.08,4626.54,4626.79,2026-04-07T14:04:00+00:00,TP,21.425,42.85,"session_vol: in window (13.57h UTC), vol=NORMAL"
KRONOS_S96_H1_MOMENTUM,2026-04-14T18:15:00+00:00,BUY,4835.485,4838.105,5500.79,4837.855,2026-04-15T02:21:00+00:00,TRAIL,2.37,4.74,"trending: trend=TRENDING, h4_bias=short"
KRONOS_S95_SESSION_BREAKOUT,2026-04-20T07:24:00+00:00,BUY,4802.05,4793.88,4813.68,4793.63,2026-04-20T07:30:00+00:00,SL,-8.42,-16.84,"session_vol: in window (7.40h UTC), vol=NORMAL"
SESSION_BREAKOUT,2026-04-20T07:34:00+00:00,SELL,4793.725,4805.795,4776.25,4797.43,2026-04-20T10:34:00+00:00,TIME,-3.705,-7.41,"session_vol: in window (7.57h UTC), vol=NORMAL"
KRONOS_S95_SESSION_BREAKOUT,2026-04-20T08:54:00+00:00,SELL,4793.57,4801.74,4781.94,4801.99,2026-04-20T11:49:00+00:00,SL,-8.42,-16.84,"session_vol: in window (8.90h UTC), vol=NORMAL"
KRONOS_S96_H1_MOMENTUM,2026-04-21T17:14:00+00:00,SELL,4711.02,4703.49,4013.89,4703.74,2026-04-21T20:16:00+00:00,TRAIL,7.28,14.56,"trending: trend=TRENDING, h4_bias=short"
KRONOS_S97_SNAP_SCALPER,2026-04-22T03:00:00+00:00,SELL,4755.595,4759.55,4753.78,4754.03,2026-04-22T03:01:00+00:00,TP,1.565,3.13,"quiet_fade: 3.00h UTC, vol=NORMAL, d1=bullish"
KRONOS_S97_SNAP_SCALPER,2026-04-22T03:02:00+00:00,SELL,4755.595,4759.55,4753.78,4759.8,2026-04-22T03:07:00+00:00,SL,-4.205,-8.41,"quiet_fade: 3.03h UTC, vol=NORMAL, d1=bullish"
KRONOS_S97_SNAP_SCALPER,2026-04-22T03:29:00+00:00,SELL,4762.85,4766.99,4760.94,4761.19,2026-04-22T03:34:00+00:00,TP,1.66,3.32,"quiet_fade: 3.48h UTC, vol=NORMAL, d1=bullish"
KRONOS_S97_SNAP_SCALPER,2026-04-22T04:49:00+00:00,SELL,4757.685,4761.59,4755.9,4756.15,2026-04-22T04:50:00+00:00,TP,1.535,3.07,"quiet_fade: 4.82h UTC, vol=NORMAL, d1=bullish"
KRONOS_S97_SNAP_SCALPER,2026-04-22T04:51:00+00:00,SELL,4757.685,4761.59,4755.9,4756.15,2026-04-22T04:52:00+00:00,TP,1.535,3.07,"quiet_fade: 4.85h UTC, vol=NORMAL, d1=bullish"
KRONOS_S97_SNAP_SCALPER,2026-04-22T04:53:00+00:00,SELL,4757.685,4761.59,4755.9,4756.15,2026-04-22T04:54:00+00:00,TP,1.535,3.07,"quiet_fade: 4.88h UTC, vol=NORMAL, d1=bullish"
KRONOS_S97_SNAP_SCALPER,2026-04-22T05:14:00+00:00,SELL,4756.96,4760.82,4755.2,4761.07,2026-04-22T05:16:00+00:00,SL,-4.11,-8.22,"quiet_fade: 5.23h UTC, vol=NORMAL, d1=bullish"
KRONOS_S97_SNAP_SCALPER,2026-04-22T05:17:00+00:00,SELL,4756.96,4760.82,4755.2,4761.07,2026-04-22T05:18:00+00:00,SL,-4.11,-8.22,"quiet_fade: 5.28h UTC, vol=NORMAL, d1=bullish"
KRONOS_S97_SNAP_SCALPER,2026-04-22T05:19:00+00:00,SELL,4768.695,4780.76,4762.38,4769.425,2026-04-22T05:49:00+00:00,TIME,-0.73,-1.46,"quiet_fade: 5.32h UTC, vol=NORMAL, d1=bullish"
KRONOS_S95_SESSION_BREAKOUT,2026-04-22T07:34:00+00:00,SELL,4764.265,4772.49,4752.55,4752.8,2026-04-22T08:35:00+00:00,TP,11.465,22.93,"session_vol: in window (7.57h UTC), vol=NORMAL"
KRONOS_S97_SNAP_SCALPER,2026-04-23T05:49:00+00:00,SELL,4710.29,4717.13,4706.88,4717.38,2026-04-23T06:01:00+00:00,SL,-7.09,-14.18,"quiet_fade: 5.82h UTC, vol=LOW, d1=bullish"
KRONOS_S97_SNAP_SCALPER,2026-04-23T07:34:00+00:00,SELL,4710.73,4715.61,4708.41,4708.66,2026-04-23T07:42:00+00:00,TP,2.07,4.14,"quiet_fade: 7.57h UTC, vol=LOW, d1=bullish"
KRONOS_S97_SNAP_SCALPER,2026-04-23T07:49:00+00:00,SELL,4720.185,4730.24,4714.99,4720.875,2026-04-23T08:19:00+00:00,TIME,-0.69,-1.38,"quiet_fade: 7.82h UTC, vol=LOW, d1=bullish"
SESSION_BREAKOUT,2026-04-23T14:54:00+00:00,BUY,4736.315,4717.185,4764.38,4716.935,2026-04-23T15:54:00+00:00,SL,-19.38,-38.76,"session_vol: in window (14.90h UTC), vol=NORMAL"
SESSION_BREAKOUT,2026-04-24T14:00:00+00:00,BUY,4705.845,4693.605,4723.58,4723.33,2026-04-24T14:05:00+00:00,TP,17.485,34.97,"session_vol: in window (14.00h UTC), vol=NORMAL"
KRONOS_S96_H1_MOMENTUM,2026-04-28T06:14:00+00:00,SELL,4632.14,4634.32,4240.99,4634.57,2026-04-28T08:32:00+00:00,TRAIL,-2.43,-4.86,"trending: trend=TRENDING, h4_bias=short"
KRONOS_S96_H1_MOMENTUM,2026-04-28T10:14:00+00:00,SELL,4604.505,4578.2,4143.47,4578.45,2026-04-28T12:12:00+00:00,TRAIL,26.055,52.11,"trending: trend=TRENDING, h4_bias=short"
KRONOS_S96_H1_MOMENTUM,2026-04-28T12:13:00+00:00,SELL,4603.17,4594.735,4126.3,4594.985,2026-04-28T12:47:00+00:00,TRAIL,8.185,16.37,"trending: trend=TRENDING, h4_bias=short"
SESSION_BREAKOUT,2026-04-28T13:34:00+00:00,SELL,4571.06,4594.85,4536.0,4581.45,2026-04-28T16:34:00+00:00,TIME,-10.39,-20.78,"session_vol: in window (13.57h UTC), vol=NORMAL"
SESSION_BREAKOUT,2026-04-29T14:00:00+00:00,SELL,4534.39,4553.65,4506.13,4553.9,2026-04-29T15:40:00+00:00,SL,-19.51,-39.02,"session_vol: in window (14.00h UTC), vol=NORMAL"
KRONOS_S97_SNAP_SCALPER,2026-04-30T05:09:00+00:00,SELL,4552.49,4562.36,4547.4,4562.61,2026-04-30T05:35:00+00:00,SL,-10.12,-20.24,"quiet_fade: 5.15h UTC, vol=LOW, d1=bullish"
SESSION_BREAKOUT,2026-04-30T07:44:00+00:00,BUY,4596.08,4584.885,4612.25,4612.0,2026-04-30T08:04:00+00:00,TP,15.92,31.84,"session_vol: in window (7.73h UTC), vol=NORMAL"
SESSION_BREAKOUT,2026-05-04T13:34:00+00:00,SELL,4557.225,4575.945,4529.77,4576.195,2026-05-04T14:20:00+00:00,SL,-18.97,-37.94,"session_vol: in window (13.57h UTC), vol=NORMAL"
KRONOS_S96_H1_MOMENTUM,2026-05-04T16:45:00+00:00,SELL,4521.58,4542.1,3829.79,4542.35,2026-05-05T01:37:00+00:00,TRAIL,-20.77,-41.54,"trending: trend=TRENDING, h4_bias=long"
SESSION_BREAKOUT,2026-05-06T13:34:00+00:00,BUY,4692.88,4669.02,4728.05,4687.26,2026-05-06T16:34:00+00:00,TIME,-5.62,-11.24,"session_vol: in window (13.57h UTC), vol=NORMAL"
SESSION_BREAKOUT,2026-05-07T13:34:00+00:00,BUY,4750.69,4731.38,4779.03,4731.13,2026-05-07T15:52:00+00:00,SL,-19.56,-39.12,"session_vol: in window (13.57h UTC), vol=NORMAL"
SESSION_BREAKOUT,2026-05-08T13:34:00+00:00,BUY,4729.39,4716.51,4748.09,4747.84,2026-05-08T14:00:00+00:00,TP,18.45,36.9,"session_vol: in window (13.57h UTC), vol=NORMAL"
KRONOS_S95_SESSION_BREAKOUT,2026-05-11T07:19:00+00:00,SELL,4673.215,4680.49,4662.93,4663.18,2026-05-11T09:23:00+00:00,TP,10.035,20.07,"session_vol: in window (7.32h UTC), vol=NORMAL"
SESSION_BREAKOUT,2026-05-11T07:44:00+00:00,SELL,4671.845,4680.385,4659.66,4659.91,2026-05-11T09:24:00+00:00,TP,11.935,23.87,"session_vol: in window (7.73h UTC), vol=NORMAL"
SESSION_BREAKOUT,2026-05-11T13:59:00+00:00,BUY,4735.965,4698.82,4791.06,4716.255,2026-05-11T16:59:00+00:00,TIME,-19.71,-39.42,"session_vol: in window (13.98h UTC), vol=NORMAL"
SESSION_BREAKOUT,2026-05-12T13:59:00+00:00,SELL,4679.16,4709.025,4634.99,4671.625,2026-05-12T16:59:00+00:00,TIME,7.535,15.07,"session_vol: in window (13.98h UTC), vol=NORMAL"
KRONOS_S95_SESSION_BREAKOUT,2026-05-14T08:34:00+00:00,BUY,4702.795,4694.59,4714.48,4694.34,2026-05-14T08:48:00+00:00,SL,-8.455,-16.91,"session_vol: in window (8.57h UTC), vol=NORMAL"
KRONOS_S95_SESSION_BREAKOUT,2026-05-14T09:14:00+00:00,SELL,4694.33,4702.54,4682.64,4702.79,2026-05-14T09:50:00+00:00,SL,-8.46,-16.92,"session_vol: in window (9.23h UTC), vol=NORMAL"
SESSION_BREAKOUT,2026-05-15T13:39:00+00:00,SELL,4536.035,4557.66,4504.22,4557.91,2026-05-15T14:19:00+00:00,SL,-21.875,-43.75,"session_vol: in window (13.65h UTC), vol=HIGH"
KRONOS_S95_SESSION_BREAKOUT,2026-05-18T07:19:00+00:00,SELL,4541.845,4549.68,4530.72,4549.93,2026-05-18T07:26:00+00:00,SL,-8.085,-16.17,"session_vol: in window (7.32h UTC), vol=NORMAL"
KRONOS_S97_SNAP_SCALPER,2026-05-18T07:29:00+00:00,SELL,4550.4,4558.35,4546.37,4558.6,2026-05-18T07:30:00+00:00,SL,-8.2,-16.4,"quiet_fade: 7.48h UTC, vol=NORMAL, d1=bearish"
KRONOS_S97_SNAP_SCALPER,2026-05-18T07:31:00+00:00,SELL,4550.4,4558.35,4546.37,4558.6,2026-05-18T07:32:00+00:00,SL,-8.2,-16.4,"quiet_fade: 7.52h UTC, vol=NORMAL, d1=bearish"
KRONOS_S97_SNAP_SCALPER,2026-05-18T07:33:00+00:00,SELL,4550.4,4558.35,4546.37,4546.62,2026-05-18T07:48:00+00:00,TP,3.78,7.56,"quiet_fade: 7.55h UTC, vol=NORMAL, d1=bearish"
KRONOS_S95_SESSION_BREAKOUT,2026-05-18T08:24:00+00:00,BUY,4550.26,4542.22,4561.69,4541.97,2026-05-18T09:03:00+00:00,SL,-8.29,-16.58,"session_vol: in window (8.40h UTC), vol=HIGH"
SESSION_BREAKOUT,2026-05-18T13:34:00+00:00,BUY,4577.095,4561.975,4599.15,4561.725,2026-05-18T14:05:00+00:00,SL,-15.37,-30.74,"session_vol: in window (13.57h UTC), vol=HIGH"
SESSION_BREAKOUT,2026-05-19T13:34:00+00:00,SELL,4490.885,4537.7,4421.29,4507.685,2026-05-19T16:34:00+00:00,TIME,-16.8,-33.6,"session_vol: in window (13.57h UTC), vol=NORMAL"
SESSION_BREAKOUT,2026-05-20T14:34:00+00:00,BUY,4511.245,4467.245,4576.62,4530.8,2026-05-20T17:34:00+00:00,TIME,19.555,39.11,"session_vol: in window (14.57h UTC), vol=NORMAL"
SESSION_BREAKOUT,2026-05-21T13:34:00+00:00,SELL,4495.2,4512.81,4469.41,4513.06,2026-05-21T13:53:00+00:00,SL,-17.86,-35.72,"session_vol: in window (13.57h UTC), vol=NORMAL"
SESSION_BREAKOUT,2026-05-22T14:00:00+00:00,SELL,4520.585,4534.495,4500.35,4500.6,2026-05-22T14:13:00+00:00,TP,19.985,39.97,"session_vol: in window (14.00h UTC), vol=NORMAL"
KRONOS_S97_SNAP_SCALPER,2026-05-26T05:49:00+00:00,BUY,4528.2,4523.78,4530.27,4523.53,2026-05-26T05:52:00+00:00,SL,-4.67,-9.34,"quiet_fade: 5.82h UTC, vol=LOW, d1=bearish"
KRONOS_S97_SNAP_SCALPER,2026-05-26T05:53:00+00:00,BUY,4528.2,4523.78,4530.27,4530.02,2026-05-26T06:02:00+00:00,TP,1.82,3.64,"quiet_fade: 5.88h UTC, vol=LOW, d1=bearish"
KRONOS_S97_SNAP_SCALPER,2026-05-26T07:09:00+00:00,BUY,4527.97,4524.65,4529.43,4529.18,2026-05-26T07:11:00+00:00,TP,1.21,2.42,"quiet_fade: 7.15h UTC, vol=LOW, d1=bearish"
KRONOS_S97_SNAP_SCALPER,2026-05-26T07:12:00+00:00,BUY,4527.97,4524.65,4529.43,4529.18,2026-05-26T07:14:00+00:00,TP,1.21,2.42,"quiet_fade: 7.20h UTC, vol=LOW, d1=bearish"
KRONOS_S97_SNAP_SCALPER,2026-05-26T07:34:00+00:00,BUY,4526.265,4522.14,4528.17,4521.89,2026-05-26T07:38:00+00:00,SL,-4.375,-8.75,"quiet_fade: 7.57h UTC, vol=LOW, d1=bearish"
KRONOS_S97_SNAP_SCALPER,2026-05-26T07:39:00+00:00,BUY,4523.44,4517.26,4526.48,4526.23,2026-05-26T07:43:00+00:00,TP,2.79,5.58,"quiet_fade: 7.65h UTC, vol=LOW, d1=bearish"
KRONOS_S97_SNAP_SCALPER,2026-05-26T08:09:00+00:00,BUY,4533.33,4528.32,4535.72,4528.07,2026-05-26T08:13:00+00:00,SL,-5.26,-10.52,"quiet_fade: 8.15h UTC, vol=LOW, d1=bearish"
KRONOS_S97_SNAP_SCALPER,2026-05-26T08:14:00+00:00,BUY,4527.895,4520.18,4531.8,4519.93,2026-05-26T08:34:00+00:00,SL,-7.965,-15.93,"quiet_fade: 8.23h UTC, vol=LOW, d1=bearish"
KRONOS_S97_SNAP_SCALPER,2026-05-26T08:35:00+00:00,BUY,4521.805,4516.51,4524.36,4524.11,2026-05-26T08:42:00+00:00,TP,2.305,4.61,"quiet_fade: 8.58h UTC, vol=LOW, d1=bearish"
SESSION_BREAKOUT,2026-05-26T13:54:00+00:00,SELL,4515.975,4527.615,4499.14,4505.47,2026-05-26T16:54:00+00:00,TIME,10.505,21.01,"session_vol: in window (13.90h UTC), vol=NORMAL"
SESSION_BREAKOUT,2026-05-28T07:54:00+00:00,SELL,4383.565,4396.31,4365.07,4396.56,2026-05-28T09:21:00+00:00,SL,-12.995,-25.99,"session_vol: in window (7.90h UTC), vol=NORMAL"
SESSION_BREAKOUT,2026-05-28T14:49:00+00:00,BUY,4473.675,4420.87,4552.26,4508.41,2026-05-28T17:49:00+00:00,TIME,34.735,69.47,"session_vol: in window (14.82h UTC), vol=HIGH"
SESSION_BREAKOUT,2026-05-29T14:00:00+00:00,BUY,4529.44,4517.04,4547.41,4547.16,2026-05-29T14:02:00+00:00,TP,17.72,35.44,"session_vol: in window (14.00h UTC), vol=NORMAL"
SESSION_BREAKOUT,2026-05-29T14:54:00+00:00,BUY,4552.905,4526.16,4592.4,4592.15,2026-05-29T15:11:00+00:00,TP,39.245,78.49,"session_vol: in window (14.90h UTC), vol=NORMAL"
SESSION_BREAKOUT,2026-06-01T14:00:00+00:00,SELL,4462.26,4503.985,4400.3,4480.01,2026-06-01T17:00:00+00:00,TIME,-17.75,-35.5,"session_vol: in window (14.00h UTC), vol=NORMAL"
SESSION_BREAKOUT,2026-06-03T13:44:00+00:00,SELL,4445.625,4466.205,4415.38,4439.37,2026-06-03T16:44:00+00:00,TIME,6.255,12.51,"session_vol: in window (13.73h UTC), vol=NORMAL"
SESSION_BREAKOUT,2026-06-04T13:39:00+00:00,BUY,4510.555,4500.31,4525.3,4500.06,2026-06-04T13:54:00+00:00,SL,-10.495,-20.99,"session_vol: in window (13.65h UTC), vol=NORMAL"
SESSION_BREAKOUT,2026-06-05T13:34:00+00:00,SELL,4399.835,4421.235,4368.36,4368.61,2026-06-05T13:59:00+00:00,TP,31.225,62.45,"session_vol: in window (13.57h UTC), vol=NORMAL"
KRONOS_S96_H1_MOMENTUM,2026-06-05T14:00:00+00:00,SELL,4406.375,4372.32,3852.42,4372.57,2026-06-05T15:00:00+00:00,TRAIL,33.805,67.61,"trending: trend=TRENDING, h4_bias=short"
SESSION_BREAKOUT,2026-06-05T14:34:00+00:00,SELL,4352.805,4379.45,4313.46,4343.53,2026-06-05T17:34:00+00:00,TIME,9.275,18.55,"session_vol: in window (14.57h UTC), vol=HIGH"
KRONOS_S96_H1_MOMENTUM,2026-06-05T15:01:00+00:00,SELL,4365.505,4344.165,3720.96,4321.565,2026-06-07T22:04:00+00:00,TIME,43.94,87.88,"trending: trend=TRENDING, h4_bias=short"
SESSION_BREAKOUT,2026-06-08T07:59:00+00:00,SELL,4294.765,4316.96,4262.1,4302.44,2026-06-08T10:59:00+00:00,TIME,-7.675,-15.35,"session_vol: in window (7.98h UTC), vol=HIGH"
SESSION_BREAKOUT,2026-06-09T15:00:00+00:00,SELL,4305.55,4336.22,4260.17,4260.42,2026-06-09T16:14:00+00:00,TP,45.13,90.26,"session_vol: in window (15.00h UTC), vol=NORMAL"
KRONOS_S96_H1_MOMENTUM,2026-06-10T02:14:00+00:00,SELL,4188.45,4213.945,3361.18,4214.195,2026-06-10T06:06:00+00:00,TRAIL,-25.745,-51.49,"trending: trend=TRENDING, h4_bias=short"
SESSION_BREAKOUT,2026-06-10T07:34:00+00:00,SELL,4193.315,4208.14,4171.7,4171.95,2026-06-10T08:03:00+00:00,TP,21.365,42.73,"session_vol: in window (7.57h UTC), vol=HIGH"
SESSION_BREAKOUT,2026-06-12T13:39:00+00:00,BUY,4207.06,4186.595,4237.13,4186.345,2026-06-12T13:41:00+00:00,SL,-20.715,-41.43,"session_vol: in window (13.65h UTC), vol=HIGH"
SESSION_BREAKOUT,2026-06-12T14:54:00+00:00,BUY,4199.84,4182.835,4224.72,4224.47,2026-06-12T15:24:00+00:00,TP,24.63,49.26,"session_vol: in window (14.90h UTC), vol=HIGH"
SESSION_BREAKOUT,2026-06-15T07:54:00+00:00,BUY,4319.245,4305.41,4339.37,4339.12,2026-06-15T08:33:00+00:00,TP,19.875,39.75,"session_vol: in window (7.90h UTC), vol=HIGH"
SESSION_BREAKOUT,2026-06-15T13:34:00+00:00,BUY,4356.255,4341.32,4378.03,4341.07,2026-06-15T16:23:00+00:00,SL,-15.185,-30.37,"session_vol: in window (13.57h UTC), vol=NORMAL"
SESSION_BREAKOUT,2026-06-19T13:39:00+00:00,SELL,4161.825,4183.125,4130.5,4152.33,2026-06-19T16:39:00+00:00,TIME,9.495,18.99,"session_vol: in window (13.65h UTC), vol=NORMAL"
KRONOS_S95_SESSION_BREAKOUT,2026-06-22T07:24:00+00:00,SELL,4196.91,4201.58,4190.53,4190.78,2026-06-22T07:54:00+00:00,TP,6.13,12.26,"session_vol: in window (7.40h UTC), vol=HIGH"
KRONOS_S95_SESSION_BREAKOUT,2026-06-22T09:04:00+00:00,BUY,4202.48,4197.12,4209.89,4209.64,2026-06-22T09:33:00+00:00,TP,7.16,14.32,"session_vol: in window (9.07h UTC), vol=NORMAL"
SESSION_BREAKOUT,2026-06-22T13:49:00+00:00,BUY,4197.38,4185.59,4214.44,4185.34,2026-06-22T15:35:00+00:00,SL,-12.04,-24.08,"session_vol: in window (13.82h UTC), vol=NORMAL"
SESSION_BREAKOUT,2026-06-23T07:44:00+00:00,SELL,4109.83,4124.92,4087.82,4125.17,2026-06-23T10:00:00+00:00,SL,-15.34,-30.68,"session_vol: in window (7.73h UTC), vol=NORMAL"
SESSION_BREAKOUT,2026-06-23T14:34:00+00:00,SELL,4128.59,4145.215,4104.28,4130.33,2026-06-23T17:34:00+00:00,TIME,-1.74,-3.48,"session_vol: in window (14.57h UTC), vol=HIGH"
KRONOS_S95_SESSION_BREAKOUT,2026-06-24T07:24:00+00:00,SELL,4085.015,4090.94,4076.75,4077.0,2026-06-24T07:37:00+00:00,TP,8.015,16.03,"session_vol: in window (7.40h UTC), vol=NORMAL"
SESSION_BREAKOUT,2026-06-24T07:34:00+00:00,SELL,4083.035,4090.845,4071.94,4072.19,2026-06-24T09:09:00+00:00,TP,10.845,21.69,"session_vol: in window (7.57h UTC), vol=NORMAL"
SESSION_BREAKOUT,2026-06-24T14:44:00+00:00,SELL,4014.185,4041.025,3974.55,3984.58,2026-06-24T17:44:00+00:00,TIME,29.605,59.21,"session_vol: in window (14.73h UTC), vol=HIGH"
SESSION_BREAKOUT,2026-06-25T07:49:00+00:00,SELL,3973.34,3989.765,3949.33,3990.015,2026-06-25T08:00:00+00:00,SL,-16.675,-33.35,"session_vol: in window (7.82h UTC), vol=HIGH"
SESSION_BREAKOUT,2026-06-25T14:34:00+00:00,BUY,4028.665,3999.17,4072.28,4031.805,2026-06-25T17:34:00+00:00,TIME,3.14,6.28,"session_vol: in window (14.57h UTC), vol=HIGH"
KRONOS_S95_SESSION_BREAKOUT,2026-06-26T08:04:00+00:00,SELL,4026.305,4034.03,4015.34,4034.28,2026-06-26T08:18:00+00:00,SL,-7.975,-15.95,"session_vol: in window (8.07h UTC), vol=NORMAL"
KRONOS_S95_SESSION_BREAKOUT,2026-06-26T08:34:00+00:00,BUY,4034.75,4026.71,4046.18,4045.93,2026-06-26T09:19:00+00:00,TP,11.18,22.36,"session_vol: in window (8.57h UTC), vol=NORMAL"
SESSION_BREAKOUT,2026-06-26T13:54:00+00:00,BUY,4066.38,4043.23,4100.48,4085.205,2026-06-26T16:54:00+00:00,TIME,18.825,37.65,"session_vol: in window (13.90h UTC), vol=NORMAL"
KRONOS_S95_SESSION_BREAKOUT,2026-06-29T07:34:00+00:00,BUY,4063.47,4056.09,4073.91,4055.84,2026-06-29T08:44:00+00:00,SL,-7.63,-15.26,"session_vol: in window (7.57h UTC), vol=NORMAL"
SESSION_BREAKOUT,2026-06-29T07:54:00+00:00,BUY,4066.735,4056.185,4081.94,4055.935,2026-06-29T08:44:00+00:00,SL,-10.8,-21.6,"session_vol: in window (7.90h UTC), vol=NORMAL"
KRONOS_S95_SESSION_BREAKOUT,2026-06-29T08:45:00+00:00,SELL,4055.515,4062.94,4045.0,4045.25,2026-06-29T08:58:00+00:00,TP,10.265,20.53,"session_vol: in window (8.75h UTC), vol=NORMAL"
SESSION_BREAKOUT,2026-06-29T13:34:00+00:00,SELL,4037.62,4051.935,4016.77,4017.02,2026-06-29T14:06:00+00:00,TP,20.6,41.2,"session_vol: in window (13.57h UTC), vol=NORMAL"
KRONOS_S95_SESSION_BREAKOUT,2026-06-30T07:24:00+00:00,BUY,4031.2,4023.68,4041.85,4023.43,2026-06-30T08:12:00+00:00,SL,-7.77,-15.54,"session_vol: in window (7.40h UTC), vol=NORMAL"
KRONOS_S95_SESSION_BREAKOUT,2026-06-30T08:34:00+00:00,SELL,4023.195,4030.16,4013.37,4013.62,2026-06-30T09:31:00+00:00,TP,9.575,19.15,"session_vol: in window (8.57h UTC), vol=NORMAL"
SESSION_BREAKOUT,2026-07-01T14:00:00+00:00,BUY,4047.56,4012.865,4098.98,4098.73,2026-07-01T14:01:00+00:00,TP,51.17,102.34,"session_vol: in window (14.00h UTC), vol=NORMAL"
SESSION_BREAKOUT,2026-07-01T14:34:00+00:00,BUY,4107.09,4082.925,4142.71,4082.675,2026-07-01T15:11:00+00:00,SL,-24.415,-48.83,"session_vol: in window (14.57h UTC), vol=NORMAL"
