strategy,cost,part,n,mid_pf,mid_pts,quote_pf,quote_pts,pf_ratio,tp_to_sl,tp_mid,tp_to_sl_share,delta_mean,spread_entry_mean,delta_over_spread,x_median,risk_median,mid_s5_pf
c03_fvg_fill,0.4500,ALL,2161,1.5078,2982.2500,1.3898,2383.5100,0.9217,69,1038,0.0665,0.2771,0.6319,0.4385,5.9821,3.5000,1.5140
c03_fvg_fill,0.4500,TRAIN,1323,1.4295,1125.6800,1.3129,854.1100,0.9184,40,639,0.0626,0.2053,0.5656,0.3629,5.1765,2.6600,1.4322
c03_fvg_fill,0.4500,TEST,838,1.5709,1856.5700,1.4517,1529.4000,0.9241,29,399,0.0727,0.3904,0.7365,0.5301,8.1856,5.3100,1.5800
c03_fvg_fill,0.8000,ALL,2161,1.3552,2225.9000,1.2492,1627.1600,0.9217,69,1038,0.0665,0.2771,0.6319,0.4385,5.9821,3.5000,1.3608
c03_fvg_fill,0.8000,TRAIN,1323,1.2317,662.6300,1.1311,391.0600,0.9184,40,639,0.0626,0.2053,0.5656,0.3629,5.1765,2.6600,1.2340
c03_fvg_fill,0.8000,TEST,838,1.4590,1563.2700,1.3484,1236.1000,0.9242,29,399,0.0727,0.3904,0.7365,0.5301,8.1856,5.3100,1.4675
s03_ob_mitigation,0.4500,ALL,6703,1.0046,53.7300,0.8542,-1827.7200,0.8503,301,2689,0.1119,0.2807,0.6108,0.4595,3.9143,2.2000,1.0058
s03_ob_mitigation,0.4500,TRAIN,4083,1.0165,112.6000,0.8549,-1055.3800,0.8410,182,1654,0.1100,0.2861,0.5705,0.5014,3.9608,2.0800,1.0165
s03_ob_mitigation,0.4500,TEST,2620,0.9882,-58.8700,0.8533,-772.3400,0.8635,119,1035,0.1150,0.2723,0.6737,0.4042,3.8387,2.4400,0.9910
s03_ob_mitigation,0.8000,ALL,6703,0.8262,-2292.3200,0.7027,-4173.7700,0.8506,301,2689,0.1119,0.2807,0.6108,0.4595,3.9143,2.2000,0.8272
s03_ob_mitigation,0.8000,TRAIN,4083,0.8280,-1316.4500,0.6964,-2484.4300,0.8411,182,1654,0.1100,0.2861,0.5705,0.5014,3.9608,2.0800,0.8280
s03_ob_mitigation,0.8000,TEST,2620,0.8237,-975.8700,0.7115,-1689.3400,0.8639,119,1035,0.1150,0.2723,0.6737,0.4042,3.8387,2.4400,0.8260
s04_breaker_block,0.4500,ALL,6613,0.8776,-1644.7900,0.7800,-3083.4900,0.8888,260,2376,0.1094,0.2176,0.6948,0.3131,3.4464,2.1500,0.8826
s04_breaker_block,0.4500,TRAIN,2561,0.8537,-650.3300,0.7033,-1411.0900,0.8238,129,942,0.1369,0.2971,0.6372,0.4662,3.2931,1.9400,0.8568
s04_breaker_block,0.4500,TEST,4052,0.8894,-994.4600,0.8194,-1672.4000,0.9213,131,1434,0.0914,0.1673,0.7311,0.2288,3.5573,2.3200,0.8954
s04_breaker_block,0.8000,ALL,6613,0.7346,-3959.3400,0.6535,-5398.0400,0.8896,260,2376,0.1094,0.2176,0.6948,0.3131,3.4464,2.1500,0.7388
s04_breaker_block,0.8000,TRAIN,2561,0.6914,-1546.6800,0.5700,-2307.4400,0.8243,129,942,0.1369,0.2971,0.6372,0.4662,3.2931,1.9400,0.6940
s04_breaker_block,0.8000,TEST,4052,0.7564,-2412.6600,0.6974,-3090.6000,0.9220,131,1434,0.0914,0.1673,0.7311,0.2288,3.5573,2.3200,0.7615
s100_m3_combo,0.4500,ALL,4579,1.0030,36.9450,0.8960,-1328.9600,0.8934,104,1365,0.0762,0.2983,0.7147,0.4174,4.4464,2.8400,1.0031
s100_m3_combo,0.4500,TRAIN,2147,0.8982,-469.2100,0.7839,-1034.0300,0.8728,49,623,0.0787,0.2631,0.6403,0.4109,4.0426,2.3600,0.8958
s100_m3_combo,0.4500,TEST,2432,1.0651,506.1550,0.9631,-294.9300,0.9043,55,742,0.0741,0.3294,0.7805,0.4221,4.9856,3.4650,1.0667
s100_m3_combo,0.8000,ALL,4579,0.8837,-1565.7050,0.7890,-2931.6100,0.8929,104,1365,0.0762,0.2983,0.7147,0.4174,4.4464,2.8400,0.8836
s100_m3_combo,0.8000,TRAIN,2147,0.7613,-1220.6600,0.6639,-1785.4800,0.8720,49,623,0.0787,0.2631,0.6403,0.4109,4.0426,2.3600,0.7591
s100_m3_combo,0.8000,TEST,2432,0.9586,-345.0450,0.8665,-1146.1300,0.9038,55,742,0.0741,0.3294,0.7805,0.4221,4.9856,3.4650,0.9600
s10_90min_fade,0.4500,ALL,9401,0.7480,-3869.5000,0.6299,-6282.6300,0.8421,541,4784,0.1131,0.2567,0.6708,0.3827,3.9157,2.2900,0.7538
s10_90min_fade,0.4500,TRAIN,4687,0.6893,-1869.4300,0.5462,-3115.0300,0.7924,317,2571,0.1233,0.2658,0.6033,0.4405,3.7955,2.0500,0.6903
s10_90min_fade,0.4500,TEST,4714,0.7857,-2000.0700,0.6867,-3167.6000,0.8739,224,2213,0.1012,0.2477,0.7379,0.3356,4.1053,2.6700,0.7949
s10_90min_fade,0.8000,ALL,9401,0.5867,-7159.8500,0.4982,-9572.9800,0.8492,541,4784,0.1131,0.2567,0.6708,0.3827,3.9157,2.2900,0.5909
s10_90min_fade,0.8000,TRAIN,4687,0.4982,-3509.8800,0.3994,-4755.4800,0.8017,317,2571,0.1233,0.2658,0.6033,0.4405,3.7955,2.0500,0.4985
s10_90min_fade,0.8000,TEST,4714,0.6466,-3649.9700,0.5683,-4817.5000,0.8790,224,2213,0.1012,0.2477,0.7379,0.3356,4.1053,2.6700,0.6537
s11_m90_fade_ny,0.4500,ALL,1810,0.8745,-373.0600,0.7534,-820.8400,0.8615,109,1005,0.1085,0.2474,0.6874,0.3599,4.2383,2.5100,0.8841
s11_m90_fade_ny,0.4500,TRAIN,900,0.9107,-92.7000,0.6946,-382.0700,0.7627,71,540,0.1315,0.3215,0.5953,0.5401,4.0000,2.1700,0.9119
s11_m90_fade_ny,0.4500,TEST,910,0.8551,-280.3600,0.7888,-438.7700,0.9224,38,465,0.0817,0.1741,0.7784,0.2236,4.6062,3.0800,0.8691
s11_m90_fade_ny,0.8000,ALL,1810,0.6979,-1006.5600,0.6084,-1454.3400,0.8717,109,1005,0.1085,0.2474,0.6874,0.3599,4.2383,2.5100,0.7051
s11_m90_fade_ny,0.8000,TRAIN,900,0.6632,-407.7000,0.5168,-697.0700,0.7792,71,540,0.1315,0.3215,0.5953,0.5401,4.0000,2.1700,0.6640
s11_m90_fade_ny,0.8000,TEST,910,0.7177,-598.8600,0.6666,-757.2700,0.9288,38,465,0.0817,0.1741,0.7784,0.2236,4.6062,3.0800,0.7288
s12_m90_fade_bias,0.4500,ALL,4089,1.0117,56.1700,0.7995,-1134.1800,0.7902,258,2613,0.0987,0.2911,0.6760,0.4307,3.9512,2.3600,1.0256
s12_m90_fade_bias,0.4500,TRAIN,1998,0.9378,-115.6200,0.7071,-661.4400,0.7540,140,1333,0.1050,0.2732,0.6112,0.4470,3.8125,2.0900,0.9402
s12_m90_fade_bias,0.4500,TEST,2091,1.0585,171.7900,0.8609,-472.7400,0.8133,118,1280,0.0922,0.3082,0.7379,0.4177,4.1695,2.7700,1.0802
s12_m90_fade_bias,0.8000,ALL,4089,0.7515,-1374.9800,0.6027,-2565.3300,0.8019,258,2613,0.0987,0.2911,0.6760,0.4307,3.9512,2.3600,0.7611
s12_m90_fade_bias,0.8000,TRAIN,1998,0.6342,-814.9200,0.4887,-1360.7400,0.7705,140,1333,0.1050,0.2732,0.6112,0.4470,3.8125,2.0900,0.6356
s12_m90_fade_bias,0.8000,TEST,2091,0.8306,-560.0600,0.6826,-1204.5900,0.8219,118,1280,0.0922,0.3082,0.7379,0.4177,4.1695,2.7700,0.8467
s14_ob_mit_bias,0.4500,ALL,3970,1.5905,3383.0800,1.3513,2179.4900,0.8496,177,2031,0.0871,0.3032,0.6045,0.5015,4.0000,2.2400,1.5935
s14_ob_mit_bias,0.4500,TRAIN,2549,1.5405,1920.8300,1.2945,1138.2300,0.8403,115,1289,0.0892,0.3070,0.5653,0.5431,4.0156,2.1000,1.5405
s14_ob_mit_bias,0.4500,TEST,1421,1.6722,1462.2500,1.4451,1041.2600,0.8642,62,742,0.0836,0.2963,0.6747,0.4391,3.9600,2.5300,1.6804
s14_ob_mit_bias,0.8000,ALL,3970,1.3111,1993.5800,1.1138,789.9900,0.8495,177,2031,0.0871,0.3032,0.6045,0.5015,4.0000,2.2400,1.3136
s14_ob_mit_bias,0.8000,TRAIN,2549,1.2575,1028.6800,1.0566,246.0800,0.8403,115,1289,0.0892,0.3070,0.5653,0.5431,4.0156,2.1000,1.2575
s14_ob_mit_bias,0.8000,TEST,1421,1.3999,964.9000,1.2095,543.9100,0.8640,62,742,0.0836,0.2963,0.6747,0.4391,3.9600,2.5300,1.4068
s93_fvg_scalp,0.4500,ALL,493,1.2555,361.7250,1.1337,199.0300,0.9029,18,230,0.0783,0.3300,0.6669,0.4949,6.7067,4.2050,1.2569
s93_fvg_scalp,0.4500,TRAIN,293,1.1532,97.7700,0.9749,-17.3700,0.8454,13,137,0.0949,0.3930,0.5970,0.6582,5.7553,3.2450,1.1550
s93_fvg_scalp,0.4500,TEST,200,1.3395,263.9550,1.2715,216.4000,0.9492,5,93,0.0538,0.2378,0.7692,0.3091,8.6289,5.9700,1.3408
s93_fvg_scalp,0.8000,ALL,493,1.1257,189.1750,1.0167,26.4800,0.9032,18,230,0.0783,0.3300,0.6669,0.4949,6.7067,4.2050,1.1269
s93_fvg_scalp,0.8000,TRAIN,293,0.9931,-4.7800,0.8401,-119.9200,0.8459,13,137,0.0949,0.3930,0.5970,0.6582,5.7553,3.2450,0.9950
s93_fvg_scalp,0.8000,TEST,200,1.2383,193.9550,1.1753,146.4000,0.9491,5,93,0.0538,0.2378,0.7692,0.3091,8.6289,5.9700,1.2394
s94_sweep_reversal,0.4500,ALL,1304,0.8522,-767.0230,0.8309,-879.3930,0.9749,15,302,0.0497,0.0862,0.7348,0.1173,5.2054,3.2925,0.8500
s94_sweep_reversal,0.4500,TRAIN,607,0.8267,-317.2980,0.7827,-400.1680,0.9468,7,145,0.0483,0.1365,0.6410,0.2130,4.7941,2.6800,0.8197
s94_sweep_reversal,0.4500,TEST,697,0.8662,-449.7250,0.8573,-479.2250,0.9898,8,157,0.0510,0.0423,0.8165,0.0518,5.8226,4.0550,0.8666
s94_sweep_reversal,0.8000,ALL,1304,0.7791,-1223.4230,0.7594,-1335.7930,0.9746,15,302,0.0497,0.0862,0.7348,0.1173,5.2054,3.2925,0.7769
s94_sweep_reversal,0.8000,TRAIN,607,0.7340,-529.7480,0.6944,-612.6180,0.9460,7,145,0.0483,0.1365,0.6410,0.2130,4.7941,2.6800,0.7275
s94_sweep_reversal,0.8000,TEST,697,0.8045,-693.6750,0.7961,-723.1750,0.9896,8,157,0.0510,0.0423,0.8165,0.0518,5.8226,4.0550,0.8047
s95_session_breakout,0.4500,ALL,999,1.3969,1695.9260,1.3159,1397.2160,0.9420,6,634,0.0095,0.2990,0.6485,0.4611,32.9559,19.8800,1.3948
s95_session_breakout,0.4500,TRAIN,615,1.4094,747.6060,1.2876,555.0260,0.9136,4,393,0.0102,0.3131,0.5755,0.5441,27.9167,14.8700,1.4081
s95_session_breakout,0.4500,TEST,384,1.3876,948.3200,1.3379,842.1900,0.9642,2,241,0.0083,0.2764,0.7655,0.3610,46.4784,32.3450,1.3849
s95_session_breakout,0.8000,ALL,999,1.3074,1346.2760,1.2310,1047.5660,0.9415,6,634,0.0095,0.2990,0.6485,0.4611,32.9559,19.8800,1.3053
s95_session_breakout,0.8000,TRAIN,615,1.2815,532.3560,1.1699,339.7760,0.9130,4,393,0.0102,0.3131,0.5755,0.5441,27.9167,14.8700,1.2801
s95_session_breakout,0.8000,TEST,384,1.3272,813.9200,1.2791,707.7900,0.9638,2,241,0.0083,0.2764,0.7655,0.3610,46.4784,32.3450,1.3245
s96_h1_momentum,0.4500,ALL,775,1.3154,2432.0100,1.2565,2048.7000,0.9552,5,596,0.0084,0.4946,0.7068,0.6998,54.8302,36.6850,1.3154
s96_h1_momentum,0.4500,TRAIN,500,1.2570,905.5250,1.2197,792.2650,0.9703,3,381,0.0079,0.2265,0.6083,0.3724,47.9154,25.4075,1.2570
s96_h1_momentum,0.4500,TEST,275,1.3646,1526.4850,1.2868,1256.4350,0.9430,2,215,0.0093,0.9820,0.8857,1.1087,78.5833,57.8400,1.3646
s96_h1_momentum,0.8000,ALL,775,1.2780,2160.7600,1.2208,1777.4500,0.9552,5,596,0.0084,0.4946,0.7068,0.6998,54.8302,36.6850,1.2780
s96_h1_momentum,0.8000,TRAIN,500,1.2049,730.5250,1.1692,617.2650,0.9704,3,381,0.0079,0.2265,0.6083,0.3724,47.9154,25.4075,1.2049
s96_h1_momentum,0.8000,TEST,275,1.3399,1430.2350,1.2635,1160.1850,0.9430,2,215,0.0093,0.9820,0.8857,1.1087,78.5833,57.8400,1.3399
s97_snap_scalper_m5,0.4500,ALL,730,2.4914,805.8850,1.5523,429.7650,0.6231,50,596,0.0839,0.5152,0.6418,0.8028,6.2003,3.6550,2.3741
s97_snap_scalper_m5,0.4500,TRAIN,498,2.3936,351.1750,1.2810,113.7200,0.5352,37,404,0.0916,0.4768,0.5834,0.8173,5.1509,2.7700,2.3041
s97_snap_scalper_m5,0.4500,TEST,232,2.5769,454.7100,1.8463,316.0450,0.7165,13,192,0.0677,0.5977,0.7672,0.7791,9.3076,6.4850,2.4338
s97_snap_scalper_m5,0.8000,ALL,730,1.9421,550.3850,1.2055,174.2650,0.6207,50,596,0.0839,0.5152,0.6418,0.8028,6.2003,3.6550,1.8481
s97_snap_scalper_m5,0.8000,TRAIN,498,1.6255,176.8750,0.8675,-60.5800,0.5337,37,404,0.0916,0.4768,0.5834,0.8173,5.1509,2.7700,1.5591
s97_snap_scalper_m5,0.8000,TEST,232,2.2391,373.5100,1.6007,234.8450,0.7149,13,192,0.0677,0.5977,0.7672,0.7791,9.3076,6.4850,2.1138
s98_zscore_mr_m15,0.4500,ALL,39,0.3377,-259.5750,0.3216,-265.9150,0.9521,1,10,0.1000,0.1626,0.6444,0.2523,12.6974,7.7200,0.3411
s98_zscore_mr_m15,0.4500,TRAIN,23,0.7453,-25.6150,0.6623,-34.9850,0.8886,1,6,0.1667,0.4074,0.5491,0.7419,10.9655,5.7850,0.7507
s98_zscore_mr_m15,0.4500,TEST,16,0.1971,-233.9600,0.1992,-230.9300,1.0105,0,4,0.0000,-0.1894,0.7812,-0.2424,15.0743,10.7275,0.1992
s98_zscore_mr_m15,0.8000,ALL,39,0.3205,-273.2250,0.3053,-279.5650,0.9525,1,10,0.1000,0.1626,0.6444,0.2523,12.6974,7.7200,0.3235
s98_zscore_mr_m15,0.8000,TRAIN,23,0.6838,-33.6650,0.6082,-43.0350,0.8894,1,6,0.1667,0.4074,0.5491,0.7419,10.9655,5.7850,0.6885
s98_zscore_mr_m15,0.8000,TEST,16,0.1896,-239.5600,0.1916,-236.5300,1.0104,0,4,0.0000,-0.1894,0.7812,-0.2424,15.0743,10.7275,0.1916
s99_mss_fvg,0.4500,ALL,1871,0.9291,-378.8920,0.8219,-1001.2020,0.8846,79,782,0.1010,0.3326,0.6843,0.4860,5.1368,3.1150,0.9339
s99_mss_fvg,0.4500,TRAIN,910,0.9368,-123.2170,0.8172,-377.1520,0.8724,41,372,0.1102,0.2790,0.6154,0.4534,4.6000,2.5350,0.9424
s99_mss_fvg,0.4500,TEST,961,0.9246,-255.6750,0.8245,-624.0500,0.8918,38,410,0.0927,0.3833,0.7496,0.5114,6.0393,4.0500,0.9291
s99_mss_fvg,0.8000,ALL,1871,0.8193,-1033.7420,0.7251,-1656.0520,0.8851,79,782,0.1010,0.3326,0.6843,0.4860,5.1368,3.1150,0.8236
s99_mss_fvg,0.8000,TRAIN,910,0.7934,-441.7170,0.6928,-695.6520,0.8732,41,372,0.1102,0.2790,0.6154,0.4534,4.6000,2.5350,0.7981
s99_mss_fvg,0.8000,TEST,961,0.8348,-592.0250,0.7446,-960.4000,0.8920,38,410,0.0927,0.3833,0.7496,0.5114,6.0393,4.0500,0.8389
