entry_time,direction,entry_price,stop_loss,take_profit,exit_price,exit_time,outcome,pnl_dollars,is_equal,session_date
2026-04-13 07:34:00+00:00,SELL,4731.66,4732.66,4730.16,4730.16,2026-04-13 07:35:00,TP,1.5,False,2026-04-13
2026-04-13 07:35:00+00:00,SELL,4731.3,4732.3,4729.8,4729.8,2026-04-13 07:36:00,TP,1.5,False,2026-04-13
2026-04-13 07:56:00+00:00,SELL,4731.68,4732.68,4730.18,4732.68,2026-04-13 07:57:00,SL,-1.0,False,2026-04-13
2026-04-13 08:15:00+00:00,SELL,4732.24,4733.24,4730.51,4730.51,2026-04-13 08:18:00,TP,1.73,False,2026-04-13
2026-04-13 08:22:00+00:00,BUY,4732.66,4731.66,4734.16,4734.16,2026-04-13 08:24:00,TP,1.5,False,2026-04-13
2026-04-13 08:23:00+00:00,BUY,4732.6,4731.6,4734.1,4734.1,2026-04-13 08:24:00,TP,1.5,False,2026-04-13
2026-04-13 08:25:00+00:00,SELL,4733.04,4734.04,4730.51,4734.04,2026-04-13 08:31:00,SL,-1.0,False,2026-04-13
2026-04-13 08:26:00+00:00,BUY,4733.06,4732.06,4736.05,4732.06,2026-04-13 08:30:00,SL,-1.0,False,2026-04-13
2026-04-13 08:27:00+00:00,BUY,4732.66,4731.66,4734.48,4731.66,2026-04-13 08:30:00,SL,-1.0,False,2026-04-13
2026-04-13 08:28:00+00:00,SELL,4732.65,4733.65,4730.51,4733.65,2026-04-13 08:31:00,SL,-1.0,False,2026-04-13
2026-04-13 08:34:00+00:00,BUY,4732.84,4731.84,4734.48,4734.48,2026-04-13 08:35:00,TP,1.64,True,2026-04-13
2026-04-13 08:39:00+00:00,BUY,4729.91,4728.91,4731.41,4728.91,2026-04-13 08:40:00,SL,-1.0,False,2026-04-13
2026-04-13 09:00:00+00:00,SELL,4724.15,4725.15,4722.65,4725.15,2026-04-13 09:01:00,SL,-1.0,False,2026-04-13
2026-04-13 09:04:00+00:00,SELL,4727.21,4728.21,4725.71,4725.71,2026-04-13 09:06:00,TP,1.5,True,2026-04-13
2026-04-13 09:20:00+00:00,SELL,4719.16,4720.16,4716.72,4720.16,2026-04-13 09:23:00,SL,-1.0,False,2026-04-13
2026-04-13 09:52:00+00:00,SELL,4715.98,4716.98,4714.48,4714.48,2026-04-13 09:54:00,TP,1.5,True,2026-04-13
2026-04-13 09:53:00+00:00,SELL,4716.02,4717.02,4714.52,4714.52,2026-04-13 09:54:00,TP,1.5,True,2026-04-13
2026-04-13 09:54:00+00:00,SELL,4715.51,4716.51,4712.64,4716.51,2026-04-13 09:55:00,SL,-1.0,True,2026-04-13
2026-04-13 10:05:00+00:00,BUY,4714.91,4713.91,4716.27,4716.27,2026-04-13 10:09:00,TP,1.36,True,2026-04-13
2026-04-13 10:06:00+00:00,BUY,4714.89,4713.89,4716.27,4716.27,2026-04-13 10:09:00,TP,1.38,True,2026-04-13
2026-04-13 10:07:00+00:00,BUY,4714.98,4713.98,4716.27,4716.27,2026-04-13 10:09:00,TP,1.29,True,2026-04-13
2026-04-13 10:14:00+00:00,SELL,4718.05,4719.05,4716.55,4716.55,2026-04-13 10:15:00,TP,1.5,False,2026-04-13
2026-04-13 10:32:00+00:00,BUY,4712.88,4711.88,4714.74,4714.74,2026-04-13 10:34:00,TP,1.86,False,2026-04-13
2026-04-13 10:42:00+00:00,BUY,4715.59,4714.59,4717.3,4717.3,2026-04-13 10:44:00,TP,1.71,True,2026-04-13
2026-04-13 10:56:00+00:00,BUY,4720.72,4719.72,4722.22,4722.22,2026-04-13 10:59:00,TP,1.5,False,2026-04-13
2026-04-13 10:57:00+00:00,BUY,4721.06,4720.06,4722.56,4722.56,2026-04-13 11:00:00,TP,1.5,False,2026-04-13
2026-04-13 11:16:00+00:00,BUY,4721.23,4720.23,4724.19,4720.23,2026-04-13 11:19:00,SL,-1.0,False,2026-04-13
2026-04-13 11:21:00+00:00,SELL,4721.72,4722.72,4720.35,4722.72,2026-04-13 11:23:00,SL,-1.0,False,2026-04-13
2026-04-13 11:22:00+00:00,SELL,4722.1,4723.1,4720.35,4723.1,2026-04-13 11:23:00,SL,-1.0,False,2026-04-13
2026-04-13 11:25:00+00:00,BUY,4720.44,4719.44,4722.31,4719.44,2026-04-13 11:26:00,SL,-1.0,True,2026-04-13
2026-04-13 11:27:00+00:00,BUY,4719.36,4718.36,4722.31,4722.31,2026-04-13 11:30:00,TP,2.95,False,2026-04-13
2026-04-13 11:28:00+00:00,BUY,4720.01,4719.01,4722.31,4722.31,2026-04-13 11:30:00,TP,2.3,False,2026-04-13
2026-04-13 11:32:00+00:00,BUY,4720.44,4719.44,4722.31,4719.44,2026-04-13 11:35:00,SL,-1.0,True,2026-04-13
2026-04-13 11:34:00+00:00,BUY,4720.15,4719.15,4722.31,4719.15,2026-04-13 11:35:00,SL,-1.0,True,2026-04-13
2026-04-13 11:53:00+00:00,SELL,4709.93,4710.93,4708.43,4708.43,2026-04-13 11:54:00,TP,1.5,False,2026-04-13
2026-04-13 12:28:00+00:00,SELL,4710.56,4711.56,4709.06,4709.06,2026-04-13 12:29:00,TP,1.5,True,2026-04-13
2026-04-13 12:31:00+00:00,SELL,4712.44,4713.44,4710.94,4713.44,2026-04-13 12:32:00,SL,-1.0,False,2026-04-13
2026-04-13 12:39:00+00:00,SELL,4711.56,4712.56,4710.06,4712.56,2026-04-13 12:40:00,SL,-1.0,False,2026-04-13
2026-04-13 12:40:00+00:00,SELL,4711.72,4712.72,4710.22,4712.72,2026-04-13 12:42:00,SL,-1.0,False,2026-04-13
2026-04-13 12:41:00+00:00,SELL,4711.6,4712.6,4708.98,4712.6,2026-04-13 12:42:00,SL,-1.0,False,2026-04-13
2026-04-13 13:45:00+00:00,BUY,4727.64,4726.64,4729.14,4726.64,2026-04-13 13:47:00,SL,-1.0,False,2026-04-13
2026-04-13 13:50:00+00:00,SELL,4736.85,4737.85,4735.35,4735.35,2026-04-13 13:51:00,TP,1.5,True,2026-04-13
2026-04-13 13:53:00+00:00,BUY,4725.3,4724.3,4726.8,4726.8,2026-04-13 13:54:00,TP,1.5,False,2026-04-13
2026-04-13 14:00:00+00:00,SELL,4730.57,4731.57,4729.07,4729.07,2026-04-13 14:01:00,TP,1.5,False,2026-04-13
2026-04-13 14:06:00+00:00,BUY,4724.43,4723.43,4725.93,4725.93,2026-04-13 14:07:00,TP,1.5,True,2026-04-13
2026-04-13 14:07:00+00:00,BUY,4724.72,4723.72,4726.22,4723.72,2026-04-13 14:08:00,SL,-1.0,False,2026-04-13
2026-04-13 14:45:00+00:00,SELL,4721.4,4722.4,4719.9,4722.4,2026-04-13 14:46:00,SL,-1.0,True,2026-04-13
2026-04-13 15:15:00+00:00,SELL,4708.48,4709.48,4706.98,4706.98,2026-04-13 15:16:00,TP,1.5,False,2026-04-13
2026-04-13 15:18:00+00:00,SELL,4709.98,4710.98,4708.48,4710.98,2026-04-13 15:19:00,SL,-1.0,True,2026-04-13
2026-04-13 15:32:00+00:00,SELL,4705.73,4706.73,4703.19,4706.73,2026-04-13 15:33:00,SL,-1.0,False,2026-04-13
2026-04-14 07:31:00+00:00,SELL,4773.66,4774.66,4772.16,4774.66,2026-04-14 07:33:00,SL,-1.0,False,2026-04-14
2026-04-14 07:33:00+00:00,SELL,4774.36,4775.36,4772.86,4772.86,2026-04-14 07:34:00,TP,1.5,True,2026-04-14
2026-04-14 07:43:00+00:00,SELL,4775.74,4776.74,4774.24,4776.74,2026-04-14 07:44:00,SL,-1.0,False,2026-04-14
2026-04-14 07:46:00+00:00,SELL,4779.7,4780.7,4778.2,4778.2,2026-04-14 07:48:00,TP,1.5,False,2026-04-14
2026-04-14 07:47:00+00:00,SELL,4779.47,4780.47,4777.97,4777.97,2026-04-14 07:48:00,TP,1.5,False,2026-04-14
2026-04-14 08:03:00+00:00,SELL,4775.18,4776.18,4773.95,4776.18,2026-04-14 08:04:00,SL,-1.0,False,2026-04-14
2026-04-14 08:11:00+00:00,SELL,4779.84,4780.84,4778.34,4780.84,2026-04-14 08:12:00,SL,-1.0,True,2026-04-14
2026-04-14 08:12:00+00:00,SELL,4780.39,4781.39,4778.89,4778.89,2026-04-14 08:13:00,TP,1.5,False,2026-04-14
2026-04-14 08:16:00+00:00,SELL,4779.31,4780.31,4778.01,4778.01,2026-04-14 08:17:00,TP,1.3,True,2026-04-14
2026-04-14 08:20:00+00:00,SELL,4779.93,4780.93,4778.01,4778.01,2026-04-14 08:21:00,TP,1.92,True,2026-04-14
2026-04-14 09:07:00+00:00,BUY,4782.24,4781.24,4784.44,4784.44,2026-04-14 09:09:00,TP,2.2,True,2026-04-14
2026-04-14 09:12:00+00:00,SELL,4785.02,4786.02,4782.81,4786.02,2026-04-14 09:15:00,SL,-1.0,False,2026-04-14
2026-04-14 09:19:00+00:00,SELL,4785.28,4786.28,4783.86,4786.28,2026-04-14 09:20:00,SL,-1.0,False,2026-04-14
2026-04-14 09:20:00+00:00,SELL,4786.22,4787.22,4784.45,4787.22,2026-04-14 09:21:00,SL,-1.0,False,2026-04-14
2026-04-14 09:27:00+00:00,SELL,4785.1,4786.1,4783.86,4783.86,2026-04-14 09:28:00,TP,1.24,False,2026-04-14
2026-04-14 09:53:00+00:00,SELL,4777.11,4778.11,4775.9,4778.11,2026-04-14 09:54:00,SL,-1.0,False,2026-04-14
2026-04-14 09:54:00+00:00,SELL,4777.47,4778.47,4775.9,4778.47,2026-04-14 09:55:00,SL,-1.0,False,2026-04-14
2026-04-14 10:03:00+00:00,SELL,4779.27,4780.27,4777.65,4780.27,2026-04-14 10:04:00,SL,-1.0,False,2026-04-14
2026-04-14 10:06:00+00:00,SELL,4781.31,4782.31,4778.59,4782.31,2026-04-14 10:07:00,SL,-1.0,True,2026-04-14
2026-04-14 10:07:00+00:00,SELL,4782.19,4783.19,4780.69,4783.19,2026-04-14 10:08:00,SL,-1.0,True,2026-04-14
2026-04-14 10:29:00+00:00,SELL,4783.97,4784.97,4782.47,4782.47,2026-04-14 10:33:00,TP,1.5,False,2026-04-14
2026-04-14 11:19:00+00:00,SELL,4777.02,4778.02,4775.11,4778.02,2026-04-14 11:20:00,SL,-1.0,False,2026-04-14
2026-04-14 11:44:00+00:00,SELL,4778.2,4779.2,4776.62,4776.62,2026-04-14 11:48:00,TP,1.58,False,2026-04-14
2026-04-14 11:51:00+00:00,BUY,4773.58,4772.58,4775.08,4772.58,2026-04-14 11:52:00,SL,-1.0,False,2026-04-14
2026-04-14 11:54:00+00:00,BUY,4773.63,4772.63,4775.13,4772.63,2026-04-14 11:55:00,SL,-1.0,False,2026-04-14
2026-04-14 12:08:00+00:00,BUY,4777.42,4776.42,4779.97,4776.42,2026-04-14 12:09:00,SL,-1.0,False,2026-04-14
2026-04-14 12:19:00+00:00,BUY,4770.92,4769.92,4772.83,4769.92,2026-04-14 12:20:00,SL,-1.0,True,2026-04-14
2026-04-14 12:30:00+00:00,SELL,4769.94,4770.94,4768.44,4770.94,2026-04-14 12:31:00,SL,-1.0,False,2026-04-14
2026-04-14 12:38:00+00:00,SELL,4772.43,4773.43,4770.93,4773.43,2026-04-14 12:39:00,SL,-1.0,False,2026-04-14
2026-04-14 12:47:00+00:00,BUY,4768.79,4767.79,4770.29,4770.29,2026-04-14 12:48:00,TP,1.5,True,2026-04-14
2026-04-14 14:42:00+00:00,SELL,4802.41,4803.41,4800.91,4800.91,2026-04-14 14:43:00,TP,1.5,False,2026-04-14
2026-04-14 14:45:00+00:00,SELL,4797.75,4798.75,4796.25,4798.75,2026-04-14 14:46:00,SL,-1.0,False,2026-04-14
2026-04-14 14:51:00+00:00,BUY,4799.55,4798.55,4801.27,4798.55,2026-04-14 14:52:00,SL,-1.0,False,2026-04-14
2026-04-14 15:03:00+00:00,SELL,4800.34,4801.34,4798.7,4798.7,2026-04-14 15:04:00,TP,1.64,False,2026-04-14
2026-04-14 15:18:00+00:00,SELL,4797.51,4798.51,4795.38,4798.51,2026-04-14 15:19:00,SL,-1.0,True,2026-04-14
2026-04-14 15:48:00+00:00,BUY,4808.74,4807.74,4810.41,4807.74,2026-04-14 15:49:00,SL,-1.0,False,2026-04-14
2026-04-14 15:49:00+00:00,BUY,4808.8,4807.8,4810.41,4810.41,2026-04-14 15:50:00,TP,1.61,False,2026-04-14
2026-04-14 15:56:00+00:00,BUY,4809.4,4808.4,4811.55,4808.4,2026-04-14 15:58:00,SL,-1.0,False,2026-04-14
2026-04-15 07:12:00+00:00,BUY,4812.94,4811.94,4814.44,4814.44,2026-04-15 07:13:00,TP,1.5,False,2026-04-15
2026-04-15 07:14:00+00:00,SELL,4815.71,4816.71,4813.54,4813.54,2026-04-15 07:15:00,TP,2.17,False,2026-04-15
2026-04-15 07:17:00+00:00,SELL,4811.58,4812.58,4810.08,4810.08,2026-04-15 07:18:00,TP,1.5,False,2026-04-15
2026-04-15 07:24:00+00:00,SELL,4810.09,4811.09,4808.45,4808.45,2026-04-15 07:26:00,TP,1.64,False,2026-04-15
2026-04-15 07:26:00+00:00,BUY,4809.41,4808.41,4812.3,4808.41,2026-04-15 07:27:00,SL,-1.0,False,2026-04-15
2026-04-15 07:32:00+00:00,SELL,4812.12,4813.12,4809.94,4813.12,2026-04-15 07:35:00,SL,-1.0,False,2026-04-15
2026-04-15 07:34:00+00:00,SELL,4811.7,4812.7,4809.94,4812.7,2026-04-15 07:35:00,SL,-1.0,False,2026-04-15
2026-04-15 07:36:00+00:00,SELL,4814.37,4815.37,4812.87,4812.87,2026-04-15 07:38:00,TP,1.5,True,2026-04-15
2026-04-15 07:40:00+00:00,SELL,4813.3,4814.3,4811.04,4811.04,2026-04-15 07:42:00,TP,2.26,True,2026-04-15
2026-04-15 07:56:00+00:00,BUY,4809.74,4808.74,4811.24,4811.24,2026-04-15 07:57:00,TP,1.5,False,2026-04-15
2026-04-15 08:11:00+00:00,BUY,4806.6,4805.6,4808.1,4808.1,2026-04-15 08:12:00,TP,1.5,True,2026-04-15
2026-04-15 08:16:00+00:00,SELL,4811.64,4812.64,4809.23,4812.64,2026-04-15 08:18:00,SL,-1.0,True,2026-04-15
2026-04-15 08:21:00+00:00,BUY,4810.86,4809.86,4812.71,4809.86,2026-04-15 08:22:00,SL,-1.0,False,2026-04-15
2026-04-15 08:32:00+00:00,BUY,4807.24,4806.24,4808.74,4808.74,2026-04-15 08:33:00,TP,1.5,False,2026-04-15
2026-04-15 08:34:00+00:00,BUY,4809.56,4808.56,4812.02,4808.56,2026-04-15 08:35:00,SL,-1.0,False,2026-04-15
2026-04-15 08:43:00+00:00,SELL,4812.38,4813.38,4810.88,4810.88,2026-04-15 08:44:00,TP,1.5,False,2026-04-15
2026-04-15 08:45:00+00:00,SELL,4810.56,4811.56,4808.15,4811.56,2026-04-15 08:47:00,SL,-1.0,True,2026-04-15
2026-04-15 08:50:00+00:00,SELL,4811.45,4812.45,4810.02,4812.45,2026-04-15 08:52:00,SL,-1.0,True,2026-04-15
2026-04-15 10:00:00+00:00,SELL,4798.23,4799.23,4796.97,4796.97,2026-04-15 10:01:00,TP,1.26,False,2026-04-15
2026-04-15 10:10:00+00:00,SELL,4802.23,4803.23,4800.73,4803.23,2026-04-15 10:12:00,SL,-1.0,False,2026-04-15
2026-04-15 10:14:00+00:00,SELL,4801.36,4802.36,4799.86,4799.86,2026-04-15 10:15:00,TP,1.5,False,2026-04-15
2026-04-15 10:16:00+00:00,SELL,4797.02,4798.02,4795.49,4798.02,2026-04-15 10:17:00,SL,-1.0,False,2026-04-15
2026-04-15 10:17:00+00:00,SELL,4796.01,4797.01,4794.55,4794.55,2026-04-15 10:18:00,TP,1.46,False,2026-04-15
2026-04-15 10:33:00+00:00,SELL,4793.75,4794.75,4792.02,4794.75,2026-04-15 10:34:00,SL,-1.0,False,2026-04-15
2026-04-15 10:37:00+00:00,BUY,4793.95,4792.95,4795.44,4795.44,2026-04-15 10:39:00,TP,1.49,False,2026-04-15
2026-04-15 11:04:00+00:00,SELL,4798.19,4799.19,4795.57,4799.19,2026-04-15 11:05:00,SL,-1.0,False,2026-04-15
2026-04-15 11:31:00+00:00,SELL,4807.15,4808.15,4805.06,4805.06,2026-04-15 11:32:00,TP,2.09,False,2026-04-15
2026-04-15 12:40:00+00:00,SELL,4813.9,4814.9,4812.4,4812.4,2026-04-15 12:41:00,TP,1.5,False,2026-04-15
2026-04-15 12:43:00+00:00,BUY,4810.98,4809.98,4812.48,4812.48,2026-04-15 12:45:00,TP,1.5,True,2026-04-15
2026-04-15 12:50:00+00:00,BUY,4810.26,4809.26,4812.51,4812.51,2026-04-15 12:52:00,TP,2.25,True,2026-04-15
2026-04-15 12:59:00+00:00,SELL,4811.76,4812.76,4810.23,4812.76,2026-04-15 13:00:00,SL,-1.0,False,2026-04-15
2026-04-15 13:00:00+00:00,SELL,4812.12,4813.12,4810.81,4813.12,2026-04-15 13:01:00,SL,-1.0,True,2026-04-15
2026-04-15 13:01:00+00:00,SELL,4811.89,4812.89,4810.62,4810.62,2026-04-15 13:02:00,TP,1.27,False,2026-04-15
2026-04-15 13:04:00+00:00,SELL,4811.85,4812.85,4810.23,4810.23,2026-04-15 13:05:00,TP,1.62,False,2026-04-15
2026-04-15 13:05:00+00:00,BUY,4811.39,4810.39,4812.89,4812.89,2026-04-15 13:06:00,TP,1.5,False,2026-04-15
2026-04-15 14:20:00+00:00,BUY,4825.04,4824.04,4827.6,4824.04,2026-04-15 14:21:00,SL,-1.0,True,2026-04-15
2026-04-15 14:21:00+00:00,BUY,4826.07,4825.07,4827.6,4825.07,2026-04-15 14:22:00,SL,-1.0,True,2026-04-15
2026-04-15 15:44:00+00:00,SELL,4803.64,4804.64,4801.8,4804.64,2026-04-15 15:45:00,SL,-1.0,False,2026-04-15
2026-04-16 07:12:00+00:00,BUY,4826.52,4825.52,4828.08,4825.52,2026-04-16 07:13:00,SL,-1.0,False,2026-04-16
2026-04-16 07:13:00+00:00,BUY,4826.09,4825.09,4828.08,4825.09,2026-04-16 07:14:00,SL,-1.0,False,2026-04-16
2026-04-16 07:17:00+00:00,SELL,4826.12,4827.12,4823.31,4823.31,2026-04-16 07:18:00,TP,2.81,False,2026-04-16
2026-04-16 07:20:00+00:00,BUY,4819.81,4818.81,4821.31,4821.31,2026-04-16 07:22:00,TP,1.5,False,2026-04-16
2026-04-16 07:30:00+00:00,SELL,4828.02,4829.02,4826.34,4826.34,2026-04-16 07:32:00,TP,1.68,False,2026-04-16
2026-04-16 07:33:00+00:00,BUY,4825.47,4824.47,4826.97,4826.97,2026-04-16 07:34:00,TP,1.5,False,2026-04-16
2026-04-16 07:41:00+00:00,SELL,4829.74,4830.74,4828.24,4828.24,2026-04-16 07:43:00,TP,1.5,False,2026-04-16
2026-04-16 07:44:00+00:00,BUY,4827.38,4826.38,4828.64,4826.38,2026-04-16 07:46:00,SL,-1.0,True,2026-04-16
2026-04-16 07:50:00+00:00,BUY,4823.91,4822.91,4825.41,4825.41,2026-04-16 07:52:00,TP,1.5,False,2026-04-16
2026-04-16 07:51:00+00:00,BUY,4824.44,4823.44,4825.94,4825.94,2026-04-16 07:52:00,TP,1.5,False,2026-04-16
2026-04-16 07:52:00+00:00,BUY,4825.19,4824.19,4826.69,4824.19,2026-04-16 07:53:00,SL,-1.0,False,2026-04-16
2026-04-16 08:47:00+00:00,SELL,4812.93,4813.93,4811.03,4811.03,2026-04-16 08:49:00,TP,1.9,False,2026-04-16
2026-04-16 08:50:00+00:00,SELL,4811.08,4812.08,4809.69,4809.69,2026-04-16 08:51:00,TP,1.39,False,2026-04-16
2026-04-16 08:55:00+00:00,BUY,4811.68,4810.68,4812.93,4810.68,2026-04-16 08:56:00,SL,-1.0,False,2026-04-16
2026-04-16 08:56:00+00:00,BUY,4811.41,4810.41,4812.93,4812.93,2026-04-16 08:58:00,TP,1.52,False,2026-04-16
2026-04-16 08:58:00+00:00,SELL,4813.02,4814.02,4810.89,4814.02,2026-04-16 09:02:00,SL,-1.0,True,2026-04-16
2026-04-16 09:00:00+00:00,SELL,4813.44,4814.44,4810.89,4814.44,2026-04-16 09:03:00,SL,-1.0,True,2026-04-16
2026-04-16 09:11:00+00:00,SELL,4816.31,4817.31,4814.81,4814.81,2026-04-16 09:15:00,TP,1.5,False,2026-04-16
2026-04-16 09:17:00+00:00,SELL,4814.14,4815.14,4811.75,4815.14,2026-04-16 09:18:00,SL,-1.0,False,2026-04-16
2026-04-16 09:18:00+00:00,SELL,4814.77,4815.77,4813.27,4815.77,2026-04-16 09:19:00,SL,-1.0,False,2026-04-16
2026-04-16 09:22:00+00:00,SELL,4816.73,4817.73,4815.37,4815.37,2026-04-16 09:25:00,TP,1.36,True,2026-04-16
2026-04-16 09:25:00+00:00,BUY,4815.45,4814.45,4816.96,4814.45,2026-04-16 09:28:00,SL,-1.0,True,2026-04-16
2026-04-16 09:26:00+00:00,BUY,4815.59,4814.59,4816.96,4814.59,2026-04-16 09:28:00,SL,-1.0,True,2026-04-16
2026-04-16 09:29:00+00:00,BUY,4813.37,4812.37,4814.87,4812.37,2026-04-16 09:30:00,SL,-1.0,False,2026-04-16
2026-04-16 09:41:00+00:00,SELL,4812.76,4813.76,4811.26,4811.26,2026-04-16 09:43:00,TP,1.5,False,2026-04-16
2026-04-16 09:53:00+00:00,SELL,4812.35,4813.35,4810.62,4813.35,2026-04-16 09:55:00,SL,-1.0,False,2026-04-16
2026-04-16 10:03:00+00:00,SELL,4812.52,4813.52,4810.62,4813.52,2026-04-16 10:05:00,SL,-1.0,False,2026-04-16
2026-04-16 10:04:00+00:00,SELL,4812.66,4813.66,4810.62,4813.66,2026-04-16 10:05:00,SL,-1.0,False,2026-04-16
2026-04-16 10:26:00+00:00,SELL,4809.22,4810.22,4807.72,4807.72,2026-04-16 10:27:00,TP,1.5,False,2026-04-16
2026-04-16 10:39:00+00:00,BUY,4810.01,4809.01,4811.51,4811.51,2026-04-16 10:41:00,TP,1.5,False,2026-04-16
2026-04-16 10:50:00+00:00,SELL,4809.66,4810.66,4808.39,4810.66,2026-04-16 10:53:00,SL,-1.0,False,2026-04-16
2026-04-16 10:53:00+00:00,SELL,4810.14,4811.14,4808.39,4811.14,2026-04-16 10:54:00,SL,-1.0,True,2026-04-16
2026-04-16 11:22:00+00:00,BUY,4817.22,4816.22,4818.64,4818.64,2026-04-16 11:23:00,TP,1.42,True,2026-04-16
2026-04-16 11:55:00+00:00,BUY,4819.35,4818.35,4820.85,4820.85,2026-04-16 11:56:00,TP,1.5,True,2026-04-16
2026-04-16 12:05:00+00:00,SELL,4819.74,4820.74,4817.19,4820.74,2026-04-16 12:06:00,SL,-1.0,True,2026-04-16
2026-04-16 12:07:00+00:00,SELL,4818.6,4819.6,4817.19,4817.19,2026-04-16 12:08:00,TP,1.41,True,2026-04-16
2026-04-16 12:08:00+00:00,SELL,4818.69,4819.69,4817.19,4817.19,2026-04-16 12:09:00,TP,1.5,False,2026-04-16
2026-04-16 12:13:00+00:00,BUY,4815.99,4814.99,4817.49,4817.49,2026-04-16 12:15:00,TP,1.5,True,2026-04-16
2026-04-16 12:22:00+00:00,BUY,4816.84,4815.84,4818.64,4815.84,2026-04-16 12:23:00,SL,-1.0,True,2026-04-16
2026-04-16 12:25:00+00:00,BUY,4816.95,4815.95,4818.64,4815.95,2026-04-16 12:27:00,SL,-1.0,False,2026-04-16
2026-04-16 12:26:00+00:00,BUY,4817.37,4816.37,4818.64,4816.37,2026-04-16 12:27:00,SL,-1.0,False,2026-04-16
2026-04-16 12:31:00+00:00,BUY,4814.48,4813.48,4815.98,4815.98,2026-04-16 12:32:00,TP,1.5,False,2026-04-16
2026-04-16 12:37:00+00:00,BUY,4816.69,4815.69,4818.32,4815.69,2026-04-16 12:38:00,SL,-1.0,False,2026-04-16
2026-04-16 12:43:00+00:00,BUY,4816.18,4815.18,4818.32,4815.18,2026-04-16 12:49:00,SL,-1.0,False,2026-04-16
2026-04-16 12:56:00+00:00,SELL,4817.69,4818.69,4816.19,4818.69,2026-04-16 12:58:00,SL,-1.0,True,2026-04-16
2026-04-16 13:05:00+00:00,SELL,4820.47,4821.47,4818.97,4821.47,2026-04-16 13:06:00,SL,-1.0,False,2026-04-16
2026-04-16 13:06:00+00:00,SELL,4820.52,4821.52,4818.94,4818.94,2026-04-16 13:07:00,TP,1.58,False,2026-04-16
2026-04-16 13:10:00+00:00,BUY,4816.09,4815.09,4817.45,4817.45,2026-04-16 13:12:00,TP,1.36,False,2026-04-16
2026-04-16 13:11:00+00:00,BUY,4816.81,4815.81,4819.15,4819.15,2026-04-16 13:16:00,TP,2.34,False,2026-04-16
2026-04-16 13:12:00+00:00,SELL,4816.61,4817.61,4814.66,4817.61,2026-04-16 13:13:00,SL,-1.0,True,2026-04-16
2026-04-16 13:13:00+00:00,SELL,4817.5,4818.5,4816.23,4818.5,2026-04-16 13:15:00,SL,-1.0,True,2026-04-16
2026-04-16 13:20:00+00:00,SELL,4819.27,4820.27,4816.69,4816.69,2026-04-16 13:21:00,TP,2.58,False,2026-04-16
2026-04-16 13:23:00+00:00,BUY,4816.89,4815.89,4819.06,4815.89,2026-04-16 13:29:00,SL,-1.0,True,2026-04-16
2026-04-16 13:24:00+00:00,BUY,4816.72,4815.72,4819.06,4815.72,2026-04-16 13:29:00,SL,-1.0,True,2026-04-16
2026-04-16 13:30:00+00:00,BUY,4815.16,4814.16,4816.66,4816.66,2026-04-16 13:31:00,TP,1.5,False,2026-04-16
2026-04-16 13:32:00+00:00,BUY,4814.99,4813.99,4816.49,4816.49,2026-04-16 13:33:00,TP,1.5,False,2026-04-16
2026-04-16 13:42:00+00:00,BUY,4816.81,4815.81,4819.0,4815.81,2026-04-16 13:44:00,SL,-1.0,False,2026-04-16
2026-04-16 13:43:00+00:00,BUY,4816.98,4815.98,4819.0,4815.98,2026-04-16 13:44:00,SL,-1.0,False,2026-04-16
2026-04-16 13:44:00+00:00,BUY,4816.37,4815.37,4819.0,4819.0,2026-04-16 13:46:00,TP,2.63,True,2026-04-16
2026-04-16 13:48:00+00:00,BUY,4813.42,4812.42,4814.92,4812.42,2026-04-16 13:49:00,SL,-1.0,False,2026-04-16
2026-04-16 13:49:00+00:00,BUY,4813.97,4812.97,4815.47,4812.97,2026-04-16 13:50:00,SL,-1.0,False,2026-04-16
2026-04-16 14:27:00+00:00,SELL,4796.83,4797.83,4793.96,4797.83,2026-04-16 14:28:00,SL,-1.0,True,2026-04-16
2026-04-16 14:34:00+00:00,SELL,4796.35,4797.35,4793.96,4793.96,2026-04-16 14:35:00,TP,2.39,False,2026-04-16
2026-04-16 14:52:00+00:00,SELL,4790.91,4791.91,4789.41,4791.91,2026-04-16 14:53:00,SL,-1.0,False,2026-04-16
2026-04-16 15:22:00+00:00,BUY,4806.13,4805.13,4807.63,4805.13,2026-04-16 15:23:00,SL,-1.0,False,2026-04-16
2026-04-16 15:31:00+00:00,BUY,4803.01,4802.01,4804.51,4802.01,2026-04-16 15:33:00,SL,-1.0,False,2026-04-16
2026-04-16 15:32:00+00:00,BUY,4803.23,4802.23,4804.73,4802.23,2026-04-16 15:33:00,SL,-1.0,False,2026-04-16
2026-04-16 15:49:00+00:00,BUY,4803.57,4802.57,4805.07,4805.07,2026-04-16 15:50:00,TP,1.5,False,2026-04-16
2026-04-17 07:01:00+00:00,BUY,4785.14,4784.14,4786.77,4786.77,2026-04-17 07:02:00,TP,1.63,True,2026-04-17
2026-04-17 07:03:00+00:00,SELL,4786.49,4787.49,4784.81,4787.49,2026-04-17 07:04:00,SL,-1.0,True,2026-04-17
2026-04-17 07:09:00+00:00,SELL,4789.75,4790.75,4788.25,4788.25,2026-04-17 07:12:00,TP,1.5,False,2026-04-17
2026-04-17 07:21:00+00:00,SELL,4787.19,4788.19,4784.85,4788.19,2026-04-17 07:22:00,SL,-1.0,True,2026-04-17
2026-04-17 07:24:00+00:00,SELL,4789.01,4790.01,4787.66,4790.01,2026-04-17 07:25:00,SL,-1.0,True,2026-04-17
2026-04-17 07:26:00+00:00,SELL,4791.18,4792.18,4789.68,4792.18,2026-04-17 07:30:00,SL,-1.0,False,2026-04-17
2026-04-17 07:37:00+00:00,BUY,4788.07,4787.07,4789.84,4787.07,2026-04-17 07:39:00,SL,-1.0,False,2026-04-17
2026-04-17 07:38:00+00:00,BUY,4787.7,4786.7,4789.84,4786.7,2026-04-17 07:39:00,SL,-1.0,False,2026-04-17
2026-04-17 07:42:00+00:00,BUY,4784.58,4783.58,4786.08,4786.08,2026-04-17 07:44:00,TP,1.5,False,2026-04-17
2026-04-17 07:55:00+00:00,BUY,4785.52,4784.52,4787.02,4784.52,2026-04-17 07:56:00,SL,-1.0,True,2026-04-17
2026-04-17 08:15:00+00:00,BUY,4783.85,4782.85,4785.66,4785.66,2026-04-17 08:20:00,TP,1.81,False,2026-04-17
2026-04-17 08:16:00+00:00,BUY,4783.84,4782.84,4785.66,4785.66,2026-04-17 08:20:00,TP,1.82,False,2026-04-17
2026-04-17 08:17:00+00:00,BUY,4783.85,4782.85,4785.66,4785.66,2026-04-17 08:20:00,TP,1.81,False,2026-04-17
2026-04-17 08:24:00+00:00,BUY,4784.38,4783.38,4785.66,4785.66,2026-04-17 08:25:00,TP,1.28,False,2026-04-17
2026-04-17 08:25:00+00:00,SELL,4784.81,4785.81,4783.41,4783.41,2026-04-17 08:26:00,TP,1.4,True,2026-04-17
2026-04-17 09:41:00+00:00,BUY,4795.44,4794.44,4798.41,4794.44,2026-04-17 09:44:00,SL,-1.0,True,2026-04-17
2026-04-17 09:42:00+00:00,SELL,4795.92,4796.92,4794.6,4794.6,2026-04-17 09:43:00,TP,1.32,False,2026-04-17
2026-04-17 09:44:00+00:00,BUY,4794.65,4793.65,4796.47,4793.65,2026-04-17 09:45:00,SL,-1.0,True,2026-04-17
2026-04-17 09:48:00+00:00,BUY,4792.12,4791.12,4793.62,4791.12,2026-04-17 09:50:00,SL,-1.0,False,2026-04-17
2026-04-17 09:54:00+00:00,SELL,4791.98,4792.98,4790.59,4790.59,2026-04-17 09:59:00,TP,1.39,True,2026-04-17
2026-04-17 10:03:00+00:00,BUY,4791.06,4790.06,4792.78,4790.06,2026-04-17 10:05:00,SL,-1.0,True,2026-04-17
2026-04-17 10:04:00+00:00,BUY,4791.2,4790.2,4792.78,4790.2,2026-04-17 10:05:00,SL,-1.0,True,2026-04-17
2026-04-17 10:10:00+00:00,BUY,4789.25,4788.25,4792.18,4788.25,2026-04-17 10:11:00,SL,-1.0,False,2026-04-17
2026-04-17 10:13:00+00:00,BUY,4790.58,4789.58,4792.18,4792.18,2026-04-17 10:15:00,TP,1.6,False,2026-04-17
2026-04-17 10:28:00+00:00,BUY,4789.6,4788.6,4792.18,4788.6,2026-04-17 10:32:00,SL,-1.0,False,2026-04-17
2026-04-17 11:01:00+00:00,SELL,4785.64,4786.64,4784.1,4786.64,2026-04-17 11:02:00,SL,-1.0,False,2026-04-17
2026-04-17 11:07:00+00:00,BUY,4786.46,4785.46,4788.52,4785.46,2026-04-17 11:19:00,SL,-1.0,False,2026-04-17
2026-04-17 11:19:00+00:00,BUY,4785.6,4784.6,4787.21,4787.21,2026-04-17 11:22:00,TP,1.61,True,2026-04-17
2026-04-17 11:21:00+00:00,BUY,4785.56,4784.56,4787.21,4787.21,2026-04-17 11:22:00,TP,1.65,True,2026-04-17
2026-04-17 11:32:00+00:00,BUY,4790.9,4789.9,4793.88,4793.88,2026-04-17 11:34:00,TP,2.98,False,2026-04-17
2026-04-17 11:35:00+00:00,SELL,4793.49,4794.49,4791.99,4791.99,2026-04-17 11:38:00,TP,1.5,False,2026-04-17
2026-04-17 13:02:00+00:00,BUY,4840.39,4839.39,4842.59,4842.59,2026-04-17 13:03:00,TP,2.2,False,2026-04-17
2026-04-17 13:28:00+00:00,BUY,4852.41,4851.41,4853.91,4851.41,2026-04-17 13:29:00,SL,-1.0,False,2026-04-17
2026-04-17 13:29:00+00:00,BUY,4851.69,4850.69,4853.19,4850.69,2026-04-17 13:30:00,SL,-1.0,False,2026-04-17
2026-04-17 13:45:00+00:00,BUY,4867.54,4866.54,4869.43,4866.54,2026-04-17 13:46:00,SL,-1.0,False,2026-04-17
2026-04-17 13:50:00+00:00,BUY,4865.33,4864.33,4867.91,4867.91,2026-04-17 13:51:00,TP,2.58,False,2026-04-17
2026-04-17 14:18:00+00:00,BUY,4869.88,4868.88,4871.38,4871.38,2026-04-17 14:19:00,TP,1.5,False,2026-04-17
2026-04-17 14:20:00+00:00,BUY,4871.07,4870.07,4873.78,4870.07,2026-04-17 14:21:00,SL,-1.0,False,2026-04-17
2026-04-17 14:22:00+00:00,BUY,4875.18,4874.18,4876.68,4874.18,2026-04-17 14:23:00,SL,-1.0,False,2026-04-17
2026-04-17 14:23:00+00:00,BUY,4875.98,4874.98,4877.48,4877.48,2026-04-17 14:24:00,TP,1.5,False,2026-04-17
2026-04-17 14:53:00+00:00,BUY,4871.9,4870.9,4873.9,4873.9,2026-04-17 14:54:00,TP,2.0,False,2026-04-17
2026-04-17 15:01:00+00:00,BUY,4869.58,4868.58,4871.08,4871.08,2026-04-17 15:02:00,TP,1.5,True,2026-04-17
2026-04-17 15:02:00+00:00,BUY,4871.24,4870.24,4872.74,4870.24,2026-04-17 15:03:00,SL,-1.0,True,2026-04-17
2026-04-17 15:04:00+00:00,BUY,4868.18,4867.18,4869.68,4869.68,2026-04-17 15:05:00,TP,1.5,False,2026-04-17
2026-04-17 15:07:00+00:00,SELL,4874.66,4875.66,4873.16,4873.16,2026-04-17 15:08:00,TP,1.5,False,2026-04-17
2026-04-17 15:20:00+00:00,BUY,4865.73,4864.73,4867.23,4864.73,2026-04-17 15:21:00,SL,-1.0,False,2026-04-17
2026-04-17 15:55:00+00:00,SELL,4870.31,4871.31,4868.81,4871.31,2026-04-17 15:57:00,SL,-1.0,False,2026-04-17
2026-04-17 15:56:00+00:00,SELL,4870.15,4871.15,4868.65,4871.15,2026-04-17 15:57:00,SL,-1.0,False,2026-04-17
2026-04-17 15:57:00+00:00,SELL,4869.89,4870.89,4868.39,4868.39,2026-04-17 15:58:00,TP,1.5,False,2026-04-17
2026-04-20 07:11:00+00:00,BUY,4794.72,4793.72,4796.22,4796.22,2026-04-20 07:13:00,TP,1.5,False,2026-04-20
2026-04-20 07:35:00+00:00,BUY,4794.14,4793.14,4795.64,4793.14,2026-04-20 07:36:00,SL,-1.0,True,2026-04-20
2026-04-20 08:05:00+00:00,SELL,4789.41,4790.41,4786.9,4790.41,2026-04-20 08:10:00,SL,-1.0,False,2026-04-20
2026-04-20 08:11:00+00:00,SELL,4790.51,4791.51,4789.01,4791.51,2026-04-20 08:12:00,SL,-1.0,True,2026-04-20
2026-04-20 08:21:00+00:00,SELL,4789.41,4790.41,4787.09,4790.41,2026-04-20 08:23:00,SL,-1.0,True,2026-04-20
2026-04-20 08:28:00+00:00,SELL,4791.2,4792.2,4789.7,4792.2,2026-04-20 08:29:00,SL,-1.0,True,2026-04-20
2026-04-20 08:32:00+00:00,SELL,4790.67,4791.67,4787.81,4791.67,2026-04-20 08:33:00,SL,-1.0,True,2026-04-20
2026-04-20 08:33:00+00:00,SELL,4791.03,4792.03,4789.53,4789.53,2026-04-20 08:35:00,TP,1.5,True,2026-04-20
2026-04-20 08:58:00+00:00,SELL,4796.09,4797.09,4793.36,4797.09,2026-04-20 09:01:00,SL,-1.0,False,2026-04-20
2026-04-20 09:04:00+00:00,SELL,4795.71,4796.71,4793.36,4796.71,2026-04-20 09:05:00,SL,-1.0,False,2026-04-20
2026-04-20 09:25:00+00:00,BUY,4793.81,4792.81,4796.01,4792.81,2026-04-20 09:27:00,SL,-1.0,True,2026-04-20
2026-04-20 09:26:00+00:00,BUY,4793.76,4792.76,4796.01,4792.76,2026-04-20 09:27:00,SL,-1.0,True,2026-04-20
2026-04-20 09:28:00+00:00,BUY,4792.94,4791.94,4794.44,4791.94,2026-04-20 09:29:00,SL,-1.0,False,2026-04-20
2026-04-20 09:29:00+00:00,BUY,4792.45,4791.45,4793.95,4791.45,2026-04-20 09:30:00,SL,-1.0,False,2026-04-20
2026-04-20 09:45:00+00:00,BUY,4792.12,4791.12,4794.47,4794.47,2026-04-20 09:46:00,TP,2.35,False,2026-04-20
2026-04-20 10:00:00+00:00,BUY,4792.11,4791.11,4794.47,4791.11,2026-04-20 10:03:00,SL,-1.0,False,2026-04-20
2026-04-20 10:01:00+00:00,BUY,4792.35,4791.35,4794.28,4791.35,2026-04-20 10:03:00,SL,-1.0,False,2026-04-20
2026-04-20 10:14:00+00:00,SELL,4795.67,4796.67,4794.17,4796.67,2026-04-20 10:15:00,SL,-1.0,False,2026-04-20
2026-04-20 10:41:00+00:00,BUY,4796.49,4795.49,4797.99,4795.49,2026-04-20 10:43:00,SL,-1.0,False,2026-04-20
2026-04-20 10:47:00+00:00,BUY,4795.4,4794.4,4797.55,4794.4,2026-04-20 11:00:00,SL,-1.0,False,2026-04-20
2026-04-20 10:52:00+00:00,BUY,4795.17,4794.17,4796.93,4796.93,2026-04-20 10:57:00,TP,1.76,True,2026-04-20
2026-04-20 10:53:00+00:00,BUY,4795.32,4794.32,4796.93,4796.93,2026-04-20 10:57:00,TP,1.61,True,2026-04-20
2026-04-20 10:57:00+00:00,SELL,4796.34,4797.34,4795.07,4795.07,2026-04-20 11:00:00,TP,1.27,False,2026-04-20
2026-04-20 11:31:00+00:00,BUY,4789.45,4788.45,4791.18,4791.18,2026-04-20 11:32:00,TP,1.73,False,2026-04-20
2026-04-20 11:32:00+00:00,SELL,4789.51,4790.51,4787.93,4790.51,2026-04-20 11:33:00,SL,-1.0,False,2026-04-20
2026-04-20 11:33:00+00:00,SELL,4790.48,4791.48,4787.93,4791.48,2026-04-20 11:35:00,SL,-1.0,False,2026-04-20
2026-04-20 11:34:00+00:00,SELL,4790.44,4791.44,4787.93,4791.44,2026-04-20 11:35:00,SL,-1.0,False,2026-04-20
2026-04-20 11:36:00+00:00,SELL,4790.84,4791.84,4787.93,4791.84,2026-04-20 11:39:00,SL,-1.0,False,2026-04-20
2026-04-20 11:37:00+00:00,SELL,4791.06,4792.06,4789.56,4792.06,2026-04-20 11:39:00,SL,-1.0,False,2026-04-20
2026-04-20 11:38:00+00:00,SELL,4790.8,4791.8,4789.25,4791.8,2026-04-20 11:39:00,SL,-1.0,False,2026-04-20
2026-04-20 11:40:00+00:00,SELL,4791.03,4792.03,4789.25,4792.03,2026-04-20 11:41:00,SL,-1.0,False,2026-04-20
2026-04-20 12:31:00+00:00,BUY,4807.12,4806.12,4808.62,4806.12,2026-04-20 12:32:00,SL,-1.0,False,2026-04-20
2026-04-20 12:39:00+00:00,BUY,4804.07,4803.07,4805.57,4805.57,2026-04-20 12:42:00,TP,1.5,False,2026-04-20
2026-04-20 12:41:00+00:00,BUY,4804.8,4803.8,4806.3,4806.3,2026-04-20 12:42:00,TP,1.5,False,2026-04-20
2026-04-20 12:51:00+00:00,BUY,4805.82,4804.82,4807.8,4804.82,2026-04-20 12:52:00,SL,-1.0,True,2026-04-20
2026-04-20 12:54:00+00:00,BUY,4803.4,4802.4,4804.9,4802.4,2026-04-20 12:57:00,SL,-1.0,False,2026-04-20
2026-04-20 12:58:00+00:00,BUY,4802.61,4801.61,4804.55,4801.61,2026-04-20 13:00:00,SL,-1.0,False,2026-04-20
2026-04-20 13:01:00+00:00,BUY,4801.69,4800.69,4804.55,4800.69,2026-04-20 13:02:00,SL,-1.0,False,2026-04-20
2026-04-20 13:39:00+00:00,BUY,4818.07,4817.07,4819.91,4817.07,2026-04-20 13:40:00,SL,-1.0,False,2026-04-20
2026-04-21 07:31:00+00:00,BUY,4782.85,4781.85,4785.7,4781.85,2026-04-21 07:32:00,SL,-1.0,True,2026-04-21
2026-04-21 07:38:00+00:00,BUY,4782.98,4781.98,4784.6,4781.98,2026-04-21 07:39:00,SL,-1.0,True,2026-04-21
2026-04-21 07:40:00+00:00,BUY,4781.7,4780.7,4784.6,4784.6,2026-04-21 07:42:00,TP,2.9,False,2026-04-21
2026-04-21 07:54:00+00:00,BUY,4788.85,4787.85,4790.35,4787.85,2026-04-21 07:57:00,SL,-1.0,False,2026-04-21
2026-04-21 08:04:00+00:00,BUY,4785.82,4784.82,4787.32,4784.82,2026-04-21 08:05:00,SL,-1.0,False,2026-04-21
2026-04-21 09:08:00+00:00,BUY,4785.94,4784.94,4788.57,4784.94,2026-04-21 09:13:00,SL,-1.0,False,2026-04-21
2026-04-21 09:09:00+00:00,BUY,4786.13,4785.13,4788.57,4785.13,2026-04-21 09:13:00,SL,-1.0,True,2026-04-21
2026-04-21 09:10:00+00:00,SELL,4786.35,4787.35,4784.02,4784.02,2026-04-21 09:15:00,TP,2.33,False,2026-04-21
2026-04-21 09:17:00+00:00,BUY,4786.2,4785.2,4788.57,4785.2,2026-04-21 09:22:00,SL,-1.0,True,2026-04-21
2026-04-21 09:19:00+00:00,BUY,4787.31,4786.31,4788.57,4786.31,2026-04-21 09:21:00,SL,-1.0,False,2026-04-21
2026-04-21 09:23:00+00:00,SELL,4786.25,4787.25,4784.02,4784.02,2026-04-21 09:26:00,TP,2.23,True,2026-04-21
2026-04-21 09:32:00+00:00,BUY,4783.98,4782.98,4786.98,4782.98,2026-04-21 09:36:00,SL,-1.0,True,2026-04-21
2026-04-21 09:37:00+00:00,BUY,4784.03,4783.03,4786.98,4786.98,2026-04-21 09:43:00,TP,2.95,True,2026-04-21
2026-04-21 09:42:00+00:00,BUY,4785.98,4784.98,4788.23,4784.98,2026-04-21 09:47:00,SL,-1.0,True,2026-04-21
2026-04-21 09:50:00+00:00,SELL,4785.68,4786.68,4783.74,4786.68,2026-04-21 09:51:00,SL,-1.0,False,2026-04-21
2026-04-21 09:55:00+00:00,SELL,4788.06,4789.06,4786.56,4789.06,2026-04-21 09:56:00,SL,-1.0,True,2026-04-21
2026-04-21 10:00:00+00:00,BUY,4784.43,4783.43,4785.8,4785.8,2026-04-21 10:01:00,TP,1.37,True,2026-04-21
2026-04-21 10:04:00+00:00,BUY,4783.48,4782.48,4785.8,4785.8,2026-04-21 10:08:00,TP,2.32,True,2026-04-21
2026-04-21 10:08:00+00:00,SELL,4785.36,4786.36,4783.32,4783.32,2026-04-21 10:14:00,TP,2.04,True,2026-04-21
2026-04-21 10:09:00+00:00,SELL,4785.56,4786.56,4783.32,4783.32,2026-04-21 10:14:00,TP,2.24,True,2026-04-21
2026-04-21 10:20:00+00:00,BUY,4783.13,4782.13,4785.8,4785.8,2026-04-21 10:32:00,TP,2.67,True,2026-04-21
2026-04-21 10:22:00+00:00,BUY,4784.31,4783.31,4785.8,4783.31,2026-04-21 10:24:00,SL,-1.0,False,2026-04-21
2026-04-21 10:25:00+00:00,BUY,4782.78,4781.78,4785.03,4785.03,2026-04-21 10:31:00,TP,2.25,True,2026-04-21
2026-04-21 10:29:00+00:00,BUY,4783.18,4782.18,4784.66,4784.66,2026-04-21 10:31:00,TP,1.48,True,2026-04-21
2026-04-21 10:32:00+00:00,SELL,4785.69,4786.69,4784.08,4786.69,2026-04-21 10:37:00,SL,-1.0,True,2026-04-21
2026-04-21 10:33:00+00:00,SELL,4785.48,4786.48,4784.08,4786.48,2026-04-21 10:37:00,SL,-1.0,True,2026-04-21
2026-04-21 10:36:00+00:00,SELL,4785.63,4786.63,4784.08,4786.63,2026-04-21 10:37:00,SL,-1.0,True,2026-04-21
2026-04-21 10:43:00+00:00,SELL,4786.15,4787.15,4784.61,4787.15,2026-04-21 10:45:00,SL,-1.0,True,2026-04-21
2026-04-21 11:07:00+00:00,SELL,4787.69,4788.69,4786.36,4786.36,2026-04-21 11:08:00,TP,1.33,True,2026-04-21
2026-04-21 11:22:00+00:00,SELL,4783.14,4784.14,4781.64,4781.64,2026-04-21 11:24:00,TP,1.5,False,2026-04-21
2026-04-21 11:23:00+00:00,SELL,4782.85,4783.85,4781.35,4781.35,2026-04-21 11:25:00,TP,1.5,False,2026-04-21
2026-04-21 11:32:00+00:00,BUY,4789.74,4788.74,4791.24,4788.74,2026-04-21 11:33:00,SL,-1.0,False,2026-04-21
2026-04-21 12:06:00+00:00,BUY,4792.86,4791.86,4795.1,4795.1,2026-04-21 12:09:00,TP,2.24,False,2026-04-21
2026-04-21 12:12:00+00:00,BUY,4792.51,4791.51,4795.1,4791.51,2026-04-21 12:14:00,SL,-1.0,True,2026-04-21
2026-04-21 13:56:00+00:00,BUY,4786.34,4785.34,4787.84,4785.34,2026-04-21 13:57:00,SL,-1.0,False,2026-04-21
2026-04-21 14:06:00+00:00,SELL,4780.82,4781.82,4779.32,4781.82,2026-04-21 14:07:00,SL,-1.0,False,2026-04-21
2026-04-21 14:07:00+00:00,SELL,4780.01,4781.01,4778.51,4781.01,2026-04-21 14:08:00,SL,-1.0,False,2026-04-21
2026-04-21 14:09:00+00:00,SELL,4780.9,4781.9,4779.4,4779.4,2026-04-21 14:10:00,TP,1.5,False,2026-04-21
2026-04-21 15:01:00+00:00,SELL,4732.39,4733.39,4730.89,4733.39,2026-04-21 15:02:00,SL,-1.0,False,2026-04-21
2026-04-21 15:05:00+00:00,SELL,4731.63,4732.63,4730.13,4732.63,2026-04-21 15:06:00,SL,-1.0,False,2026-04-21
2026-04-21 15:36:00+00:00,SELL,4739.94,4740.94,4738.44,4740.94,2026-04-21 15:37:00,SL,-1.0,False,2026-04-21
2026-04-21 15:48:00+00:00,SELL,4747.66,4748.66,4745.38,4748.66,2026-04-21 15:49:00,SL,-1.0,False,2026-04-21
2026-04-21 15:49:00+00:00,SELL,4746.45,4747.45,4743.98,4743.98,2026-04-21 15:50:00,TP,2.47,False,2026-04-21
2026-04-21 15:50:00+00:00,SELL,4745.2,4746.2,4743.98,4743.98,2026-04-21 15:51:00,TP,1.22,False,2026-04-21
2026-04-22 07:02:00+00:00,BUY,4769.18,4768.18,4770.68,4768.18,2026-04-22 07:04:00,SL,-1.0,False,2026-04-22
2026-04-22 07:21:00+00:00,SELL,4765.61,4766.61,4764.11,4766.61,2026-04-22 07:22:00,SL,-1.0,False,2026-04-22
2026-04-22 07:22:00+00:00,SELL,4766.6,4767.6,4765.36,4765.36,2026-04-22 07:23:00,TP,1.24,False,2026-04-22
2026-04-22 07:25:00+00:00,SELL,4765.85,4766.85,4764.11,4764.11,2026-04-22 07:27:00,TP,1.74,False,2026-04-22
2026-04-22 07:27:00+00:00,BUY,4765.32,4764.32,4767.85,4764.32,2026-04-22 07:34:00,SL,-1.0,False,2026-04-22
2026-04-22 07:30:00+00:00,BUY,4765.81,4764.81,4767.85,4764.81,2026-04-22 07:31:00,SL,-1.0,False,2026-04-22
2026-04-22 07:38:00+00:00,BUY,4765.43,4764.43,4766.81,4764.43,2026-04-22 07:40:00,SL,-1.0,False,2026-04-22
2026-04-22 07:39:00+00:00,SELL,4764.94,4765.94,4763.39,4763.39,2026-04-22 07:40:00,TP,1.55,True,2026-04-22
2026-04-22 07:42:00+00:00,BUY,4763.33,4762.33,4764.83,4762.33,2026-04-22 07:45:00,SL,-1.0,True,2026-04-22
2026-04-22 07:44:00+00:00,BUY,4763.87,4762.87,4766.44,4762.87,2026-04-22 07:45:00,SL,-1.0,False,2026-04-22
2026-04-22 08:32:00+00:00,SELL,4755.12,4756.12,4753.62,4753.62,2026-04-22 08:33:00,TP,1.5,False,2026-04-22
2026-04-22 08:45:00+00:00,SELL,4756.04,4757.04,4754.4,4754.4,2026-04-22 08:48:00,TP,1.64,False,2026-04-22
2026-04-22 08:52:00+00:00,SELL,4756.84,4757.84,4754.4,4757.84,2026-04-22 08:56:00,SL,-1.0,True,2026-04-22
2026-04-22 08:55:00+00:00,SELL,4757.32,4758.32,4755.82,4758.32,2026-04-22 08:56:00,SL,-1.0,False,2026-04-22
2026-04-22 09:04:00+00:00,SELL,4759.99,4760.99,4758.49,4760.99,2026-04-22 09:06:00,SL,-1.0,False,2026-04-22
2026-04-22 09:05:00+00:00,SELL,4760.08,4761.08,4758.58,4761.08,2026-04-22 09:06:00,SL,-1.0,False,2026-04-22
2026-04-22 09:12:00+00:00,SELL,4760.32,4761.32,4758.82,4761.32,2026-04-22 09:15:00,SL,-1.0,False,2026-04-22
2026-04-22 09:22:00+00:00,SELL,4761.23,4762.23,4759.86,4759.86,2026-04-22 09:26:00,TP,1.37,True,2026-04-22
2026-04-22 09:36:00+00:00,SELL,4756.94,4757.94,4755.28,4757.94,2026-04-22 09:39:00,SL,-1.0,False,2026-04-22
2026-04-22 09:38:00+00:00,BUY,4757.5,4756.5,4760.4,4760.4,2026-04-22 09:41:00,TP,2.9,False,2026-04-22
2026-04-22 09:48:00+00:00,SELL,4757.04,4758.04,4755.28,4758.04,2026-04-22 09:49:00,SL,-1.0,False,2026-04-22
2026-04-22 10:32:00+00:00,SELL,4755.85,4756.85,4754.35,4756.85,2026-04-22 10:34:00,SL,-1.0,False,2026-04-22
2026-04-22 10:38:00+00:00,SELL,4757.47,4758.47,4755.29,4758.47,2026-04-22 10:39:00,SL,-1.0,False,2026-04-22
2026-04-22 10:39:00+00:00,SELL,4757.57,4758.57,4755.29,4755.29,2026-04-22 10:41:00,TP,2.28,False,2026-04-22
2026-04-22 10:46:00+00:00,SELL,4755.63,4756.63,4754.13,4756.63,2026-04-22 10:47:00,SL,-1.0,False,2026-04-22
2026-04-22 10:55:00+00:00,BUY,4757.23,4756.23,4758.59,4758.59,2026-04-22 10:57:00,TP,1.36,False,2026-04-22
2026-04-22 10:59:00+00:00,SELL,4759.44,4760.44,4756.56,4760.44,2026-04-22 11:00:00,SL,-1.0,False,2026-04-22
2026-04-22 11:08:00+00:00,SELL,4758.0,4759.0,4756.56,4759.0,2026-04-22 11:13:00,SL,-1.0,False,2026-04-22
2026-04-22 11:29:00+00:00,BUY,4757.45,4756.45,4759.14,4759.14,2026-04-22 11:31:00,TP,1.69,True,2026-04-22
2026-04-22 12:34:00+00:00,SELL,4753.4,4754.4,4751.9,4751.9,2026-04-22 12:35:00,TP,1.5,False,2026-04-22
2026-04-22 12:38:00+00:00,BUY,4750.01,4749.01,4752.97,4749.01,2026-04-22 12:40:00,SL,-1.0,True,2026-04-22
2026-04-22 13:00:00+00:00,SELL,4742.89,4743.89,4741.39,4743.89,2026-04-22 13:01:00,SL,-1.0,False,2026-04-22
2026-04-22 13:20:00+00:00,BUY,4745.24,4744.24,4747.06,4744.24,2026-04-22 13:21:00,SL,-1.0,False,2026-04-22
2026-04-22 13:21:00+00:00,BUY,4744.64,4743.64,4747.06,4743.64,2026-04-22 13:22:00,SL,-1.0,False,2026-04-22
2026-04-22 13:22:00+00:00,BUY,4744.89,4743.89,4746.69,4746.69,2026-04-22 13:23:00,TP,1.8,False,2026-04-22
2026-04-22 13:24:00+00:00,SELL,4747.26,4748.26,4745.76,4745.76,2026-04-22 13:26:00,TP,1.5,False,2026-04-22
2026-04-22 13:27:00+00:00,SELL,4746.66,4747.66,4745.16,4747.66,2026-04-22 13:28:00,SL,-1.0,False,2026-04-22
2026-04-22 13:35:00+00:00,BUY,4745.85,4744.85,4747.35,4744.85,2026-04-22 13:36:00,SL,-1.0,False,2026-04-22
2026-04-22 13:39:00+00:00,SELL,4748.51,4749.51,4745.76,4749.51,2026-04-22 13:40:00,SL,-1.0,False,2026-04-22
2026-04-22 14:00:00+00:00,SELL,4753.65,4754.65,4751.59,4751.59,2026-04-22 14:01:00,TP,2.06,False,2026-04-22
2026-04-22 14:02:00+00:00,SELL,4749.98,4750.98,4747.2,4750.98,2026-04-22 14:03:00,SL,-1.0,False,2026-04-22
2026-04-22 14:10:00+00:00,SELL,4746.56,4747.56,4745.06,4745.06,2026-04-22 14:11:00,TP,1.5,False,2026-04-22
2026-04-22 14:25:00+00:00,BUY,4745.9,4744.9,4747.49,4747.49,2026-04-22 14:26:00,TP,1.59,False,2026-04-22
2026-04-22 14:26:00+00:00,SELL,4746.64,4747.64,4745.43,4747.64,2026-04-22 14:27:00,SL,-1.0,True,2026-04-22
2026-04-22 14:29:00+00:00,BUY,4744.1,4743.1,4745.6,4743.1,2026-04-22 14:30:00,SL,-1.0,False,2026-04-22
2026-04-22 15:08:00+00:00,SELL,4737.94,4738.94,4736.44,4736.44,2026-04-22 15:09:00,TP,1.5,True,2026-04-22
2026-04-22 15:12:00+00:00,SELL,4737.76,4738.76,4735.12,4738.76,2026-04-22 15:13:00,SL,-1.0,True,2026-04-22
2026-04-22 15:13:00+00:00,SELL,4737.99,4738.99,4735.12,4735.12,2026-04-22 15:16:00,TP,2.87,True,2026-04-22
2026-04-22 15:14:00+00:00,SELL,4737.75,4738.75,4736.16,4736.16,2026-04-22 15:15:00,TP,1.59,True,2026-04-22
2026-04-22 15:25:00+00:00,SELL,4733.84,4734.84,4732.34,4732.34,2026-04-22 15:26:00,TP,1.5,True,2026-04-22
2026-04-22 15:30:00+00:00,SELL,4734.87,4735.87,4733.37,4733.37,2026-04-22 15:31:00,TP,1.5,True,2026-04-22
2026-04-22 15:42:00+00:00,SELL,4727.29,4728.29,4725.79,4728.29,2026-04-22 15:43:00,SL,-1.0,False,2026-04-22
2026-04-22 15:48:00+00:00,SELL,4729.55,4730.55,4728.05,4728.05,2026-04-22 15:50:00,TP,1.5,True,2026-04-22
2026-04-23 07:04:00+00:00,BUY,4712.96,4711.96,4714.43,4714.43,2026-04-23 07:05:00,TP,1.47,False,2026-04-23
2026-04-23 07:05:00+00:00,SELL,4712.52,4713.52,4711.27,4713.52,2026-04-23 07:06:00,SL,-1.0,True,2026-04-23
2026-04-23 07:08:00+00:00,BUY,4712.36,4711.36,4714.43,4711.36,2026-04-23 07:09:00,SL,-1.0,False,2026-04-23
2026-04-23 07:13:00+00:00,BUY,4710.42,4709.42,4711.92,4711.92,2026-04-23 07:14:00,TP,1.5,False,2026-04-23
2026-04-23 07:16:00+00:00,BUY,4712.12,4711.12,4713.62,4713.62,2026-04-23 07:17:00,TP,1.5,True,2026-04-23
2026-04-23 07:19:00+00:00,BUY,4712.68,4711.68,4715.59,4711.68,2026-04-23 07:20:00,SL,-1.0,False,2026-04-23
2026-04-23 08:15:00+00:00,BUY,4718.43,4717.43,4720.59,4720.59,2026-04-23 08:16:00,TP,2.16,False,2026-04-23
2026-04-23 08:21:00+00:00,SELL,4719.15,4720.15,4717.68,4717.68,2026-04-23 08:23:00,TP,1.47,True,2026-04-23
2026-04-23 08:25:00+00:00,BUY,4717.97,4716.97,4720.59,4720.59,2026-04-23 08:26:00,TP,2.62,True,2026-04-23
2026-04-23 08:28:00+00:00,SELL,4719.39,4720.39,4717.68,4717.68,2026-04-23 08:29:00,TP,1.71,True,2026-04-23
2026-04-23 09:18:00+00:00,SELL,4700.64,4701.64,4699.14,4701.64,2026-04-23 09:22:00,SL,-1.0,True,2026-04-23
2026-04-23 09:28:00+00:00,SELL,4701.56,4702.56,4699.89,4702.56,2026-04-23 09:30:00,SL,-1.0,True,2026-04-23
2026-04-23 09:29:00+00:00,SELL,4700.93,4701.93,4699.16,4701.93,2026-04-23 09:30:00,SL,-1.0,True,2026-04-23
2026-04-23 09:30:00+00:00,SELL,4701.36,4702.36,4699.89,4702.36,2026-04-23 09:31:00,SL,-1.0,True,2026-04-23
2026-04-23 09:33:00+00:00,SELL,4702.45,4703.45,4699.93,4699.93,2026-04-23 09:36:00,TP,2.52,True,2026-04-23
2026-04-23 09:35:00+00:00,SELL,4702.16,4703.16,4699.93,4699.93,2026-04-23 09:36:00,TP,2.23,True,2026-04-23
2026-04-23 09:39:00+00:00,SELL,4700.77,4701.77,4699.44,4699.44,2026-04-23 09:41:00,TP,1.33,False,2026-04-23
2026-04-23 09:43:00+00:00,SELL,4700.49,4701.49,4699.16,4701.49,2026-04-23 09:45:00,SL,-1.0,False,2026-04-23
2026-04-23 09:45:00+00:00,SELL,4700.66,4701.66,4699.44,4701.66,2026-04-23 09:46:00,SL,-1.0,False,2026-04-23
2026-04-23 09:46:00+00:00,SELL,4700.73,4701.73,4699.44,4699.44,2026-04-23 09:48:00,TP,1.29,False,2026-04-23
2026-04-23 10:01:00+00:00,BUY,4699.21,4698.21,4701.65,4701.65,2026-04-23 10:05:00,TP,2.44,True,2026-04-23
2026-04-23 10:05:00+00:00,SELL,4700.57,4701.57,4699.05,4699.05,2026-04-23 10:08:00,TP,1.52,True,2026-04-23
2026-04-23 10:30:00+00:00,BUY,4685.91,4684.91,4687.41,4687.41,2026-04-23 10:31:00,TP,1.5,False,2026-04-23
2026-04-23 10:42:00+00:00,SELL,4692.85,4693.85,4691.35,4691.35,2026-04-23 10:43:00,TP,1.5,False,2026-04-23
2026-04-23 10:43:00+00:00,SELL,4691.59,4692.59,4689.83,4692.59,2026-04-23 10:45:00,SL,-1.0,True,2026-04-23
2026-04-23 10:46:00+00:00,SELL,4692.22,4693.22,4689.9,4689.9,2026-04-23 10:48:00,TP,2.32,True,2026-04-23
2026-04-23 10:55:00+00:00,SELL,4691.81,4692.81,4689.9,4692.81,2026-04-23 10:56:00,SL,-1.0,True,2026-04-23
2026-04-23 11:30:00+00:00,SELL,4699.51,4700.51,4698.01,4700.51,2026-04-23 11:31:00,SL,-1.0,True,2026-04-23
2026-04-23 11:34:00+00:00,BUY,4697.69,4696.69,4700.26,4700.26,2026-04-23 11:36:00,TP,2.57,False,2026-04-23
2026-04-23 12:47:00+00:00,BUY,4735.63,4734.63,4737.13,4734.63,2026-04-23 12:48:00,SL,-1.0,False,2026-04-23
2026-04-23 12:48:00+00:00,BUY,4735.6,4734.6,4737.1,4734.6,2026-04-23 12:50:00,SL,-1.0,False,2026-04-23
2026-04-23 12:49:00+00:00,BUY,4735.65,4734.65,4737.15,4734.65,2026-04-23 12:50:00,SL,-1.0,False,2026-04-23
2026-04-23 12:51:00+00:00,BUY,4736.24,4735.24,4737.78,4737.78,2026-04-23 12:52:00,TP,1.54,False,2026-04-23
2026-04-23 13:02:00+00:00,BUY,4731.57,4730.57,4733.07,4733.07,2026-04-23 13:03:00,TP,1.5,False,2026-04-23
2026-04-23 13:27:00+00:00,BUY,4727.93,4726.93,4730.6,4726.93,2026-04-23 13:30:00,SL,-1.0,True,2026-04-23
2026-04-23 13:31:00+00:00,SELL,4729.02,4730.02,4726.75,4730.02,2026-04-23 13:32:00,SL,-1.0,True,2026-04-23
2026-04-23 13:36:00+00:00,BUY,4727.72,4726.72,4730.6,4726.72,2026-04-23 13:37:00,SL,-1.0,True,2026-04-23
2026-04-23 13:39:00+00:00,SELL,4730.81,4731.81,4729.31,4731.81,2026-04-23 13:40:00,SL,-1.0,True,2026-04-23
2026-04-23 13:43:00+00:00,SELL,4733.71,4734.71,4732.21,4734.71,2026-04-23 13:44:00,SL,-1.0,False,2026-04-23
2026-04-23 14:21:00+00:00,BUY,4726.19,4725.19,4728.31,4728.31,2026-04-23 14:23:00,TP,2.12,False,2026-04-23
2026-04-23 14:30:00+00:00,SELL,4731.25,4732.25,4729.75,4732.25,2026-04-23 14:31:00,SL,-1.0,False,2026-04-23
2026-04-23 14:31:00+00:00,SELL,4732.1,4733.1,4730.85,4730.85,2026-04-23 14:33:00,TP,1.25,False,2026-04-23
2026-04-23 14:32:00+00:00,SELL,4731.95,4732.95,4730.45,4730.45,2026-04-23 14:33:00,TP,1.5,False,2026-04-23
2026-04-23 14:33:00+00:00,BUY,4731.17,4730.17,4732.53,4730.17,2026-04-23 14:34:00,SL,-1.0,False,2026-04-23
2026-04-23 14:37:00+00:00,SELL,4732.73,4733.73,4730.85,4730.85,2026-04-23 14:38:00,TP,1.88,False,2026-04-23
2026-04-23 14:42:00+00:00,BUY,4729.03,4728.03,4730.53,4730.53,2026-04-23 14:43:00,TP,1.5,False,2026-04-23
2026-04-23 14:44:00+00:00,BUY,4731.02,4730.02,4732.52,4732.52,2026-04-23 14:45:00,TP,1.5,False,2026-04-23
2026-04-23 14:47:00+00:00,BUY,4728.85,4727.85,4731.77,4731.77,2026-04-23 14:48:00,TP,2.92,False,2026-04-23
2026-04-23 14:49:00+00:00,SELL,4730.69,4731.69,4728.56,4731.69,2026-04-23 14:51:00,SL,-1.0,False,2026-04-23
2026-04-23 15:00:00+00:00,SELL,4733.27,4734.27,4730.85,4734.27,2026-04-23 15:01:00,SL,-1.0,True,2026-04-23
2026-04-23 15:01:00+00:00,SELL,4733.31,4734.31,4730.85,4734.31,2026-04-23 15:02:00,SL,-1.0,True,2026-04-23
2026-04-23 15:02:00+00:00,SELL,4732.56,4733.56,4730.85,4733.56,2026-04-23 15:03:00,SL,-1.0,True,2026-04-23
2026-04-23 15:03:00+00:00,SELL,4733.48,4734.48,4730.85,4730.85,2026-04-23 15:06:00,TP,2.63,False,2026-04-23
2026-04-23 15:32:00+00:00,SELL,4733.73,4734.73,4731.42,4734.73,2026-04-23 15:33:00,SL,-1.0,False,2026-04-23
2026-04-23 15:41:00+00:00,SELL,4732.98,4733.98,4730.98,4730.98,2026-04-23 15:44:00,TP,2.0,False,2026-04-23
2026-04-23 15:42:00+00:00,SELL,4732.91,4733.91,4730.98,4730.98,2026-04-23 15:44:00,TP,1.93,False,2026-04-23
2026-04-24 07:03:00+00:00,SELL,4675.63,4676.63,4674.13,4674.13,2026-04-24 07:04:00,TP,1.5,False,2026-04-24
2026-04-24 08:04:00+00:00,BUY,4688.74,4687.74,4691.11,4687.74,2026-04-24 08:06:00,SL,-1.0,False,2026-04-24
2026-04-24 08:06:00+00:00,BUY,4688.65,4687.65,4691.11,4687.65,2026-04-24 08:07:00,SL,-1.0,False,2026-04-24
2026-04-24 08:07:00+00:00,BUY,4688.67,4687.67,4691.11,4687.67,2026-04-24 08:09:00,SL,-1.0,False,2026-04-24
2026-04-24 08:09:00+00:00,BUY,4688.23,4687.23,4691.11,4687.23,2026-04-24 08:13:00,SL,-1.0,False,2026-04-24
2026-04-24 08:30:00+00:00,BUY,4687.57,4686.57,4690.15,4686.57,2026-04-24 08:31:00,SL,-1.0,True,2026-04-24
2026-04-24 08:33:00+00:00,BUY,4687.09,4686.09,4688.59,4686.09,2026-04-24 08:34:00,SL,-1.0,True,2026-04-24
2026-04-24 08:35:00+00:00,BUY,4686.0,4685.0,4688.62,4688.62,2026-04-24 08:38:00,TP,2.62,False,2026-04-24
2026-04-24 08:41:00+00:00,SELL,4689.98,4690.98,4688.48,4688.48,2026-04-24 08:42:00,TP,1.5,False,2026-04-24
2026-04-24 08:49:00+00:00,BUY,4692.01,4691.01,4693.51,4691.01,2026-04-24 08:50:00,SL,-1.0,False,2026-04-24
2026-04-24 08:56:00+00:00,SELL,4689.78,4690.78,4687.54,4690.78,2026-04-24 08:59:00,SL,-1.0,True,2026-04-24
2026-04-24 09:38:00+00:00,SELL,4683.79,4684.79,4682.54,4682.54,2026-04-24 09:40:00,TP,1.25,False,2026-04-24
2026-04-24 09:40:00+00:00,BUY,4682.82,4681.82,4684.24,4684.24,2026-04-24 09:42:00,TP,1.42,False,2026-04-24
2026-04-24 09:51:00+00:00,SELL,4683.8,4684.8,4682.54,4682.54,2026-04-24 09:52:00,TP,1.26,True,2026-04-24
2026-04-24 10:02:00+00:00,BUY,4682.98,4681.98,4684.24,4684.24,2026-04-24 10:03:00,TP,1.26,True,2026-04-24
2026-04-24 10:04:00+00:00,SELL,4683.92,4684.92,4682.37,4682.37,2026-04-24 10:05:00,TP,1.55,True,2026-04-24
2026-04-24 10:07:00+00:00,SELL,4684.56,4685.56,4682.37,4682.37,2026-04-24 10:12:00,TP,2.19,True,2026-04-24
2026-04-24 10:15:00+00:00,BUY,4682.52,4681.52,4684.46,4684.46,2026-04-24 10:21:00,TP,1.94,True,2026-04-24
2026-04-24 10:17:00+00:00,BUY,4682.41,4681.41,4684.46,4684.46,2026-04-24 10:21:00,TP,2.05,False,2026-04-24
2026-04-24 10:18:00+00:00,SELL,4682.9,4683.9,4681.24,4683.9,2026-04-24 10:20:00,SL,-1.0,False,2026-04-24
2026-04-24 10:21:00+00:00,SELL,4683.65,4684.65,4682.07,4682.07,2026-04-24 10:22:00,TP,1.58,True,2026-04-24
2026-04-24 10:26:00+00:00,SELL,4684.93,4685.93,4683.43,4685.93,2026-04-24 10:27:00,SL,-1.0,True,2026-04-24
2026-04-24 10:55:00+00:00,BUY,4677.3,4676.3,4678.8,4678.8,2026-04-24 10:56:00,TP,1.5,False,2026-04-24
2026-04-24 11:53:00+00:00,BUY,4706.57,4705.57,4708.07,4705.57,2026-04-24 11:55:00,SL,-1.0,True,2026-04-24
2026-04-24 11:54:00+00:00,BUY,4706.65,4705.65,4708.15,4705.65,2026-04-24 11:55:00,SL,-1.0,True,2026-04-24
2026-04-24 12:02:00+00:00,BUY,4707.93,4706.93,4710.03,4706.93,2026-04-24 12:03:00,SL,-1.0,True,2026-04-24
2026-04-24 12:03:00+00:00,BUY,4708.39,4707.39,4710.03,4707.39,2026-04-24 12:04:00,SL,-1.0,False,2026-04-24
2026-04-24 12:04:00+00:00,BUY,4707.43,4706.43,4710.03,4706.43,2026-04-24 12:05:00,SL,-1.0,False,2026-04-24
2026-04-24 12:08:00+00:00,BUY,4705.24,4704.24,4707.38,4707.38,2026-04-24 12:10:00,TP,2.14,False,2026-04-24
2026-04-24 12:09:00+00:00,BUY,4705.64,4704.64,4707.38,4707.38,2026-04-24 12:10:00,TP,1.74,False,2026-04-24
2026-04-24 12:30:00+00:00,SELL,4710.41,4711.41,4707.49,4707.49,2026-04-24 12:31:00,TP,2.92,False,2026-04-24
2026-04-24 13:12:00+00:00,BUY,4703.73,4702.73,4705.23,4705.23,2026-04-24 13:13:00,TP,1.5,False,2026-04-24
2026-04-24 13:36:00+00:00,BUY,4694.4,4693.4,4695.9,4695.9,2026-04-24 13:37:00,TP,1.5,False,2026-04-24
2026-04-24 13:55:00+00:00,BUY,4707.03,4706.03,4708.53,4706.03,2026-04-24 13:56:00,SL,-1.0,True,2026-04-24
2026-04-24 13:56:00+00:00,BUY,4707.14,4706.14,4708.64,4708.64,2026-04-24 13:57:00,TP,1.5,True,2026-04-24
2026-04-24 14:04:00+00:00,BUY,4713.1,4712.1,4715.65,4715.65,2026-04-24 14:05:00,TP,2.55,False,2026-04-24
2026-04-24 14:24:00+00:00,BUY,4728.29,4727.29,4729.79,4727.29,2026-04-24 14:25:00,SL,-1.0,True,2026-04-24
2026-04-24 14:49:00+00:00,BUY,4727.85,4726.85,4729.35,4726.85,2026-04-24 14:50:00,SL,-1.0,True,2026-04-24
2026-04-24 14:52:00+00:00,BUY,4727.88,4726.88,4729.38,4726.88,2026-04-24 14:54:00,SL,-1.0,True,2026-04-24
2026-04-24 14:55:00+00:00,BUY,4725.7,4724.7,4727.47,4724.7,2026-04-24 14:56:00,SL,-1.0,False,2026-04-24
2026-04-24 14:58:00+00:00,BUY,4725.01,4724.01,4727.47,4724.01,2026-04-24 15:02:00,SL,-1.0,False,2026-04-24
2026-04-24 15:01:00+00:00,BUY,4724.77,4723.77,4727.47,4723.77,2026-04-24 15:02:00,SL,-1.0,False,2026-04-24
2026-04-24 15:02:00+00:00,BUY,4725.2,4724.2,4726.9,4724.2,2026-04-24 15:03:00,SL,-1.0,False,2026-04-24
2026-04-24 15:03:00+00:00,SELL,4724.09,4725.09,4721.53,4721.53,2026-04-24 15:05:00,TP,2.56,False,2026-04-24
2026-04-24 15:05:00+00:00,BUY,4722.02,4721.02,4723.52,4721.02,2026-04-24 15:06:00,SL,-1.0,False,2026-04-24
2026-04-24 15:23:00+00:00,BUY,4725.65,4724.65,4726.9,4724.65,2026-04-24 15:24:00,SL,-1.0,False,2026-04-24
2026-04-24 15:40:00+00:00,BUY,4719.02,4718.02,4720.52,4718.02,2026-04-24 15:41:00,SL,-1.0,True,2026-04-24
2026-04-24 15:41:00+00:00,BUY,4718.6,4717.6,4720.49,4717.6,2026-04-24 15:42:00,SL,-1.0,True,2026-04-24
2026-04-24 15:48:00+00:00,SELL,4725.28,4726.28,4723.78,4726.28,2026-04-24 15:49:00,SL,-1.0,False,2026-04-24
2026-04-24 15:49:00+00:00,SELL,4724.1,4725.1,4722.6,4725.1,2026-04-24 15:50:00,SL,-1.0,False,2026-04-24
2026-04-27 07:11:00+00:00,SELL,4715.49,4716.49,4713.99,4716.49,2026-04-27 07:12:00,SL,-1.0,False,2026-04-27
2026-04-27 07:14:00+00:00,SELL,4717.15,4718.15,4714.82,4714.82,2026-04-27 07:16:00,TP,2.33,True,2026-04-27
2026-04-27 07:17:00+00:00,SELL,4713.6,4714.6,4711.06,4714.6,2026-04-27 07:19:00,SL,-1.0,False,2026-04-27
2026-04-27 07:32:00+00:00,SELL,4716.02,4717.02,4714.82,4717.02,2026-04-27 07:33:00,SL,-1.0,False,2026-04-27
2026-04-27 07:37:00+00:00,BUY,4713.91,4712.91,4716.72,4716.72,2026-04-27 07:42:00,TP,2.81,True,2026-04-27
2026-04-27 07:38:00+00:00,BUY,4714.43,4713.43,4716.72,4716.72,2026-04-27 07:42:00,TP,2.29,True,2026-04-27
2026-04-27 07:41:00+00:00,BUY,4715.53,4714.53,4717.46,4714.53,2026-04-27 07:45:00,SL,-1.0,False,2026-04-27
2026-04-27 07:45:00+00:00,BUY,4715.06,4714.06,4716.69,4716.69,2026-04-27 07:46:00,TP,1.63,False,2026-04-27
2026-04-27 07:49:00+00:00,BUY,4714.42,4713.42,4716.69,4713.42,2026-04-27 07:50:00,SL,-1.0,True,2026-04-27
2026-04-27 07:50:00+00:00,BUY,4713.85,4712.85,4716.69,4712.85,2026-04-27 07:51:00,SL,-1.0,True,2026-04-27
2026-04-27 07:51:00+00:00,BUY,4713.65,4712.65,4715.15,4712.65,2026-04-27 07:53:00,SL,-1.0,False,2026-04-27
2026-04-27 08:01:00+00:00,SELL,4711.78,4712.78,4710.16,4712.78,2026-04-27 08:05:00,SL,-1.0,False,2026-04-27
2026-04-27 08:12:00+00:00,SELL,4712.51,4713.51,4710.45,4713.51,2026-04-27 08:13:00,SL,-1.0,True,2026-04-27
2026-04-27 08:13:00+00:00,SELL,4712.07,4713.07,4710.45,4713.07,2026-04-27 08:15:00,SL,-1.0,True,2026-04-27
2026-04-27 08:16:00+00:00,SELL,4713.47,4714.47,4711.01,4711.01,2026-04-27 08:19:00,TP,2.46,True,2026-04-27
2026-04-27 08:17:00+00:00,SELL,4713.95,4714.95,4711.01,4711.01,2026-04-27 08:19:00,TP,2.94,True,2026-04-27
2026-04-27 08:21:00+00:00,BUY,4711.35,4710.35,4713.44,4710.35,2026-04-27 08:23:00,SL,-1.0,True,2026-04-27
2026-04-27 08:22:00+00:00,BUY,4711.29,4710.29,4713.44,4710.29,2026-04-27 08:23:00,SL,-1.0,True,2026-04-27
2026-04-27 08:29:00+00:00,SELL,4710.87,4711.87,4709.53,4709.53,2026-04-27 08:30:00,TP,1.34,False,2026-04-27
2026-04-27 08:47:00+00:00,SELL,4714.02,4715.02,4712.52,4712.52,2026-04-27 08:49:00,TP,1.5,False,2026-04-27
2026-04-27 09:23:00+00:00,BUY,4705.69,4704.69,4708.23,4704.69,2026-04-27 09:27:00,SL,-1.0,True,2026-04-27
2026-04-27 09:25:00+00:00,SELL,4705.45,4706.45,4703.74,4703.74,2026-04-27 09:27:00,TP,1.71,True,2026-04-27
2026-04-27 09:59:00+00:00,SELL,4703.77,4704.77,4702.27,4704.77,2026-04-27 10:02:00,SL,-1.0,False,2026-04-27
2026-04-27 10:02:00+00:00,SELL,4703.98,4704.98,4702.6,4704.98,2026-04-27 10:03:00,SL,-1.0,True,2026-04-27
2026-04-27 10:16:00+00:00,BUY,4700.76,4699.76,4702.84,4702.84,2026-04-27 10:17:00,TP,2.08,False,2026-04-27
2026-04-27 10:18:00+00:00,BUY,4702.95,4701.95,4704.65,4704.65,2026-04-27 10:21:00,TP,1.7,True,2026-04-27
2026-04-27 10:21:00+00:00,SELL,4703.97,4704.97,4702.47,4704.97,2026-04-27 10:23:00,SL,-1.0,True,2026-04-27
2026-04-27 10:28:00+00:00,SELL,4704.38,4705.38,4702.86,4705.38,2026-04-27 10:29:00,SL,-1.0,False,2026-04-27
2026-04-27 10:59:00+00:00,BUY,4708.76,4707.76,4710.8,4707.76,2026-04-27 11:00:00,SL,-1.0,False,2026-04-27
2026-04-27 11:01:00+00:00,BUY,4707.35,4706.35,4709.66,4706.35,2026-04-27 11:02:00,SL,-1.0,True,2026-04-27
2026-04-27 11:11:00+00:00,BUY,4705.63,4704.63,4708.12,4704.63,2026-04-27 11:14:00,SL,-1.0,True,2026-04-27
2026-04-27 11:22:00+00:00,BUY,4702.14,4701.14,4705.1,4705.1,2026-04-27 11:26:00,TP,2.96,False,2026-04-27
2026-04-27 11:27:00+00:00,BUY,4706.23,4705.23,4708.12,4705.23,2026-04-27 11:30:00,SL,-1.0,True,2026-04-27
2026-04-27 11:28:00+00:00,BUY,4706.74,4705.74,4708.12,4705.74,2026-04-27 11:29:00,SL,-1.0,True,2026-04-27
2026-04-27 11:31:00+00:00,BUY,4705.9,4704.9,4707.11,4707.11,2026-04-27 11:32:00,TP,1.21,True,2026-04-27
2026-04-27 11:36:00+00:00,SELL,4704.29,4705.29,4702.79,4702.79,2026-04-27 11:37:00,TP,1.5,True,2026-04-27
2026-04-27 11:56:00+00:00,BUY,4702.76,4701.76,4704.6,4701.76,2026-04-27 11:57:00,SL,-1.0,False,2026-04-27
2026-04-27 11:57:00+00:00,BUY,4703.44,4702.44,4705.54,4705.54,2026-04-27 12:00:00,TP,2.1,False,2026-04-27
2026-04-27 12:00:00+00:00,SELL,4704.2,4705.2,4702.02,4705.2,2026-04-27 12:04:00,SL,-1.0,False,2026-04-27
2026-04-27 12:02:00+00:00,SELL,4702.94,4703.94,4701.19,4703.94,2026-04-27 12:04:00,SL,-1.0,False,2026-04-27
2026-04-27 12:05:00+00:00,SELL,4704.73,4705.73,4702.56,4705.73,2026-04-27 12:09:00,SL,-1.0,False,2026-04-27
2026-04-27 12:07:00+00:00,SELL,4704.35,4705.35,4702.56,4705.35,2026-04-27 12:08:00,SL,-1.0,True,2026-04-27
2026-04-27 12:10:00+00:00,SELL,4705.38,4706.38,4702.61,4706.38,2026-04-27 12:11:00,SL,-1.0,True,2026-04-27
2026-04-27 12:26:00+00:00,SELL,4707.49,4708.49,4705.99,4705.99,2026-04-27 12:27:00,TP,1.5,False,2026-04-27
2026-04-27 13:12:00+00:00,SELL,4696.76,4697.76,4695.26,4697.76,2026-04-27 13:13:00,SL,-1.0,False,2026-04-27
2026-04-27 13:13:00+00:00,SELL,4695.99,4696.99,4693.52,4696.99,2026-04-27 13:15:00,SL,-1.0,False,2026-04-27
2026-04-27 13:18:00+00:00,SELL,4701.49,4702.49,4699.99,4702.49,2026-04-27 13:20:00,SL,-1.0,False,2026-04-27
2026-04-27 13:23:00+00:00,SELL,4699.66,4700.66,4697.12,4700.66,2026-04-27 13:30:00,SL,-1.0,False,2026-04-27
2026-04-27 13:24:00+00:00,SELL,4699.45,4700.45,4697.12,4700.45,2026-04-27 13:30:00,SL,-1.0,False,2026-04-27
2026-04-27 13:26:00+00:00,SELL,4698.68,4699.68,4697.12,4699.68,2026-04-27 13:29:00,SL,-1.0,False,2026-04-27
2026-04-27 13:47:00+00:00,SELL,4694.6,4695.6,4693.1,4695.6,2026-04-27 13:48:00,SL,-1.0,False,2026-04-27
2026-04-27 13:48:00+00:00,SELL,4693.76,4694.76,4691.26,4691.26,2026-04-27 13:49:00,TP,2.5,False,2026-04-27
2026-04-27 13:55:00+00:00,SELL,4694.34,4695.34,4692.84,4692.84,2026-04-27 13:56:00,TP,1.5,False,2026-04-27
2026-04-27 14:01:00+00:00,SELL,4694.17,4695.17,4692.0,4692.0,2026-04-27 14:02:00,TP,2.17,False,2026-04-27
2026-04-27 14:15:00+00:00,SELL,4692.55,4693.55,4691.05,4693.55,2026-04-27 14:17:00,SL,-1.0,False,2026-04-27
2026-04-27 14:16:00+00:00,SELL,4693.23,4694.23,4692.0,4692.0,2026-04-27 14:17:00,TP,1.23,False,2026-04-27
2026-04-27 14:24:00+00:00,SELL,4693.23,4694.23,4692.0,4694.23,2026-04-27 14:25:00,SL,-1.0,False,2026-04-27
2026-04-27 14:25:00+00:00,SELL,4693.05,4694.05,4691.48,4691.48,2026-04-27 14:26:00,TP,1.57,False,2026-04-27
2026-04-27 14:36:00+00:00,SELL,4693.1,4694.1,4691.48,4691.48,2026-04-27 14:39:00,TP,1.62,True,2026-04-27
2026-04-27 14:38:00+00:00,SELL,4692.29,4693.29,4690.94,4693.29,2026-04-27 14:39:00,SL,-1.0,False,2026-04-27
2026-04-27 14:40:00+00:00,SELL,4693.0,4694.0,4691.48,4691.48,2026-04-27 14:41:00,TP,1.52,False,2026-04-27
2026-04-27 15:17:00+00:00,SELL,4676.9,4677.9,4675.4,4677.9,2026-04-27 15:19:00,SL,-1.0,False,2026-04-27
2026-04-27 15:18:00+00:00,SELL,4676.82,4677.82,4675.32,4677.82,2026-04-27 15:19:00,SL,-1.0,False,2026-04-27
2026-04-27 15:35:00+00:00,SELL,4678.19,4679.19,4676.89,4679.19,2026-04-27 15:38:00,SL,-1.0,False,2026-04-27
2026-04-27 15:37:00+00:00,SELL,4677.73,4678.73,4676.23,4678.73,2026-04-27 15:38:00,SL,-1.0,False,2026-04-27
2026-04-27 15:38:00+00:00,SELL,4677.98,4678.98,4676.48,4678.98,2026-04-27 15:39:00,SL,-1.0,False,2026-04-27
2026-04-27 15:41:00+00:00,SELL,4679.45,4680.45,4676.89,4676.89,2026-04-27 15:45:00,TP,2.56,False,2026-04-27
2026-04-27 15:42:00+00:00,SELL,4679.36,4680.36,4676.89,4676.89,2026-04-27 15:45:00,TP,2.47,False,2026-04-27
2026-04-27 15:47:00+00:00,SELL,4676.76,4677.76,4675.26,4675.26,2026-04-27 15:48:00,TP,1.5,False,2026-04-27
2026-04-28 07:07:00+00:00,SELL,4634.59,4635.59,4633.09,4633.09,2026-04-28 07:09:00,TP,1.5,False,2026-04-28
2026-04-28 07:08:00+00:00,SELL,4634.48,4635.48,4632.98,4632.98,2026-04-28 07:09:00,TP,1.5,False,2026-04-28
2026-04-28 07:10:00+00:00,SELL,4634.6,4635.6,4633.1,4635.6,2026-04-28 07:11:00,SL,-1.0,False,2026-04-28
2026-04-28 07:18:00+00:00,BUY,4632.66,4631.66,4635.01,4631.66,2026-04-28 07:19:00,SL,-1.0,True,2026-04-28
2026-04-28 07:19:00+00:00,BUY,4632.88,4631.88,4635.01,4631.88,2026-04-28 07:21:00,SL,-1.0,True,2026-04-28
2026-04-28 07:31:00+00:00,SELL,4630.79,4631.79,4629.29,4631.79,2026-04-28 07:32:00,SL,-1.0,False,2026-04-28
2026-04-28 07:48:00+00:00,BUY,4627.89,4626.89,4629.63,4626.89,2026-04-28 07:50:00,SL,-1.0,False,2026-04-28
2026-04-28 07:54:00+00:00,BUY,4626.42,4625.42,4628.72,4625.42,2026-04-28 07:55:00,SL,-1.0,True,2026-04-28
2026-04-28 07:58:00+00:00,SELL,4631.69,4632.69,4630.19,4632.69,2026-04-28 07:59:00,SL,-1.0,False,2026-04-28
2026-04-28 08:44:00+00:00,SELL,4628.44,4629.44,4626.94,4626.94,2026-04-28 08:48:00,TP,1.5,False,2026-04-28
2026-04-28 08:45:00+00:00,SELL,4628.45,4629.45,4626.94,4626.94,2026-04-28 08:48:00,TP,1.51,False,2026-04-28
2026-04-28 08:57:00+00:00,BUY,4629.25,4628.25,4630.94,4628.25,2026-04-28 09:00:00,SL,-1.0,False,2026-04-28
2026-04-28 08:58:00+00:00,SELL,4629.46,4630.46,4626.94,4630.46,2026-04-28 08:59:00,SL,-1.0,False,2026-04-28
2026-04-28 08:59:00+00:00,SELL,4629.77,4630.77,4626.94,4626.94,2026-04-28 09:00:00,TP,2.83,False,2026-04-28
2026-04-28 09:07:00+00:00,BUY,4626.06,4625.06,4628.15,4625.06,2026-04-28 09:08:00,SL,-1.0,False,2026-04-28
2026-04-28 09:08:00+00:00,BUY,4625.65,4624.65,4628.15,4624.65,2026-04-28 09:11:00,SL,-1.0,False,2026-04-28
2026-04-28 09:11:00+00:00,BUY,4625.36,4624.36,4628.15,4624.36,2026-04-28 09:15:00,SL,-1.0,False,2026-04-28
2026-04-28 09:13:00+00:00,BUY,4628.1,4627.1,4629.64,4627.1,2026-04-28 09:14:00,SL,-1.0,False,2026-04-28
2026-04-28 09:45:00+00:00,SELL,4613.56,4614.56,4612.06,4614.56,2026-04-28 09:47:00,SL,-1.0,False,2026-04-28
2026-04-28 10:14:00+00:00,SELL,4612.82,4613.82,4611.32,4611.32,2026-04-28 10:15:00,TP,1.5,False,2026-04-28
2026-04-28 10:27:00+00:00,SELL,4611.82,4612.82,4610.32,4612.82,2026-04-28 10:28:00,SL,-1.0,False,2026-04-28
2026-04-28 10:28:00+00:00,SELL,4611.66,4612.66,4610.16,4612.66,2026-04-28 10:29:00,SL,-1.0,False,2026-04-28
2026-04-28 10:29:00+00:00,SELL,4611.76,4612.76,4610.26,4612.76,2026-04-28 10:30:00,SL,-1.0,False,2026-04-28
2026-04-28 10:37:00+00:00,SELL,4614.75,4615.75,4612.09,4615.75,2026-04-28 10:40:00,SL,-1.0,False,2026-04-28
2026-04-28 10:41:00+00:00,SELL,4615.09,4616.09,4613.23,4616.09,2026-04-28 10:43:00,SL,-1.0,True,2026-04-28
2026-04-28 10:45:00+00:00,BUY,4613.23,4612.23,4615.18,4612.23,2026-04-28 10:48:00,SL,-1.0,False,2026-04-28
2026-04-28 10:49:00+00:00,SELL,4613.66,4614.66,4612.09,4612.09,2026-04-28 10:51:00,TP,1.57,True,2026-04-28
2026-04-28 12:31:00+00:00,BUY,4574.19,4573.19,4575.69,4575.69,2026-04-28 12:32:00,TP,1.5,False,2026-04-28
2026-04-28 12:33:00+00:00,SELL,4579.82,4580.82,4577.98,4577.98,2026-04-28 12:34:00,TP,1.84,False,2026-04-28
2026-04-28 12:34:00+00:00,BUY,4579.14,4578.14,4581.7,4581.7,2026-04-28 12:35:00,TP,2.56,False,2026-04-28
2026-04-28 12:38:00+00:00,SELL,4580.52,4581.52,4577.98,4581.52,2026-04-28 12:39:00,SL,-1.0,False,2026-04-28
2026-04-28 12:59:00+00:00,BUY,4593.94,4592.94,4595.44,4592.94,2026-04-28 13:00:00,SL,-1.0,False,2026-04-28
2026-04-28 13:13:00+00:00,SELL,4578.6,4579.6,4577.1,4579.6,2026-04-28 13:14:00,SL,-1.0,False,2026-04-28
2026-04-28 13:17:00+00:00,BUY,4575.94,4574.94,4577.44,4574.94,2026-04-28 13:18:00,SL,-1.0,False,2026-04-28
2026-04-28 13:36:00+00:00,SELL,4580.72,4581.72,4579.22,4581.72,2026-04-28 13:37:00,SL,-1.0,False,2026-04-28
2026-04-28 13:37:00+00:00,SELL,4581.05,4582.05,4579.55,4582.05,2026-04-28 13:38:00,SL,-1.0,False,2026-04-28
2026-04-28 13:59:00+00:00,BUY,4580.71,4579.71,4582.94,4579.71,2026-04-28 14:00:00,SL,-1.0,False,2026-04-28
2026-04-28 14:18:00+00:00,SELL,4573.62,4574.62,4572.12,4572.12,2026-04-28 14:19:00,TP,1.5,False,2026-04-28
2026-04-28 14:29:00+00:00,SELL,4571.64,4572.64,4570.14,4572.64,2026-04-28 14:30:00,SL,-1.0,False,2026-04-28
2026-04-28 14:55:00+00:00,SELL,4565.48,4566.48,4563.98,4566.48,2026-04-28 14:56:00,SL,-1.0,False,2026-04-28
2026-04-28 15:02:00+00:00,SELL,4577.52,4578.52,4576.02,4578.52,2026-04-28 15:03:00,SL,-1.0,False,2026-04-28
2026-04-28 15:11:00+00:00,BUY,4572.48,4571.48,4573.98,4573.98,2026-04-28 15:12:00,TP,1.5,False,2026-04-28
2026-04-28 15:17:00+00:00,SELL,4573.49,4574.49,4570.9,4570.9,2026-04-28 15:20:00,TP,2.59,False,2026-04-28
2026-04-28 15:30:00+00:00,SELL,4576.72,4577.72,4574.2,4574.2,2026-04-28 15:31:00,TP,2.52,False,2026-04-28
2026-04-29 07:02:00+00:00,SELL,4583.66,4584.66,4581.4,4584.66,2026-04-29 07:03:00,SL,-1.0,False,2026-04-29
2026-04-29 08:49:00+00:00,SELL,4571.06,4572.06,4569.56,4572.06,2026-04-29 08:51:00,SL,-1.0,True,2026-04-29
2026-04-29 09:23:00+00:00,BUY,4573.76,4572.76,4575.78,4572.76,2026-04-29 09:24:00,SL,-1.0,False,2026-04-29
2026-04-29 10:36:00+00:00,SELL,4573.26,4574.26,4570.85,4570.85,2026-04-29 10:37:00,TP,2.41,True,2026-04-29
2026-04-29 10:54:00+00:00,SELL,4566.59,4567.59,4564.85,4564.85,2026-04-29 10:57:00,TP,1.74,False,2026-04-29
2026-04-29 10:57:00+00:00,BUY,4566.31,4565.31,4567.87,4567.87,2026-04-29 10:58:00,TP,1.56,True,2026-04-29
2026-04-29 10:58:00+00:00,SELL,4567.45,4568.45,4565.02,4568.45,2026-04-29 10:59:00,SL,-1.0,False,2026-04-29
2026-04-29 11:00:00+00:00,SELL,4569.33,4570.33,4567.83,4570.33,2026-04-29 11:02:00,SL,-1.0,False,2026-04-29
2026-04-29 11:03:00+00:00,SELL,4570.48,4571.48,4568.98,4568.98,2026-04-29 11:04:00,TP,1.5,True,2026-04-29
2026-04-29 11:10:00+00:00,SELL,4567.47,4568.47,4565.02,4568.47,2026-04-29 11:11:00,SL,-1.0,False,2026-04-29
2026-04-29 11:13:00+00:00,SELL,4569.04,4570.04,4567.54,4567.54,2026-04-29 11:14:00,TP,1.5,True,2026-04-29
2026-04-29 11:18:00+00:00,SELL,4567.48,4568.48,4565.44,4568.48,2026-04-29 11:19:00,SL,-1.0,False,2026-04-29
2026-04-29 11:23:00+00:00,BUY,4565.93,4564.93,4567.43,4567.43,2026-04-29 11:25:00,TP,1.5,True,2026-04-29
2026-04-29 11:29:00+00:00,BUY,4564.97,4563.97,4566.47,4563.97,2026-04-29 11:31:00,SL,-1.0,True,2026-04-29
2026-04-29 11:30:00+00:00,BUY,4564.98,4563.98,4566.48,4563.98,2026-04-29 11:31:00,SL,-1.0,True,2026-04-29
2026-04-29 11:34:00+00:00,BUY,4567.73,4566.73,4569.39,4569.39,2026-04-29 11:35:00,TP,1.66,False,2026-04-29
2026-04-29 11:38:00+00:00,SELL,4570.05,4571.05,4567.27,4567.27,2026-04-29 11:39:00,TP,2.78,True,2026-04-29
2026-04-29 11:42:00+00:00,BUY,4565.23,4564.23,4566.73,4566.73,2026-04-29 11:44:00,TP,1.5,False,2026-04-29
2026-04-29 11:43:00+00:00,BUY,4564.78,4563.78,4566.28,4566.28,2026-04-29 11:44:00,TP,1.5,False,2026-04-29
2026-04-29 12:00:00+00:00,BUY,4562.39,4561.39,4564.77,4564.77,2026-04-29 12:02:00,TP,2.38,False,2026-04-29
2026-04-29 12:02:00+00:00,SELL,4563.96,4564.96,4562.02,4564.96,2026-04-29 12:05:00,SL,-1.0,False,2026-04-29
2026-04-29 12:25:00+00:00,SELL,4561.8,4562.8,4559.25,4562.8,2026-04-29 12:27:00,SL,-1.0,False,2026-04-29
2026-04-29 12:41:00+00:00,SELL,4555.51,4556.51,4554.01,4556.51,2026-04-29 12:42:00,SL,-1.0,False,2026-04-29
2026-04-29 12:44:00+00:00,SELL,4557.62,4558.62,4556.12,4558.62,2026-04-29 12:46:00,SL,-1.0,False,2026-04-29
2026-04-29 13:13:00+00:00,SELL,4549.35,4550.35,4547.85,4550.35,2026-04-29 13:14:00,SL,-1.0,False,2026-04-29
2026-04-29 13:15:00+00:00,SELL,4549.43,4550.43,4547.93,4547.93,2026-04-29 13:17:00,TP,1.5,False,2026-04-29
2026-04-29 13:29:00+00:00,SELL,4537.73,4538.73,4535.1,4538.73,2026-04-29 13:30:00,SL,-1.0,False,2026-04-29
2026-04-29 14:09:00+00:00,SELL,4520.06,4521.06,4517.94,4521.06,2026-04-29 14:10:00,SL,-1.0,False,2026-04-29
2026-04-29 14:13:00+00:00,SELL,4526.02,4527.02,4524.52,4524.52,2026-04-29 14:14:00,TP,1.5,False,2026-04-29
2026-04-29 14:14:00+00:00,SELL,4526.14,4527.14,4524.64,4527.14,2026-04-29 14:15:00,SL,-1.0,False,2026-04-29
2026-04-29 14:15:00+00:00,SELL,4526.28,4527.28,4524.78,4527.28,2026-04-29 14:16:00,SL,-1.0,False,2026-04-29
2026-04-29 14:20:00+00:00,SELL,4533.69,4534.69,4532.19,4534.69,2026-04-29 14:21:00,SL,-1.0,False,2026-04-29
2026-04-29 14:21:00+00:00,SELL,4534.41,4535.41,4532.91,4535.41,2026-04-29 14:22:00,SL,-1.0,False,2026-04-29
2026-04-29 14:22:00+00:00,SELL,4534.28,4535.28,4532.78,4535.28,2026-04-29 14:23:00,SL,-1.0,False,2026-04-29
2026-04-29 14:26:00+00:00,SELL,4534.38,4535.38,4532.88,4535.38,2026-04-29 14:27:00,SL,-1.0,False,2026-04-29
2026-04-29 14:29:00+00:00,SELL,4533.41,4534.41,4530.91,4534.41,2026-04-29 14:31:00,SL,-1.0,False,2026-04-29
2026-04-29 14:53:00+00:00,BUY,4534.69,4533.69,4536.23,4536.23,2026-04-29 14:54:00,TP,1.54,False,2026-04-29
2026-04-29 15:15:00+00:00,BUY,4537.91,4536.91,4540.66,4540.66,2026-04-29 15:16:00,TP,2.75,True,2026-04-29
2026-04-30 07:24:00+00:00,BUY,4588.06,4587.06,4589.56,4587.06,2026-04-30 07:25:00,SL,-1.0,False,2026-04-30
2026-04-30 07:25:00+00:00,BUY,4587.86,4586.86,4589.36,4589.36,2026-04-30 07:26:00,TP,1.5,False,2026-04-30
2026-04-30 08:16:00+00:00,BUY,4618.77,4617.77,4620.49,4620.49,2026-04-30 08:17:00,TP,1.72,False,2026-04-30
2026-04-30 08:37:00+00:00,BUY,4615.4,4614.4,4616.9,4616.9,2026-04-30 08:38:00,TP,1.5,False,2026-04-30
2026-04-30 08:40:00+00:00,BUY,4615.78,4614.78,4617.28,4614.78,2026-04-30 08:41:00,SL,-1.0,False,2026-04-30
2026-04-30 08:42:00+00:00,BUY,4614.82,4613.82,4616.32,4613.82,2026-04-30 08:44:00,SL,-1.0,False,2026-04-30
2026-04-30 08:44:00+00:00,BUY,4615.06,4614.06,4616.56,4616.56,2026-04-30 08:46:00,TP,1.5,True,2026-04-30
2026-04-30 08:47:00+00:00,BUY,4617.6,4616.6,4619.61,4616.6,2026-04-30 08:48:00,SL,-1.0,False,2026-04-30
2026-04-30 08:55:00+00:00,BUY,4616.73,4615.73,4618.64,4615.73,2026-04-30 09:02:00,SL,-1.0,False,2026-04-30
2026-04-30 08:56:00+00:00,BUY,4617.07,4616.07,4618.64,4616.07,2026-04-30 08:57:00,SL,-1.0,False,2026-04-30
2026-04-30 09:17:00+00:00,SELL,4617.37,4618.37,4615.6,4615.6,2026-04-30 09:22:00,TP,1.77,True,2026-04-30
2026-04-30 09:39:00+00:00,BUY,4624.21,4623.21,4626.49,4623.21,2026-04-30 09:40:00,SL,-1.0,False,2026-04-30
2026-04-30 10:03:00+00:00,SELL,4625.51,4626.51,4623.57,4626.51,2026-04-30 10:05:00,SL,-1.0,False,2026-04-30
2026-04-30 11:16:00+00:00,SELL,4636.69,4637.69,4634.27,4634.27,2026-04-30 11:17:00,TP,2.42,True,2026-04-30
2026-04-30 11:21:00+00:00,BUY,4638.57,4637.57,4641.19,4641.19,2026-04-30 11:22:00,TP,2.62,False,2026-04-30
2026-04-30 11:23:00+00:00,SELL,4640.62,4641.62,4638.68,4638.68,2026-04-30 11:24:00,TP,1.94,False,2026-04-30
2026-04-30 11:49:00+00:00,BUY,4635.03,4634.03,4636.53,4634.03,2026-04-30 11:50:00,SL,-1.0,False,2026-04-30
2026-04-30 12:09:00+00:00,SELL,4631.37,4632.37,4628.85,4632.37,2026-04-30 12:10:00,SL,-1.0,False,2026-04-30
2026-04-30 12:12:00+00:00,SELL,4634.8,4635.8,4633.3,4635.8,2026-04-30 12:14:00,SL,-1.0,False,2026-04-30
2026-04-30 12:17:00+00:00,BUY,4629.49,4628.49,4631.9,4631.9,2026-04-30 12:18:00,TP,2.41,False,2026-04-30
2026-04-30 12:19:00+00:00,SELL,4631.64,4632.64,4628.85,4632.64,2026-04-30 12:20:00,SL,-1.0,False,2026-04-30
2026-04-30 12:21:00+00:00,SELL,4636.62,4637.62,4635.12,4635.12,2026-04-30 12:22:00,TP,1.5,False,2026-04-30
2026-04-30 12:26:00+00:00,SELL,4631.87,4632.87,4630.37,4630.37,2026-04-30 12:27:00,TP,1.5,False,2026-04-30
2026-04-30 12:31:00+00:00,SELL,4632.26,4633.26,4630.74,4633.26,2026-04-30 12:32:00,SL,-1.0,False,2026-04-30
2026-04-30 12:37:00+00:00,BUY,4631.36,4630.36,4632.86,4632.86,2026-04-30 12:38:00,TP,1.5,False,2026-04-30
2026-04-30 12:53:00+00:00,SELL,4632.96,4633.96,4631.46,4633.96,2026-04-30 12:54:00,SL,-1.0,False,2026-04-30
2026-04-30 13:13:00+00:00,BUY,4639.29,4638.29,4640.79,4640.79,2026-04-30 13:14:00,TP,1.5,False,2026-04-30
2026-04-30 13:21:00+00:00,BUY,4636.81,4635.81,4638.31,4635.81,2026-04-30 13:22:00,SL,-1.0,False,2026-04-30
2026-04-30 13:22:00+00:00,BUY,4637.11,4636.11,4639.08,4636.11,2026-04-30 13:23:00,SL,-1.0,False,2026-04-30
2026-04-30 13:24:00+00:00,BUY,4635.47,4634.47,4636.97,4634.47,2026-04-30 13:26:00,SL,-1.0,False,2026-04-30
2026-04-30 14:06:00+00:00,SELL,4621.74,4622.74,4620.31,4622.74,2026-04-30 14:07:00,SL,-1.0,False,2026-04-30
2026-04-30 14:12:00+00:00,SELL,4617.69,4618.69,4616.27,4618.69,2026-04-30 14:13:00,SL,-1.0,False,2026-04-30
2026-04-30 14:20:00+00:00,SELL,4621.3,4622.3,4619.8,4622.3,2026-04-30 14:21:00,SL,-1.0,False,2026-04-30
2026-04-30 14:23:00+00:00,SELL,4623.39,4624.39,4621.89,4624.39,2026-04-30 14:24:00,SL,-1.0,True,2026-04-30
2026-04-30 14:29:00+00:00,SELL,4623.11,4624.11,4621.61,4621.61,2026-04-30 14:30:00,TP,1.5,False,2026-04-30
2026-04-30 14:48:00+00:00,SELL,4620.1,4621.1,4618.9,4621.1,2026-04-30 14:50:00,SL,-1.0,False,2026-04-30
2026-04-30 14:52:00+00:00,SELL,4622.32,4623.32,4619.45,4623.32,2026-04-30 14:54:00,SL,-1.0,False,2026-04-30
2026-04-30 14:53:00+00:00,SELL,4622.77,4623.77,4621.27,4621.27,2026-04-30 14:54:00,TP,1.5,False,2026-04-30
2026-04-30 14:57:00+00:00,SELL,4620.03,4621.03,4617.93,4621.03,2026-04-30 14:58:00,SL,-1.0,False,2026-04-30
2026-04-30 15:01:00+00:00,BUY,4620.85,4619.85,4623.06,4619.85,2026-04-30 15:02:00,SL,-1.0,False,2026-04-30
2026-04-30 15:03:00+00:00,BUY,4617.28,4616.28,4618.78,4616.28,2026-04-30 15:04:00,SL,-1.0,False,2026-04-30
2026-04-30 15:13:00+00:00,BUY,4618.1,4617.1,4620.85,4620.85,2026-04-30 15:15:00,TP,2.75,False,2026-04-30
2026-04-30 15:15:00+00:00,SELL,4620.81,4621.81,4617.93,4617.93,2026-04-30 15:16:00,TP,2.88,False,2026-04-30
2026-04-30 15:17:00+00:00,BUY,4618.99,4617.99,4620.49,4617.99,2026-04-30 15:19:00,SL,-1.0,False,2026-04-30
2026-04-30 15:30:00+00:00,SELL,4623.64,4624.64,4622.14,4624.64,2026-04-30 15:32:00,SL,-1.0,True,2026-04-30
2026-04-30 15:32:00+00:00,SELL,4623.16,4624.16,4621.66,4624.16,2026-04-30 15:34:00,SL,-1.0,True,2026-04-30
2026-04-30 15:34:00+00:00,SELL,4623.28,4624.28,4621.78,4624.28,2026-04-30 15:35:00,SL,-1.0,True,2026-04-30
2026-04-30 15:35:00+00:00,SELL,4623.52,4624.52,4621.79,4621.79,2026-04-30 15:36:00,TP,1.73,True,2026-04-30
2026-04-30 15:56:00+00:00,SELL,4615.6,4616.6,4612.76,4616.6,2026-04-30 15:57:00,SL,-1.0,False,2026-04-30
2026-05-01 07:00:00+00:00,SELL,4595.37,4596.37,4593.87,4593.87,2026-05-01 07:01:00,TP,1.5,True,2026-05-01
2026-05-01 07:20:00+00:00,SELL,4595.53,4596.53,4592.85,4592.85,2026-05-01 07:21:00,TP,2.68,True,2026-05-01
2026-05-01 08:07:00+00:00,SELL,4581.31,4582.31,4579.81,4579.81,2026-05-01 08:10:00,TP,1.5,False,2026-05-01
2026-05-01 09:21:00+00:00,SELL,4569.71,4570.71,4568.21,4570.71,2026-05-01 09:23:00,SL,-1.0,False,2026-05-01
2026-05-01 09:26:00+00:00,SELL,4569.24,4570.24,4567.74,4570.24,2026-05-01 09:28:00,SL,-1.0,False,2026-05-01
2026-05-01 09:35:00+00:00,SELL,4571.01,4572.01,4569.51,4572.01,2026-05-01 09:37:00,SL,-1.0,True,2026-05-01
2026-05-01 09:42:00+00:00,SELL,4572.07,4573.07,4570.85,4570.85,2026-05-01 09:43:00,TP,1.22,False,2026-05-01
2026-05-01 10:16:00+00:00,SELL,4567.52,4568.52,4565.26,4568.52,2026-05-01 10:19:00,SL,-1.0,False,2026-05-01
2026-05-01 10:36:00+00:00,SELL,4569.41,4570.41,4566.68,4570.41,2026-05-01 10:38:00,SL,-1.0,False,2026-05-01
2026-05-01 10:43:00+00:00,SELL,4569.97,4570.97,4567.55,4570.97,2026-05-01 10:46:00,SL,-1.0,False,2026-05-01
2026-05-01 10:46:00+00:00,SELL,4570.4,4571.4,4567.55,4571.4,2026-05-01 10:47:00,SL,-1.0,False,2026-05-01
2026-05-01 10:57:00+00:00,SELL,4567.76,4568.76,4565.26,4565.26,2026-05-01 11:01:00,TP,2.5,True,2026-05-01
2026-05-01 10:59:00+00:00,BUY,4567.06,4566.06,4568.3,4566.06,2026-05-01 11:00:00,SL,-1.0,True,2026-05-01
2026-05-01 11:00:00+00:00,BUY,4567.55,4566.55,4569.02,4566.55,2026-05-01 11:01:00,SL,-1.0,True,2026-05-01
2026-05-01 11:07:00+00:00,BUY,4566.98,4565.98,4569.02,4565.98,2026-05-01 11:10:00,SL,-1.0,True,2026-05-01
2026-05-01 11:14:00+00:00,BUY,4566.11,4565.11,4568.01,4565.11,2026-05-01 11:15:00,SL,-1.0,False,2026-05-01
2026-05-01 11:15:00+00:00,BUY,4566.53,4565.53,4568.01,4568.01,2026-05-01 11:16:00,TP,1.48,False,2026-05-01
2026-05-01 11:48:00+00:00,SELL,4574.74,4575.74,4573.24,4573.24,2026-05-01 11:51:00,TP,1.5,False,2026-05-01
2026-05-01 13:00:00+00:00,BUY,4591.77,4590.77,4593.69,4593.69,2026-05-01 13:01:00,TP,1.92,False,2026-05-01
2026-05-01 13:10:00+00:00,SELL,4595.52,4596.52,4594.02,4594.02,2026-05-01 13:12:00,TP,1.5,True,2026-05-01
2026-05-01 13:14:00+00:00,BUY,4591.52,4590.52,4593.69,4590.52,2026-05-01 13:15:00,SL,-1.0,False,2026-05-01
2026-05-01 13:19:00+00:00,BUY,4591.48,4590.48,4593.69,4590.48,2026-05-01 13:20:00,SL,-1.0,False,2026-05-01
2026-05-01 13:20:00+00:00,BUY,4591.98,4590.98,4593.69,4590.98,2026-05-01 13:22:00,SL,-1.0,False,2026-05-01
2026-05-01 13:21:00+00:00,SELL,4591.69,4592.69,4589.95,4592.69,2026-05-01 13:22:00,SL,-1.0,False,2026-05-01
2026-05-01 13:29:00+00:00,BUY,4589.44,4588.44,4590.94,4588.44,2026-05-01 13:30:00,SL,-1.0,False,2026-05-01
2026-05-01 13:30:00+00:00,BUY,4591.08,4590.08,4592.77,4592.77,2026-05-01 13:31:00,TP,1.69,True,2026-05-01
2026-05-01 14:50:00+00:00,BUY,4630.84,4629.84,4632.34,4629.84,2026-05-01 14:51:00,SL,-1.0,False,2026-05-01
2026-05-01 15:00:00+00:00,BUY,4631.55,4630.55,4634.18,4630.55,2026-05-01 15:01:00,SL,-1.0,True,2026-05-01
2026-05-01 15:03:00+00:00,BUY,4628.02,4627.02,4629.52,4627.02,2026-05-01 15:04:00,SL,-1.0,False,2026-05-01
2026-05-01 15:06:00+00:00,BUY,4625.95,4624.95,4627.45,4624.95,2026-05-01 15:07:00,SL,-1.0,False,2026-05-01
2026-05-01 15:09:00+00:00,BUY,4626.73,4625.73,4628.23,4625.73,2026-05-01 15:10:00,SL,-1.0,False,2026-05-01
2026-05-01 15:20:00+00:00,SELL,4638.98,4639.98,4637.48,4637.48,2026-05-01 15:22:00,TP,1.5,False,2026-05-01
2026-05-01 15:23:00+00:00,BUY,4636.72,4635.72,4638.22,4635.72,2026-05-01 15:25:00,SL,-1.0,False,2026-05-01
2026-05-01 15:26:00+00:00,SELL,4635.62,4636.62,4634.12,4636.62,2026-05-01 15:27:00,SL,-1.0,False,2026-05-01
2026-05-01 15:50:00+00:00,BUY,4642.89,4641.89,4644.39,4641.89,2026-05-01 15:51:00,SL,-1.0,True,2026-05-01
2026-05-04 07:02:00+00:00,SELL,4590.51,4591.51,4587.6,4591.51,2026-05-04 07:06:00,SL,-1.0,True,2026-05-04
2026-05-04 07:09:00+00:00,SELL,4591.18,4592.18,4589.68,4589.68,2026-05-04 07:10:00,TP,1.5,True,2026-05-04
2026-05-04 07:15:00+00:00,SELL,4591.91,4592.91,4590.41,4590.41,2026-05-04 07:16:00,TP,1.5,True,2026-05-04
2026-05-04 07:40:00+00:00,BUY,4585.51,4584.51,4588.24,4584.51,2026-05-04 07:42:00,SL,-1.0,False,2026-05-04
2026-05-04 07:42:00+00:00,BUY,4584.4,4583.4,4585.9,4583.4,2026-05-04 07:43:00,SL,-1.0,False,2026-05-04
2026-05-04 08:44:00+00:00,SELL,4578.22,4579.22,4576.35,4579.22,2026-05-04 08:50:00,SL,-1.0,True,2026-05-04
2026-05-04 08:45:00+00:00,SELL,4578.45,4579.45,4577.15,4577.15,2026-05-04 08:48:00,TP,1.3,True,2026-05-04
2026-05-04 08:46:00+00:00,SELL,4578.59,4579.59,4577.15,4577.15,2026-05-04 08:48:00,TP,1.44,True,2026-05-04
2026-05-04 09:01:00+00:00,BUY,4577.6,4576.6,4579.06,4579.06,2026-05-04 09:02:00,TP,1.46,True,2026-05-04
2026-05-04 09:03:00+00:00,SELL,4578.99,4579.99,4577.1,4579.99,2026-05-04 09:04:00,SL,-1.0,True,2026-05-04
2026-05-04 09:23:00+00:00,SELL,4581.41,4582.41,4579.22,4582.41,2026-05-04 09:33:00,SL,-1.0,True,2026-05-04
2026-05-04 09:26:00+00:00,SELL,4581.09,4582.09,4579.22,4582.09,2026-05-04 09:28:00,SL,-1.0,True,2026-05-04
2026-05-04 09:28:00+00:00,SELL,4581.02,4582.02,4579.22,4582.02,2026-05-04 09:33:00,SL,-1.0,True,2026-05-04
2026-05-04 09:29:00+00:00,SELL,4581.36,4582.36,4579.22,4582.36,2026-05-04 09:33:00,SL,-1.0,True,2026-05-04
2026-05-04 09:32:00+00:00,SELL,4581.15,4582.15,4579.22,4582.15,2026-05-04 09:33:00,SL,-1.0,True,2026-05-04
2026-05-04 09:46:00+00:00,BUY,4580.7,4579.7,4582.4,4582.4,2026-05-04 09:49:00,TP,1.7,True,2026-05-04
2026-05-04 10:43:00+00:00,SELL,4558.84,4559.84,4556.09,4559.84,2026-05-04 10:44:00,SL,-1.0,False,2026-05-04
2026-05-04 10:47:00+00:00,SELL,4563.35,4564.35,4561.85,4564.35,2026-05-04 10:48:00,SL,-1.0,False,2026-05-04
2026-05-04 10:51:00+00:00,SELL,4564.23,4565.23,4562.73,4565.23,2026-05-04 10:52:00,SL,-1.0,False,2026-05-04
2026-05-04 10:53:00+00:00,SELL,4563.29,4564.29,4561.79,4564.29,2026-05-04 10:54:00,SL,-1.0,False,2026-05-04
2026-05-04 10:58:00+00:00,SELL,4563.39,4564.39,4560.44,4564.39,2026-05-04 11:00:00,SL,-1.0,False,2026-05-04
2026-05-04 11:01:00+00:00,SELL,4566.78,4567.78,4565.28,4567.78,2026-05-04 11:02:00,SL,-1.0,False,2026-05-04
2026-05-04 11:03:00+00:00,SELL,4566.37,4567.37,4564.87,4564.87,2026-05-04 11:04:00,TP,1.5,False,2026-05-04
2026-05-04 11:10:00+00:00,SELL,4566.71,4567.71,4565.21,4565.21,2026-05-04 11:11:00,TP,1.5,False,2026-05-04
2026-05-04 11:14:00+00:00,SELL,4565.26,4566.26,4563.56,4566.26,2026-05-04 11:15:00,SL,-1.0,False,2026-05-04
2026-05-04 11:25:00+00:00,BUY,4564.3,4563.3,4567.07,4563.3,2026-05-04 11:26:00,SL,-1.0,True,2026-05-04
2026-05-04 11:26:00+00:00,BUY,4563.66,4562.66,4565.16,4562.66,2026-05-04 11:27:00,SL,-1.0,True,2026-05-04
2026-05-04 11:31:00+00:00,BUY,4560.56,4559.56,4562.06,4562.06,2026-05-04 11:32:00,TP,1.5,False,2026-05-04
2026-05-04 11:41:00+00:00,BUY,4556.35,4555.35,4557.85,4555.35,2026-05-04 11:42:00,SL,-1.0,False,2026-05-04
2026-05-04 11:48:00+00:00,BUY,4555.42,4554.42,4558.15,4554.42,2026-05-04 11:49:00,SL,-1.0,False,2026-05-04
2026-05-04 11:49:00+00:00,BUY,4556.01,4555.01,4558.15,4558.15,2026-05-04 11:50:00,TP,2.14,False,2026-05-04
2026-05-04 11:53:00+00:00,BUY,4558.94,4557.94,4560.15,4557.94,2026-05-04 11:54:00,SL,-1.0,False,2026-05-04
2026-05-04 11:54:00+00:00,BUY,4559.0,4558.0,4560.6,4558.0,2026-05-04 11:55:00,SL,-1.0,False,2026-05-04
2026-05-04 11:55:00+00:00,BUY,4559.02,4558.02,4560.6,4560.6,2026-05-04 11:56:00,TP,1.58,False,2026-05-04
2026-05-04 11:58:00+00:00,SELL,4562.2,4563.2,4560.7,4560.7,2026-05-04 11:59:00,TP,1.5,False,2026-05-04
2026-05-04 12:01:00+00:00,SELL,4559.93,4560.93,4557.1,4560.93,2026-05-04 12:02:00,SL,-1.0,True,2026-05-04
2026-05-04 12:11:00+00:00,SELL,4563.26,4564.26,4561.76,4564.26,2026-05-04 12:12:00,SL,-1.0,True,2026-05-04
2026-05-04 12:32:00+00:00,BUY,4566.11,4565.11,4567.61,4565.11,2026-05-04 12:33:00,SL,-1.0,False,2026-05-04
2026-05-04 12:33:00+00:00,BUY,4566.24,4565.24,4567.74,4565.24,2026-05-04 12:34:00,SL,-1.0,False,2026-05-04
2026-05-04 12:34:00+00:00,BUY,4566.28,4565.28,4567.78,4565.28,2026-05-04 12:35:00,SL,-1.0,False,2026-05-04
2026-05-04 13:00:00+00:00,SELL,4563.74,4564.74,4561.32,4564.74,2026-05-04 13:01:00,SL,-1.0,False,2026-05-04
2026-05-04 13:01:00+00:00,BUY,4565.16,4564.16,4567.6,4564.16,2026-05-04 13:02:00,SL,-1.0,False,2026-05-04
2026-05-04 13:05:00+00:00,BUY,4565.71,4564.71,4567.6,4567.6,2026-05-04 13:06:00,TP,1.89,False,2026-05-04
2026-05-04 13:10:00+00:00,SELL,4572.1,4573.1,4570.6,4573.1,2026-05-04 13:11:00,SL,-1.0,False,2026-05-04
2026-05-04 13:11:00+00:00,SELL,4571.65,4572.65,4570.15,4572.65,2026-05-04 13:12:00,SL,-1.0,False,2026-05-04
2026-05-04 13:14:00+00:00,SELL,4566.1,4567.1,4564.6,4567.1,2026-05-04 13:15:00,SL,-1.0,False,2026-05-04
2026-05-04 13:15:00+00:00,SELL,4566.52,4567.52,4565.02,4565.02,2026-05-04 13:16:00,TP,1.5,False,2026-05-04
2026-05-04 13:30:00+00:00,BUY,4560.85,4559.85,4562.35,4559.85,2026-05-04 13:31:00,SL,-1.0,False,2026-05-04
2026-05-04 13:33:00+00:00,SELL,4566.2,4567.2,4563.47,4567.2,2026-05-04 13:34:00,SL,-1.0,False,2026-05-04
2026-05-04 13:39:00+00:00,SELL,4566.85,4567.85,4564.01,4564.01,2026-05-04 13:40:00,TP,2.84,False,2026-05-04
2026-05-04 13:42:00+00:00,SELL,4565.11,4566.11,4563.46,4566.11,2026-05-04 13:43:00,SL,-1.0,False,2026-05-04
2026-05-04 13:43:00+00:00,SELL,4564.95,4565.95,4563.46,4565.95,2026-05-04 13:44:00,SL,-1.0,False,2026-05-04
2026-05-04 13:44:00+00:00,SELL,4565.56,4566.56,4564.01,4566.56,2026-05-04 13:45:00,SL,-1.0,False,2026-05-04
2026-05-04 13:45:00+00:00,SELL,4565.32,4566.32,4564.01,4566.32,2026-05-04 13:46:00,SL,-1.0,False,2026-05-04
2026-05-04 13:46:00+00:00,SELL,4563.97,4564.97,4562.62,4562.62,2026-05-04 13:47:00,TP,1.35,False,2026-05-04
2026-05-04 13:52:00+00:00,SELL,4562.8,4563.8,4561.56,4561.56,2026-05-04 13:53:00,TP,1.24,False,2026-05-04
2026-05-04 14:02:00+00:00,SELL,4563.28,4564.28,4561.78,4561.78,2026-05-04 14:03:00,TP,1.5,True,2026-05-04
2026-05-04 14:13:00+00:00,SELL,4560.72,4561.72,4559.22,4561.72,2026-05-04 14:14:00,SL,-1.0,False,2026-05-04
2026-05-04 14:14:00+00:00,SELL,4560.31,4561.31,4557.52,4561.31,2026-05-04 14:15:00,SL,-1.0,False,2026-05-04
2026-05-04 14:43:00+00:00,BUY,4575.69,4574.69,4577.19,4574.69,2026-05-04 14:44:00,SL,-1.0,False,2026-05-04
2026-05-04 14:49:00+00:00,BUY,4570.93,4569.93,4572.43,4569.93,2026-05-04 14:50:00,SL,-1.0,False,2026-05-04
2026-05-04 15:00:00+00:00,SELL,4563.27,4564.27,4561.77,4561.77,2026-05-04 15:01:00,TP,1.5,False,2026-05-04
2026-05-04 15:01:00+00:00,SELL,4563.23,4564.23,4561.73,4564.23,2026-05-04 15:02:00,SL,-1.0,False,2026-05-04
2026-05-04 15:02:00+00:00,SELL,4562.05,4563.05,4560.55,4560.55,2026-05-04 15:03:00,TP,1.5,False,2026-05-04
2026-05-04 15:38:00+00:00,SELL,4535.95,4536.95,4534.45,4536.95,2026-05-04 15:39:00,SL,-1.0,False,2026-05-04
2026-05-05 07:11:00+00:00,BUY,4551.99,4550.99,4554.43,4550.99,2026-05-05 07:12:00,SL,-1.0,False,2026-05-05
2026-05-05 07:12:00+00:00,BUY,4552.24,4551.24,4554.43,4554.43,2026-05-05 07:13:00,TP,2.19,False,2026-05-05
2026-05-05 07:26:00+00:00,BUY,4550.89,4549.89,4552.39,4549.89,2026-05-05 07:27:00,SL,-1.0,False,2026-05-05
2026-05-05 08:11:00+00:00,SELL,4548.23,4549.23,4546.73,4549.23,2026-05-05 08:12:00,SL,-1.0,False,2026-05-05
2026-05-05 08:23:00+00:00,SELL,4552.84,4553.84,4551.34,4551.34,2026-05-05 08:24:00,TP,1.5,True,2026-05-05
2026-05-05 08:26:00+00:00,SELL,4553.52,4554.52,4552.02,4554.52,2026-05-05 08:27:00,SL,-1.0,False,2026-05-05
2026-05-05 08:30:00+00:00,SELL,4551.12,4552.12,4549.36,4552.12,2026-05-05 08:31:00,SL,-1.0,False,2026-05-05
2026-05-05 08:41:00+00:00,BUY,4551.12,4550.12,4553.02,4550.12,2026-05-05 08:42:00,SL,-1.0,True,2026-05-05
2026-05-05 08:44:00+00:00,BUY,4549.97,4548.97,4551.73,4551.73,2026-05-05 08:45:00,TP,1.76,False,2026-05-05
2026-05-05 08:45:00+00:00,SELL,4550.34,4551.34,4547.98,4551.34,2026-05-05 08:49:00,SL,-1.0,False,2026-05-05
2026-05-05 08:48:00+00:00,BUY,4551.16,4550.16,4553.18,4550.16,2026-05-05 08:49:00,SL,-1.0,True,2026-05-05
2026-05-05 08:49:00+00:00,BUY,4551.86,4550.86,4553.18,4553.18,2026-05-05 08:50:00,TP,1.32,True,2026-05-05
2026-05-05 09:20:00+00:00,BUY,4554.02,4553.02,4555.52,4555.52,2026-05-05 09:22:00,TP,1.5,True,2026-05-05
2026-05-05 09:21:00+00:00,BUY,4553.97,4552.97,4555.47,4555.47,2026-05-05 09:22:00,TP,1.5,True,2026-05-05
2026-05-05 09:35:00+00:00,BUY,4553.52,4552.52,4555.78,4555.78,2026-05-05 09:39:00,TP,2.26,True,2026-05-05
2026-05-05 09:36:00+00:00,BUY,4553.58,4552.58,4555.78,4555.78,2026-05-05 09:39:00,TP,2.2,True,2026-05-05
2026-05-05 09:39:00+00:00,SELL,4554.98,4555.98,4553.19,4555.98,2026-05-05 09:42:00,SL,-1.0,False,2026-05-05
2026-05-05 09:49:00+00:00,BUY,4553.82,4552.82,4555.78,4555.78,2026-05-05 09:59:00,TP,1.96,True,2026-05-05
2026-05-05 09:52:00+00:00,BUY,4554.1,4553.1,4555.78,4555.78,2026-05-05 09:59:00,TP,1.68,True,2026-05-05
2026-05-05 09:53:00+00:00,BUY,4554.4,4553.4,4555.78,4555.78,2026-05-05 09:59:00,TP,1.38,True,2026-05-05
2026-05-05 10:00:00+00:00,SELL,4556.55,4557.55,4553.74,4553.74,2026-05-05 10:09:00,TP,2.81,True,2026-05-05
2026-05-05 10:01:00+00:00,SELL,4556.68,4557.68,4553.74,4553.74,2026-05-05 10:09:00,TP,2.94,True,2026-05-05
2026-05-05 10:06:00+00:00,SELL,4555.64,4556.64,4553.74,4553.74,2026-05-05 10:09:00,TP,1.9,True,2026-05-05
2026-05-05 10:14:00+00:00,BUY,4553.15,4552.15,4554.99,4554.99,2026-05-05 10:16:00,TP,1.84,False,2026-05-05
2026-05-05 10:32:00+00:00,BUY,4548.02,4547.02,4549.52,4549.52,2026-05-05 10:33:00,TP,1.5,False,2026-05-05
2026-05-05 11:07:00+00:00,BUY,4546.79,4545.79,4548.29,4548.29,2026-05-05 11:08:00,TP,1.5,False,2026-05-05
2026-05-05 11:16:00+00:00,SELL,4552.78,4553.78,4551.05,4551.05,2026-05-05 11:17:00,TP,1.73,False,2026-05-05
2026-05-05 11:17:00+00:00,BUY,4552.06,4551.06,4553.77,4551.06,2026-05-05 11:19:00,SL,-1.0,True,2026-05-05
2026-05-05 11:23:00+00:00,SELL,4555.02,4556.02,4553.52,4556.02,2026-05-05 11:28:00,SL,-1.0,False,2026-05-05
2026-05-05 11:39:00+00:00,BUY,4556.76,4555.76,4558.26,4558.26,2026-05-05 11:40:00,TP,1.5,False,2026-05-05
2026-05-05 12:05:00+00:00,BUY,4556.84,4555.84,4558.34,4558.34,2026-05-05 12:06:00,TP,1.5,True,2026-05-05
2026-05-05 12:45:00+00:00,BUY,4566.94,4565.94,4568.44,4565.94,2026-05-05 12:46:00,SL,-1.0,True,2026-05-05
2026-05-05 13:01:00+00:00,BUY,4567.36,4566.36,4570.12,4570.12,2026-05-05 13:02:00,TP,2.76,True,2026-05-05
2026-05-05 13:37:00+00:00,BUY,4574.84,4573.84,4576.34,4573.84,2026-05-05 13:38:00,SL,-1.0,False,2026-05-05
2026-05-05 14:05:00+00:00,BUY,4577.94,4576.94,4579.44,4579.44,2026-05-05 14:06:00,TP,1.5,False,2026-05-05
2026-05-05 14:14:00+00:00,BUY,4573.69,4572.69,4575.19,4572.69,2026-05-05 14:15:00,SL,-1.0,False,2026-05-05
2026-05-05 14:20:00+00:00,BUY,4569.98,4568.98,4571.48,4571.48,2026-05-05 14:21:00,TP,1.5,False,2026-05-05
2026-05-05 14:36:00+00:00,BUY,4580.27,4579.27,4581.77,4579.27,2026-05-05 14:37:00,SL,-1.0,False,2026-05-05
2026-05-05 14:37:00+00:00,BUY,4579.11,4578.11,4580.61,4578.11,2026-05-05 14:38:00,SL,-1.0,False,2026-05-05
2026-05-05 14:50:00+00:00,BUY,4577.76,4576.76,4579.26,4576.76,2026-05-05 14:51:00,SL,-1.0,False,2026-05-05
2026-05-05 14:54:00+00:00,BUY,4578.58,4577.58,4580.08,4580.08,2026-05-05 14:55:00,TP,1.5,False,2026-05-05
2026-05-05 15:10:00+00:00,BUY,4580.23,4579.23,4582.27,4579.23,2026-05-05 15:17:00,SL,-1.0,False,2026-05-05
2026-05-05 15:13:00+00:00,BUY,4580.52,4579.52,4582.27,4579.52,2026-05-05 15:17:00,SL,-1.0,False,2026-05-05
2026-05-05 15:14:00+00:00,BUY,4580.89,4579.89,4582.27,4579.89,2026-05-05 15:15:00,SL,-1.0,False,2026-05-05
2026-05-05 15:16:00+00:00,BUY,4579.89,4578.89,4582.27,4578.89,2026-05-05 15:17:00,SL,-1.0,True,2026-05-05
2026-05-05 15:23:00+00:00,BUY,4579.88,4578.88,4581.65,4578.88,2026-05-05 15:24:00,SL,-1.0,True,2026-05-05
2026-05-05 15:30:00+00:00,SELL,4579.78,4580.78,4578.28,4578.28,2026-05-05 15:31:00,TP,1.5,False,2026-05-05
2026-05-05 15:38:00+00:00,BUY,4577.5,4576.5,4579.4,4576.5,2026-05-05 15:39:00,SL,-1.0,True,2026-05-05
2026-05-05 15:47:00+00:00,SELL,4574.25,4575.25,4572.75,4572.75,2026-05-05 15:48:00,TP,1.5,False,2026-05-05
2026-05-05 15:50:00+00:00,SELL,4574.49,4575.49,4572.37,4572.37,2026-05-05 15:52:00,TP,2.12,True,2026-05-05
2026-05-06 07:30:00+00:00,SELL,4667.39,4668.39,4666.03,4668.39,2026-05-06 07:31:00,SL,-1.0,False,2026-05-06
2026-05-06 07:34:00+00:00,SELL,4665.98,4666.98,4663.29,4663.29,2026-05-06 07:36:00,TP,2.69,False,2026-05-06
2026-05-06 07:36:00+00:00,BUY,4664.73,4663.73,4666.23,4666.23,2026-05-06 07:39:00,TP,1.5,True,2026-05-06
2026-05-06 09:23:00+00:00,BUY,4693.48,4692.48,4694.98,4694.98,2026-05-06 09:24:00,TP,1.5,False,2026-05-06
2026-05-06 09:45:00+00:00,BUY,4695.52,4694.52,4697.02,4697.02,2026-05-06 09:46:00,TP,1.5,False,2026-05-06
2026-05-06 10:13:00+00:00,BUY,4698.47,4697.47,4699.97,4697.47,2026-05-06 10:15:00,SL,-1.0,False,2026-05-06
2026-05-06 11:06:00+00:00,BUY,4716.81,4715.81,4718.31,4718.31,2026-05-06 11:08:00,TP,1.5,False,2026-05-06
2026-05-06 11:14:00+00:00,BUY,4712.03,4711.03,4713.53,4713.53,2026-05-06 11:15:00,TP,1.5,False,2026-05-06
2026-05-06 11:15:00+00:00,BUY,4712.23,4711.23,4715.05,4711.23,2026-05-06 11:16:00,SL,-1.0,False,2026-05-06
2026-05-06 11:19:00+00:00,BUY,4712.09,4711.09,4713.6,4711.09,2026-05-06 11:20:00,SL,-1.0,False,2026-05-06
2026-05-06 11:24:00+00:00,BUY,4710.14,4709.14,4711.64,4711.64,2026-05-06 11:25:00,TP,1.5,True,2026-05-06
2026-05-06 11:25:00+00:00,BUY,4711.15,4710.15,4713.58,4710.15,2026-05-06 11:27:00,SL,-1.0,False,2026-05-06
2026-05-06 11:36:00+00:00,SELL,4713.03,4714.03,4711.59,4714.03,2026-05-06 11:37:00,SL,-1.0,True,2026-05-06
2026-05-06 13:05:00+00:00,SELL,4684.56,4685.56,4683.06,4683.06,2026-05-06 13:06:00,TP,1.5,True,2026-05-06
2026-05-06 13:13:00+00:00,BUY,4679.55,4678.55,4681.59,4681.59,2026-05-06 13:14:00,TP,2.04,False,2026-05-06
2026-05-06 13:19:00+00:00,SELL,4683.04,4684.04,4681.54,4681.54,2026-05-06 13:20:00,TP,1.5,False,2026-05-06
2026-05-06 14:08:00+00:00,BUY,4704.83,4703.83,4707.82,4707.82,2026-05-06 14:09:00,TP,2.99,False,2026-05-06
2026-05-06 14:56:00+00:00,SELL,4704.09,4705.09,4702.59,4705.09,2026-05-06 14:57:00,SL,-1.0,False,2026-05-06
2026-05-06 14:57:00+00:00,SELL,4703.59,4704.59,4700.84,4704.59,2026-05-06 15:01:00,SL,-1.0,False,2026-05-06
2026-05-08 07:26:00+00:00,BUY,4700.83,4699.83,4702.33,4699.83,2026-05-08 07:27:00,SL,-1.0,False,2026-05-08
2026-05-08 07:37:00+00:00,SELL,4710.64,4711.64,4709.14,4709.14,2026-05-08 07:38:00,TP,1.5,False,2026-05-08
2026-05-08 07:52:00+00:00,SELL,4709.36,4710.36,4708.14,4710.36,2026-05-08 07:53:00,SL,-1.0,False,2026-05-08
2026-05-08 07:56:00+00:00,BUY,4708.4,4707.4,4710.09,4707.4,2026-05-08 07:57:00,SL,-1.0,True,2026-05-08
2026-05-08 08:01:00+00:00,BUY,4709.19,4708.19,4711.8,4708.19,2026-05-08 08:02:00,SL,-1.0,True,2026-05-08
2026-05-08 08:02:00+00:00,BUY,4709.56,4708.56,4711.8,4708.56,2026-05-08 08:03:00,SL,-1.0,True,2026-05-08
2026-05-08 08:06:00+00:00,BUY,4707.76,4706.76,4709.85,4709.85,2026-05-08 08:09:00,TP,2.09,True,2026-05-08
2026-05-08 08:43:00+00:00,BUY,4717.89,4716.89,4720.36,4716.89,2026-05-08 08:44:00,SL,-1.0,False,2026-05-08
2026-05-08 08:45:00+00:00,BUY,4717.34,4716.34,4718.84,4718.84,2026-05-08 08:48:00,TP,1.5,False,2026-05-08
2026-05-08 08:51:00+00:00,BUY,4718.09,4717.09,4720.31,4717.09,2026-05-08 08:53:00,SL,-1.0,False,2026-05-08
2026-05-08 08:52:00+00:00,BUY,4718.15,4717.15,4720.31,4717.15,2026-05-08 08:53:00,SL,-1.0,False,2026-05-08
2026-05-08 08:55:00+00:00,BUY,4716.76,4715.76,4718.26,4715.76,2026-05-08 08:56:00,SL,-1.0,True,2026-05-08
2026-05-08 08:56:00+00:00,BUY,4716.88,4715.88,4718.38,4715.88,2026-05-08 08:59:00,SL,-1.0,True,2026-05-08
2026-05-08 08:59:00+00:00,BUY,4715.76,4714.76,4717.46,4714.76,2026-05-08 09:00:00,SL,-1.0,True,2026-05-08
2026-05-08 09:07:00+00:00,SELL,4718.88,4719.88,4717.56,4717.56,2026-05-08 09:08:00,TP,1.32,True,2026-05-08
2026-05-08 09:11:00+00:00,BUY,4716.25,4715.25,4717.46,4717.46,2026-05-08 09:12:00,TP,1.21,True,2026-05-08
2026-05-08 09:12:00+00:00,SELL,4716.5,4717.5,4713.58,4717.5,2026-05-08 09:13:00,SL,-1.0,False,2026-05-08
2026-05-08 09:27:00+00:00,SELL,4721.38,4722.38,4719.62,4719.62,2026-05-08 09:29:00,TP,1.76,True,2026-05-08
2026-05-08 09:30:00+00:00,BUY,4718.06,4717.06,4720.4,4717.06,2026-05-08 09:31:00,SL,-1.0,False,2026-05-08
2026-05-08 09:32:00+00:00,BUY,4714.51,4713.51,4716.01,4713.51,2026-05-08 09:33:00,SL,-1.0,False,2026-05-08
2026-05-08 09:39:00+00:00,BUY,4713.59,4712.59,4715.25,4712.59,2026-05-08 09:40:00,SL,-1.0,False,2026-05-08
2026-05-08 10:01:00+00:00,SELL,4713.57,4714.57,4712.07,4712.07,2026-05-08 10:06:00,TP,1.5,False,2026-05-08
2026-05-08 10:51:00+00:00,SELL,4718.6,4719.6,4717.1,4719.6,2026-05-08 10:52:00,SL,-1.0,False,2026-05-08
2026-05-08 10:56:00+00:00,BUY,4718.05,4717.05,4719.81,4717.05,2026-05-08 10:57:00,SL,-1.0,True,2026-05-08
2026-05-08 11:06:00+00:00,BUY,4725.8,4724.8,4727.85,4724.8,2026-05-08 11:08:00,SL,-1.0,False,2026-05-08
2026-05-08 11:09:00+00:00,BUY,4724.64,4723.64,4727.49,4723.64,2026-05-08 11:10:00,SL,-1.0,False,2026-05-08
2026-05-08 11:11:00+00:00,BUY,4720.72,4719.72,4722.99,4722.99,2026-05-08 11:15:00,TP,2.27,True,2026-05-08
2026-05-08 11:12:00+00:00,BUY,4720.45,4719.45,4721.76,4721.76,2026-05-08 11:14:00,TP,1.31,True,2026-05-08
2026-05-08 11:13:00+00:00,BUY,4720.44,4719.44,4721.76,4721.76,2026-05-08 11:14:00,TP,1.32,False,2026-05-08
2026-05-08 11:18:00+00:00,SELL,4722.22,4723.22,4720.24,4723.22,2026-05-08 12:47:00,SL,-1.0,False,2026-05-08
2026-05-08 12:59:00+00:00,SELL,4724.02,4725.02,4721.74,4725.02,2026-05-08 13:00:00,SL,-1.0,False,2026-05-08
2026-05-08 13:00:00+00:00,SELL,4724.38,4725.38,4721.74,4725.38,2026-05-08 13:01:00,SL,-1.0,False,2026-05-08
2026-05-08 13:05:00+00:00,SELL,4723.38,4724.38,4721.74,4721.74,2026-05-08 13:06:00,TP,1.64,False,2026-05-08
2026-05-08 13:07:00+00:00,BUY,4720.71,4719.71,4722.21,4719.71,2026-05-08 13:08:00,SL,-1.0,False,2026-05-08
2026-05-08 13:08:00+00:00,BUY,4720.27,4719.27,4721.77,4719.27,2026-05-08 13:09:00,SL,-1.0,False,2026-05-08
2026-05-08 13:10:00+00:00,BUY,4719.51,4718.51,4721.01,4718.51,2026-05-08 13:11:00,SL,-1.0,False,2026-05-08
2026-05-08 13:15:00+00:00,SELL,4721.1,4722.1,4719.02,4722.1,2026-05-08 13:16:00,SL,-1.0,False,2026-05-08
