strategy,side,entry_time,entry_px,sl,tp,exit_time,exit_px,outcome,pts0,risk,r,hour,be_armed,reason,q_outcome,q_pts0,arm,module,q_pts,m_pts,live_idx,live_status,live_signal_id,live_active,after_kill,g_adverse,g_outcome,g_pts,g_raw
s99_mss_fvg,BUY,2026-07-07 08:21:00+00:00,4134.485,4130.07,4141.11,2026-07-07 08:36:00+00:00,4130.07,SL,-4.415,4.415,-1.0,8,False,S99_MSS_FVG_LONG,SL,-4.414999999999964,s99,s99_mss_fvg,-4.864999999999964,-5.165,1,PLACED,25021fb2-31fa-4945-90a0-e04b44f5169b,True,False,-0.11499999999978172,SL,-4.560000000000182,-4.300000000000182
s99_mss_fvg,BUY,2026-07-07 09:47:00+00:00,4129.39,4127.42,4132.35,2026-07-07 09:49:00+00:00,4127.42,SL,-1.97,1.97,-1.0,9,False,S99_MSS_FVG_LONG,SL,-1.9700000000002549,s99,s99_mss_fvg,-2.420000000000255,-2.72,3,PLACED,4ce844e6-e781-46e7-b87d-9ea5a8d3a605,True,False,-0.8900000000003274,SL,-1.3399999999999272,-1.0799999999999272
s99_mss_fvg,BUY,2026-07-07 11:31:00+00:00,4139.63,4133.54,4148.77,2026-07-07 11:44:00+00:00,4148.77,TP,9.14,6.09,1.5008,11,False,S99_MSS_FVG_LONG,TP,9.140000000000327,s99,s99_mss_fvg,8.690000000000328,8.39,4,PLACED,52098aeb-9357-478b-86ae-9571dff93188,True,False,0.569999999999709,REJ,,
s99_mss_fvg,BUY,2026-07-07 12:20:00+00:00,4165.88,4158.77,4176.55,2026-07-07 13:00:00+00:00,4176.55,TP,10.67,7.11,1.5007,12,False,S99_MSS_FVG_LONG,TP,10.670000000000073,s99,s99_mss_fvg,10.220000000000072,9.92,5,PLACED,b098ccc5-61bb-42e2-9501-de815a8cad82,True,False,0.8099999999994907,REJ,,
s99_mss_fvg,SELL,2026-07-08 07:28:00+00:00,4121.365,4124.31,4116.95,2026-07-08 07:31:00+00:00,4124.31,SL,-2.945,2.945,-1.0,7,False,S99_MSS_FVG_SHORT,SL,-2.9450000000006185,s99,s99_mss_fvg,-3.395000000000618,-3.695,6,PLACED,2494f34d-f69e-4832-a0c7-7fe1db22f32f,True,False,1.3850000000002183,REJ,,
s99_mss_fvg,SELL,2026-07-08 08:46:00+00:00,4068.12,4080.39,4049.72,2026-07-08 09:43:00+00:00,4049.72,TP,18.4,12.27,1.4996,8,False,S99_MSS_FVG_SHORT,TP,18.40000000000009,s99,s99_mss_fvg,17.95000000000009,17.65,7,no_add_to_loser,682a61a9-80a8-4888-9c22-1c2e174279c3,True,False,-1.550000000000182,TP,19.950000000000273,19.950000000000273
s99_mss_fvg,SELL,2026-07-08 14:51:00+00:00,4040.375,4043.87,4035.13,2026-07-08 14:52:00+00:00,4043.87,SL,-3.495,3.495,-1.0,14,False,S99_MSS_FVG_SHORT,SL,-3.494999999999891,s99,s99_mss_fvg,-3.944999999999891,-4.245,9,PLACED,eadadbdb-7383-4e0b-a361-bf96382a15ac,True,False,-1.8550000000000182,SL,-1.8999999999998727,-1.6399999999998727
s99_mss_fvg,SELL,2026-07-08 15:20:00+00:00,4034.915,4039.09,4028.65,2026-07-08 15:22:00+00:00,4028.65,TP,6.265,4.175,1.5006,15,False,S99_MSS_FVG_SHORT,TP,6.264999999999873,s99,s99_mss_fvg,5.8149999999998725,5.515,10,PLACED,e560412d-a655-4814-96d1-9f79b61101ac,True,False,1.2550000000001091,REJ,,
s99_mss_fvg,BUY,2026-07-09 06:40:00+00:00,4097.555,4094.57,4102.03,2026-07-09 06:43:00+00:00,4102.03,TP,4.475,2.985,1.4992,6,False,S99_MSS_FVG_LONG,TP,4.474999999999454,s99,s99_mss_fvg,4.024999999999454,3.725,11,PLACED,afd064be-c0c8-462d-a007-463b23c9da00,True,False,0.6749999999992724,REJ,,
s99_mss_fvg,BUY,2026-07-09 08:30:00+00:00,4114.125,4112.32,4116.83,2026-07-09 08:31:00+00:00,4116.83,TP,2.705,1.805,1.4986,8,False,S99_MSS_FVG_LONG,SL,-1.805000000000291,s99,s99_mss_fvg,-2.255000000000291,1.955,12,PLACED,e52ad849-29f4-4461-a095-95648407d520,True,False,2.4849999999996726,REJ,,
s99_mss_fvg,BUY,2026-07-09 12:15:00+00:00,4112.365,4109.21,4117.1,2026-07-09 12:19:00+00:00,4109.21,SL,-3.155,3.155,-1.0,12,False,S99_MSS_FVG_LONG,SL,-3.1549999999997453,s99,s99_mss_fvg,-3.6049999999997455,-3.905,14,PLACED,2c668593-66e3-4cc2-9380-65a385e52544,True,False,-0.625,SL,-2.789999999999745,-2.5299999999997453
s99_mss_fvg,SELL,2026-07-10 07:50:00+00:00,4107.465,4111.2,4101.86,2026-07-10 08:35:00+00:00,4101.86,TP,5.605,3.735,1.5007,7,False,S99_MSS_FVG_SHORT,TP,5.605000000000473,s99,s99_mss_fvg,5.155000000000473,4.855,15,no_add_to_loser,068866bc-c72c-459b-bef2-733563126507,True,False,0.25500000000010914,TP,5.350000000000364,5.350000000000364
s99_mss_fvg,SELL,2026-07-10 09:00:00+00:00,4098.775,4100.63,4095.99,2026-07-10 09:01:00+00:00,4095.99,TP,2.785,1.855,1.5013,9,False,S99_MSS_FVG_SHORT,TP,2.7849999999998545,s99,s99_mss_fvg,2.3349999999998543,2.035,16,no_add_to_loser,228a296c-3f64-4293-acfe-6c7adbf426ee,True,False,0.8449999999993452,REJ,,
s99_mss_fvg,BUY,2026-07-10 12:20:00+00:00,4108.01,4103.2,4115.23,2026-07-10 12:33:00+00:00,4103.2,SL,-4.81,4.81,-1.0,12,False,S99_MSS_FVG_LONG,SL,-4.8100000000004,s99,s99_mss_fvg,-5.2600000000004,-5.56,18,PLACED,a774cebf-2805-4718-a6a0-3a29b83c9cc3,True,False,2.4799999999995634,REJ,,
s99_mss_fvg,SELL,2026-07-13 06:21:00+00:00,4056.36,4059.06,4052.31,2026-07-13 06:26:00+00:00,4059.06,SL,-2.7,2.7,-1.0,6,False,S99_MSS_FVG_SHORT,SL,-2.699999999999818,s99,s99_mss_fvg,-3.1499999999998183,-3.45,19,PLACED,c5aa925a-5754-4d4d-bc92-7b1cd62ef776,True,False,0.40000000000009095,SL,-3.359999999999909,-3.099999999999909
s99_mss_fvg,BUY,2026-07-13 08:30:00+00:00,4073.595,4070.68,4077.97,2026-07-13 08:53:00+00:00,4077.97,TP,4.375,2.915,1.5009,8,False,S99_MSS_FVG_LONG,TP,4.375,s99,s99_mss_fvg,3.925,3.625,20,no_add_to_loser,bcab9e4c-0dbc-4143-b17a-d64da203a3fe,True,False,0.06500000000005457,TP,4.309999999999945,4.309999999999945
s99_mss_fvg,SELL,2026-07-13 10:50:00+00:00,4054.545,4066.97,4035.91,2026-07-13 11:06:00+00:00,4066.97,SL,-12.425,12.425,-1.0,10,False,S99_MSS_FVG_SHORT,SL,-12.424999999999727,s99,s99_mss_fvg,-12.874999999999726,-13.175,21,PLACED,93ab2ff0-739e-4b2c-9747-85dfd31ac574,True,False,-0.3949999999999818,SL,-12.289999999999745,-12.029999999999745
s99_mss_fvg,SELL,2026-07-13 12:00:00+00:00,4057.97,4061.66,4052.43,2026-07-13 12:24:00+00:00,4061.66,SL,-3.69,3.69,-1.0,12,False,S99_MSS_FVG_SHORT,SL,-3.6900000000000546,s99,s99_mss_fvg,-4.140000000000055,-4.4399999999999995,22,PLACED,b7e0a50d-fc09-425b-8481-f65f9f0c6698,True,False,-0.6400000000003274,SL,-3.309999999999727,-3.049999999999727
s99_mss_fvg,SELL,2026-07-13 14:25:00+00:00,4022.35,4035.93,4001.98,2026-07-13 14:40:00+00:00,4001.98,TP,20.37,13.58,1.5,14,False,S99_MSS_FVG_SHORT,TP,20.36999999999989,s99,s99_mss_fvg,19.91999999999989,19.62,24,no_add_to_loser,120d38cb-b501-4d3e-b9a9-fa6b2f10fa0f,True,False,-3.7400000000002365,TP,24.110000000000127,24.110000000000127
s99_mss_fvg,BUY,2026-07-14 12:50:00+00:00,4081.835,4028.98,4161.12,2026-07-14 20:50:00+00:00,4049.625,TIME,-32.21,52.855,-0.6094,12,False,S99_MSS_FVG_LONG,TIME,-31.554999999999836,s99,s99_mss_fvg,-32.00499999999984,-32.96,27,PLACED,629f7335-7874-41db-b4df-0ab49c55fcf7,True,False,-1.4850000000001273,TIME,-30.06999999999971,-30.06999999999971
s99_mss_fvg,BUY,2026-07-15 13:26:00+00:00,4057.35,4053.58,4063.01,2026-07-15 13:42:00+00:00,4063.01,TP,5.66,3.77,1.5013,13,False,S99_MSS_FVG_LONG,TP,5.660000000000309,s99,s99_mss_fvg,5.210000000000309,4.91,28,PLACED,6a00ffbf-fb7b-48c7-a11f-e02a5f1c4350,True,False,-1.1399999999998727,TP,6.800000000000182,6.800000000000182
s99_mss_fvg,SELL,2026-07-15 15:25:00+00:00,4047.0,4055.53,4034.2,2026-07-15 16:19:00+00:00,4034.2,TP,12.8,8.53,1.5006,15,False,S99_MSS_FVG_SHORT,TP,12.800000000000182,s99,s99_mss_fvg,12.350000000000184,12.05,29,PLACED,ddd58dba-a028-413b-ba64-e022545f16a1,True,False,0.6999999999998181,REJ,,
s99_mss_fvg,BUY,2026-07-16 06:12:00+00:00,4031.205,4028.53,4035.22,2026-07-16 06:19:00+00:00,4028.53,SL,-2.675,2.675,-1.0,6,False,S99_MSS_FVG_LONG,SL,-2.674999999999727,s99,s99_mss_fvg,-3.1249999999997273,-3.425,30,entry_drift,7ae2a85c-1852-4fde-9e40-6d7984925b65,True,False,1.1449999999999818,REJ,,
s99_mss_fvg,SELL,2026-07-16 13:10:00+00:00,3986.455,3992.76,3977.0,2026-07-16 13:13:00+00:00,3992.76,SL,-6.305,6.305,-1.0,13,False,S99_MSS_FVG_SHORT,SL,-6.305000000000291,s99,s99_mss_fvg,-6.755000000000291,-7.055,32,entry_drift,ccfeb6c1-4b95-4e47-a4ee-f78b6eef0be2,True,False,0.6349999999997635,REJ,,
s99_mss_fvg,BUY,2026-07-16 15:56:00+00:00,4007.02,3997.78,4020.88,2026-07-16 16:08:00+00:00,3997.78,SL,-9.24,9.24,-1.0,15,False,S99_MSS_FVG_LONG,SL,-9.239999999999782,s99,s99_mss_fvg,-9.68999999999978,-9.99,33,PLACED,e4808cae-0ada-4012-8cc5-15fd26d4cb81,True,False,-0.03000000000020009,SL,-9.469999999999581,-9.209999999999582
s99_mss_fvg,BUY,2026-07-17 06:25:00+00:00,4001.91,3999.78,4005.1,2026-07-17 06:26:00+00:00,4005.1,TP,3.19,2.13,1.4977,6,False,S99_MSS_FVG_LONG,TP,3.1900000000000546,s99,s99_mss_fvg,2.7400000000000544,2.44,34,entry_drift,f4cbe160-5481-4c9f-a81b-b13b89005fd6,True,False,1.5,REJ,,
s99_mss_fvg,SELL,2026-07-17 08:25:00+00:00,3994.765,3997.25,3991.04,2026-07-17 08:28:00+00:00,3991.04,TP,3.725,2.485,1.499,8,False,S99_MSS_FVG_SHORT,TP,3.724999999999909,s99,s99_mss_fvg,3.274999999999909,2.975,35,PLACED,0124d615-2554-4794-bdcd-5f882958a87c,True,False,0.5850000000000364,REJ,,
s99_mss_fvg,BUY,2026-07-17 08:59:00+00:00,3993.995,3992.44,3996.33,2026-07-17 09:06:00+00:00,3996.33,TP,2.335,1.555,1.5016,8,False,S99_MSS_FVG_LONG,TP,2.3350000000000364,s99,s99_mss_fvg,1.8850000000000364,1.585,36,entry_drift,1c812edc-9a29-4e97-bbba-c6f853ab9fff,True,False,0.07500000000027285,TP,2.2599999999997635,2.2599999999997635
s99_mss_fvg,SELL,2026-07-17 11:01:00+00:00,3994.025,3995.97,3991.11,2026-07-17 11:06:00+00:00,3991.11,TP,2.915,1.945,1.4987,11,False,S99_MSS_FVG_SHORT,TP,2.9149999999999636,s99,s99_mss_fvg,2.464999999999963,2.165,37,PLACED,5ca11fac-4b8f-401b-a493-90bf5bd6f8fc,True,False,0.47499999999990905,TP,2.4400000000000546,2.4400000000000546
s99_mss_fvg,SELL,2026-07-17 12:10:00+00:00,3991.82,3994.47,3987.85,2026-07-17 12:20:00+00:00,3987.85,TP,3.97,2.65,1.4981,12,False,S99_MSS_FVG_SHORT,TP,3.970000000000254,s99,s99_mss_fvg,3.5200000000002545,3.22,38,PLACED,c1fba3f6-9a9b-47a3-9d8c-4fe3631815b4,True,False,-1.0499999999997272,TP,5.019999999999982,5.019999999999982
s99_mss_fvg,SELL,2026-07-17 13:04:00+00:00,3973.28,3978.71,3965.14,2026-07-17 13:30:00+00:00,3965.14,TP,8.14,5.43,1.4991,13,False,S99_MSS_FVG_SHORT,TP,8.140000000000327,s99,s99_mss_fvg,7.690000000000327,7.390000000000001,40,duplicate_entry,7ab3027d-8697-4281-83b5-e46736f58889,True,False,-0.5899999999996908,TP,8.730000000000018,8.730000000000018
s99_mss_fvg,SELL,2026-07-20 06:40:00+00:00,4005.665,4007.66,4002.67,2026-07-20 06:47:00+00:00,4007.66,SL,-1.995,1.995,-1.0,6,False,S99_MSS_FVG_SHORT,SL,-1.9949999999998909,s99,s99_mss_fvg,-2.444999999999891,-2.745,41,PLACED,6110c13b-33fa-4413-9801-c71c9ebf3cb7,True,False,0.3550000000000182,SL,-2.609999999999909,-2.349999999999909
s99_mss_fvg,BUY,2026-07-20 07:51:00+00:00,4016.24,4012.91,4021.23,2026-07-20 08:00:00+00:00,4021.23,TP,4.99,3.33,1.4985,7,False,S99_MSS_FVG_LONG,TP,4.9900000000002365,s99,s99_mss_fvg,4.540000000000236,4.24,42,entry_drift,b0792e3f-dee6-4d06-b72c-3f52b47edfaf,True,False,2.580000000000382,REJ,,
s99_mss_fvg,BUY,2026-07-20 11:42:00+00:00,4029.51,4022.85,4039.5,2026-07-20 12:00:00+00:00,4022.85,SL,-6.66,6.66,-1.0,11,False,S99_MSS_FVG_LONG,SL,-6.660000000000309,s99,s99_mss_fvg,-7.110000000000309,-7.41,43,entry_drift,7e743d03-74f6-4c97-a4c1-c42527e19028,True,False,1.3599999999996726,REJ,,
s99_mss_fvg,BUY,2026-07-21 07:05:00+00:00,4077.085,4075.25,4079.84,2026-07-21 07:09:00+00:00,4075.25,SL,-1.835,1.835,-1.0,7,False,S99_MSS_FVG_LONG,SL,-1.8350000000000364,s99,s99_mss_fvg,-2.285000000000037,-2.585,44,PLACED,314567ab-a318-45fe-9760-38da3b949448,True,False,-0.49499999999989086,SL,-1.6000000000001455,-1.3400000000001455
s99_mss_fvg,SELL,2026-07-21 08:32:00+00:00,4064.74,4066.77,4061.69,2026-07-21 08:36:00+00:00,4061.69,TP,3.05,2.03,1.5025,8,False,S99_MSS_FVG_SHORT,TP,3.049999999999727,s99,s99_mss_fvg,2.599999999999727,2.3,45,PLACED,0ccc03cc-47b1-41f2-8015-73b756ea9a45,True,False,0.6399999999998727,REJ,,
s99_mss_fvg,SELL,2026-07-21 11:12:00+00:00,4059.08,4063.33,4052.7,2026-07-21 12:24:00+00:00,4063.33,SL,-4.25,4.25,-1.0,11,False,S99_MSS_FVG_SHORT,SL,-4.25,s99,s99_mss_fvg,-4.7,-5.0,46,PLACED,ae8f9f8b-17db-469a-bcf3-32999cab0574,True,False,0.9400000000000546,REJ,,
s99_mss_fvg,SELL,2026-07-21 13:50:00+00:00,4050.665,4052.49,4047.93,2026-07-21 13:51:00+00:00,4047.93,TP,2.735,1.825,1.4986,13,False,S99_MSS_FVG_SHORT,TP,2.7350000000001273,s99,s99_mss_fvg,2.285000000000127,1.985,48,soft_daily_brake,ce5447ef-a878-499b-b9c0-cb6a7bdb9d75,True,False,1.3350000000000364,REJ,,
s99_mss_fvg,SELL,2026-07-22 06:35:00+00:00,4119.57,4125.29,4110.99,2026-07-22 07:46:00+00:00,4110.99,TP,8.58,5.72,1.5,6,False,S99_MSS_FVG_SHORT,TP,8.579999999999927,s99,s99_mss_fvg,8.129999999999928,7.83,50,entry_drift,9a7a41ef-3dbf-41cf-83d4-125549ca061c,True,False,0.5900000000001455,REJ,,
s99_mss_fvg,SELL,2026-07-22 07:54:00+00:00,4113.665,4115.77,4110.51,2026-07-22 07:58:00+00:00,4110.51,TP,3.155,2.105,1.4988,7,False,S99_MSS_FVG_SHORT,TP,3.1549999999997453,s99,s99_mss_fvg,2.704999999999745,2.405,51,PLACED,f95d5b7e-a00d-451f-8ea9-45c2ad86dd2c,True,False,-0.4849999999996726,TP,3.639999999999418,3.639999999999418
s99_mss_fvg,BUY,2026-07-22 15:17:00+00:00,4153.82,4149.02,4161.02,2026-07-22 15:23:00+00:00,4161.02,TP,7.2,4.8,1.5,15,False,S99_MSS_FVG_LONG,TP,7.200000000000728,s99,s99_mss_fvg,6.750000000000727,6.45,52,metaapi_rejection,cb585a91-f103-4596-b016-4f55eb6348cf,True,False,0.18000000000029104,TP,7.020000000000437,7.020000000000437
s99_mss_fvg,BUY,2026-07-22 15:55:00+00:00,4162.47,4160.09,4166.04,2026-07-22 15:56:00+00:00,4160.09,SL,-2.38,2.38,-1.0,15,False,S99_MSS_FVG_LONG,SL,-2.380000000000109,s99,s99_mss_fvg,-2.8300000000001093,-3.13,53,metaapi_rejection,8ff86d9b-57f1-40ff-b9e2-e83b063aec73,True,False,0.17999999999938154,SL,-2.8199999999994905,-2.5599999999994907
s99_mss_fvg,SELL,2026-07-23 07:16:00+00:00,4110.58,4114.98,4103.98,2026-07-23 07:30:00+00:00,4103.98,TP,6.6,4.4,1.5,7,False,S99_MSS_FVG_SHORT,TP,6.600000000000364,s99,s99_mss_fvg,6.150000000000364,5.85,54,duplicate_entry,694535ac-f0d8-43a0-ac12-28031cf11e97,True,False,-1.1400000000003274,TP,7.740000000000691,7.740000000000691
s99_mss_fvg,SELL,2026-07-23 08:00:00+00:00,4097.03,4100.72,4091.49,2026-07-23 08:01:00+00:00,4091.49,TP,5.54,3.69,1.5014,8,False,S99_MSS_FVG_SHORT,TP,5.539999999999964,s99,s99_mss_fvg,5.089999999999963,4.79,55,entry_drift,15f2f823-718f-4ad5-8dce-319be25913d7,True,False,6.029999999999745,REJ,,
s99_mss_fvg,SELL,2026-07-23 13:19:00+00:00,4047.52,4056.09,4034.66,2026-07-23 13:28:00+00:00,4056.09,SL,-8.57,8.57,-1.0,13,False,S99_MSS_FVG_SHORT,SL,-8.570000000000164,s99,s99_mss_fvg,-9.020000000000165,-9.32,56,PLACED,817ac89e-fb03-488b-9c57-b7e840d5fc15,True,False,-2.1900000000000546,SL,-6.640000000000109,-6.380000000000109
s99_mss_fvg,BUY,2026-07-24 07:15:00+00:00,4044.815,4039.64,4052.58,2026-07-24 07:34:00+00:00,4052.58,TP,7.765,5.175,1.5005,7,False,S99_MSS_FVG_LONG,TP,7.764999999999873,s99,s99_mss_fvg,7.314999999999872,7.015,57,PLACED,fcdc1405-c568-4627-a186-22905a951d8a,True,False,0.26499999999987267,TP,7.5,7.5
s99_mss_fvg,BUY,2026-07-24 08:35:00+00:00,4050.115,4047.67,4053.78,2026-07-24 08:40:00+00:00,4053.78,TP,3.665,2.445,1.499,8,False,S99_MSS_FVG_LONG,TP,3.6650000000004184,s99,s99_mss_fvg,3.215000000000418,2.915,58,duplicate_entry,b3bf404d-c7e9-4e75-8d6d-621a585a64eb,True,False,1.0150000000003274,REJ,,
s99_mss_fvg,BUY,2026-07-24 09:04:00+00:00,4056.12,4054.37,4058.74,2026-07-24 09:12:00+00:00,4054.37,SL,-1.75,1.75,-1.0,9,False,S99_MSS_FVG_LONG,SL,-1.75,s99,s99_mss_fvg,-2.2,-2.5,59,no_add_to_loser,91d28f06-8160-4fb1-bb30-98554ce80abd,True,False,0.7100000000000364,REJ,,
s99_mss_fvg,SELL,2026-07-24 13:31:00+00:00,4049.87,4052.48,4045.95,2026-07-24 13:37:00+00:00,4052.48,SL,-2.61,2.61,-1.0,13,False,S99_MSS_FVG_SHORT,SL,-2.6100000000001273,s99,s99_mss_fvg,-3.0600000000001275,-3.36,62,duplicate_entry,bef2e19b-3a99-4abe-a30c-2950acba3b3c,True,False,0.6199999999998909,REJ,,
s99_mss_fvg,BUY,2026-07-24 14:06:00+00:00,4062.74,4059.87,4067.04,2026-07-24 14:07:00+00:00,4059.87,SL,-2.87,2.87,-1.0,14,False,S99_MSS_FVG_LONG,SL,-2.869999999999891,s99,s99_mss_fvg,-3.319999999999891,-3.62,63,metaapi_rejection,2f370d25-3763-4043-b0a9-c4269fb5ac52,True,False,-2.8399999999996908,SL,-0.2900000000002001,-0.03000000000020009
s99_mss_fvg,BUY,2026-07-24 15:43:00+00:00,4071.96,4063.58,4084.53,2026-07-24 17:12:00+00:00,4063.58,SL,-8.38,8.38,-1.0,15,False,S99_MSS_FVG_LONG,SL,-8.38000000000011,s99,s99_mss_fvg,-8.830000000000108,-9.13,64,entry_drift,9104acc2-fa19-42be-8c51-0790ec861ed2,True,False,1.9699999999998,REJ,,
s99_mss_fvg,BUY,2026-07-27 07:27:00+00:00,4103.2,4101.49,4105.76,2026-07-27 07:30:00+00:00,4101.49,SL,-1.71,1.71,-1.0,7,False,S99_MSS_FVG_LONG,SL,-1.7100000000000364,s99,s99_mss_fvg,-2.160000000000037,-2.46,65,PLACED,933fd36b-778f-47d4-842d-3eb9280e8022,True,False,1.0900000000001455,REJ,,
s99_mss_fvg,BUY,2026-07-27 09:59:00+00:00,4096.245,4094.32,4099.13,2026-07-27 10:01:00+00:00,4094.32,SL,-1.925,1.925,-1.0,9,False,S99_MSS_FVG_LONG,SL,-1.9249999999997272,s99,s99_mss_fvg,-2.3749999999997273,-2.675,67,PLACED,3e812fcd-f52d-468e-8cd6-7420f66271d1,True,False,0.10500000000047294,SL,-2.2900000000002,-2.0300000000002
s99_mss_fvg,SELL,2026-07-27 14:35:00+00:00,4070.03,4073.78,4064.41,2026-07-27 14:52:00+00:00,4073.78,SL,-3.75,3.75,-1.0,14,False,S99_MSS_FVG_SHORT,SL,-3.75,s99,s99_mss_fvg,-4.2,-4.5,69,duplicate_entry,6fba101b-17d1-4f58-85c2-42bbbe506c62,True,False,0.04000000000041837,SL,-4.050000000000418,-3.7900000000004184
s99_mss_fvg,SELL,2026-07-28 09:47:00+00:00,4034.345,4036.79,4030.68,2026-07-28 09:48:00+00:00,4030.68,TP,3.665,2.445,1.499,9,False,S99_MSS_FVG_SHORT,TP,3.664999999999963,s99,s99_mss_fvg,3.214999999999963,2.915,70,entry_drift,849a32e4-f0a4-4b3e-a7ba-e0767210ba4f,True,False,3.724999999999909,REJ,,
s99_mss_fvg,SELL,2026-07-28 10:07:00+00:00,4025.38,4029.21,4019.64,2026-07-28 10:21:00+00:00,4019.64,TP,5.74,3.83,1.4987,10,False,S99_MSS_FVG_SHORT,TP,5.7400000000002365,s99,s99_mss_fvg,5.290000000000236,4.99,71,PLACED,efcc7f6c-0f4d-46d2-b17d-e09172e5bdc8,True,False,-1.1799999999998363,TP,6.920000000000073,6.920000000000073
s99_mss_fvg,SELL,2026-07-28 13:45:00+00:00,4025.615,4028.31,4021.57,2026-07-28 13:52:00+00:00,4028.31,SL,-2.695,2.695,-1.0,13,False,S99_MSS_FVG_SHORT,SL,-2.6950000000001637,s99,s99_mss_fvg,-3.145000000000164,-3.445,72,entry_drift,47f5b232-1e30-4d81-a1e5-087e5f6692de,True,False,2.724999999999909,REJ,,
s99_mss_fvg,SELL,2026-07-28 14:29:00+00:00,4021.005,4026.5,4012.76,2026-07-28 14:49:00+00:00,4026.5,SL,-5.495,5.495,-1.0,14,False,S99_MSS_FVG_SHORT,SL,-5.494999999999891,s99,s99_mss_fvg,-5.944999999999891,-6.245,73,no_add_to_loser,f1c8e61f-3860-4b4c-965c-cab8a5c0026e,True,False,-0.3449999999997999,SL,-5.410000000000091,-5.150000000000091
s99_mss_fvg,SELL,2026-07-29 09:42:00+00:00,4034.95,4036.5,4032.62,2026-07-29 09:57:00+00:00,4032.62,TP,2.33,1.55,1.5032,9,False,S99_MSS_FVG_SHORT,SL,-1.550000000000182,s99,s99_mss_fvg,-2.000000000000182,1.58,77,no_add_to_loser,c74d5a62-f993-45fd-89e2-4c52a8e709e1,True,False,0.3999999999996362,REJ,,
s99_mss_fvg,SELL,2026-07-29 14:22:00+00:00,4009.245,4012.25,4004.74,2026-07-29 14:27:00+00:00,4004.74,TP,4.505,3.005,1.4992,14,False,S99_MSS_FVG_SHORT,TP,4.505000000000109,s99,s99_mss_fvg,4.055000000000109,3.755,80,PLACED,fcd222ed-af69-47fd-89c0-547a961e6058,True,False,-0.04500000000007276,TP,4.550000000000182,4.550000000000182
s99_mss_fvg,BUY,2026-07-30 07:20:00+00:00,4046.66,4044.69,4049.61,2026-07-30 07:21:00+00:00,4044.69,SL,-1.97,1.97,-1.0,7,False,S99_MSS_FVG_LONG,SL,-1.9699999999998,s99,s99_mss_fvg,-2.4199999999998,-2.72,81,PLACED,79641478-d39b-4be8-883a-7f202436e390,True,False,-1.4699999999998,SL,-0.76,-0.5
s99_mss_fvg,BUY,2026-07-30 08:53:00+00:00,4060.015,4055.86,4066.25,2026-07-30 09:02:00+00:00,4066.25,TP,6.235,4.155,1.5006,8,False,S99_MSS_FVG_LONG,TP,6.235000000000127,s99,s99_mss_fvg,5.785000000000127,5.485,82,soft_daily_brake,57ee07b5-971d-4acf-a758-5106e4d90810,True,False,-0.19499999999970896,TP,6.429999999999836,6.429999999999836
s99_mss_fvg,BUY,2026-07-30 14:05:00+00:00,4106.465,4100.95,4114.74,2026-07-30 14:07:00+00:00,4100.95,SL,-5.515,5.515,-1.0,14,False,S99_MSS_FVG_LONG,SL,-5.515000000000327,s99,s99_mss_fvg,-5.965000000000328,-6.265,83,soft_daily_brake,adb93331-7f30-42fe-a564-a81d4846f776,True,False,-1.425000000000182,SL,-4.350000000000145,-4.0900000000001455
s99_mss_fvg,SELL,2026-07-30 15:15:00+00:00,4090.895,4098.1,4080.09,2026-07-30 15:33:00+00:00,4098.1,SL,-7.205,7.205,-1.0,15,False,S99_MSS_FVG_SHORT,SL,-7.205000000000382,s99,s99_mss_fvg,-7.655000000000382,-7.955,84,soft_daily_brake,58e36822-8b2d-47fa-a1af-edf214a2411b,True,False,-0.4149999999999636,SL,-7.050000000000418,-6.790000000000418
s99_mss_fvg,SELL,2026-07-31 07:40:00+00:00,4073.05,4075.32,4069.65,2026-07-31 07:53:00+00:00,4069.65,TP,3.4,2.27,1.4978,7,False,S99_MSS_FVG_SHORT,TP,3.400000000000091,s99,s99_mss_fvg,2.9500000000000908,2.65,85,PLACED,281d847a-3d6f-4e52-88c1-36d0487fcf8d,True,False,0.6000000000003638,REJ,,
s99_mss_fvg,SELL,2026-07-31 08:19:00+00:00,4065.49,4068.3,4061.27,2026-07-31 08:23:00+00:00,4061.27,TP,4.22,2.81,1.5018,8,False,S99_MSS_FVG_SHORT,TP,4.2199999999998,s99,s99_mss_fvg,3.7699999999998,3.47,86,PLACED,a0c5bc8d-a6c3-4d61-a375-ac94ddcc8994,True,False,-1.4100000000003092,TP,5.630000000000109,5.630000000000109
s99_mss_fvg,SELL,2026-07-31 09:30:00+00:00,4053.48,4055.47,4050.5,2026-07-31 09:35:00+00:00,4050.5,TP,2.98,1.99,1.4975,9,False,S99_MSS_FVG_SHORT,SL,-1.9899999999997815,s99,s99_mss_fvg,-2.439999999999782,2.23,87,PLACED,e0f6ac2f-b447-472f-987d-c1ebb63bc758,True,False,0.2899999999999636,SL,-2.539999999999745,-2.2799999999997453
s99_mss_fvg,SELL,2026-07-31 13:56:00+00:00,4030.44,4036.45,4021.43,2026-07-31 14:08:00+00:00,4021.43,TP,9.01,6.01,1.4992,13,False,S99_MSS_FVG_SHORT,TP,9.010000000000218,s99,s99_mss_fvg,8.560000000000219,8.26,89,PLACED,f76b0a2e-fe32-484f-9668-14f49df6bde9,True,False,-1.7199999999998,TP,10.730000000000018,10.730000000000018
s99_mss_fvg,BUY,2026-08-03 06:08:00+00:00,4067.56,4064.57,4072.04,2026-08-03 06:24:00+00:00,4072.04,TP,4.48,2.99,1.4983,6,False,S99_MSS_FVG_LONG,SL,-2.9899999999997817,s99,s99_mss_fvg,-3.439999999999782,3.73,90,no_add_to_loser,b03822d1-fe98-4555-bf01-7b1eb13ce3ca,True,False,0.75,REJ,,
s99_mss_fvg,SELL,2026-08-03 09:49:00+00:00,4056.245,4058.94,4052.2,2026-08-03 10:25:00+00:00,4052.2,TP,4.045,2.695,1.5009,9,False,S99_MSS_FVG_SHORT,TP,4.045000000000073,s99,s99_mss_fvg,3.5950000000000726,3.295,91,PLACED,1cff13ec-f295-4dbe-8299-d0e7359e36f7,True,False,-0.8250000000002728,TP,4.870000000000346,4.870000000000346
s99_mss_fvg,SELL,2026-08-03 14:35:00+00:00,4037.61,4039.99,4034.04,2026-08-03 14:38:00+00:00,4034.04,TP,3.57,2.38,1.5,14,False,S99_MSS_FVG_SHORT,TP,3.5700000000001637,s99,s99_mss_fvg,3.1200000000001635,2.82,93,entry_drift,b81a0c6b-2627-4588-9008-789f427e5a0f,True,False,2.7600000000002183,REJ,,
s99_mss_fvg,SELL,2026-08-04 06:41:00+00:00,4057.705,4060.26,4053.87,2026-08-04 06:45:00+00:00,4060.26,SL,-2.555,2.555,-1.0,6,False,S99_MSS_FVG_SHORT,SL,-2.555000000000291,s99,s99_mss_fvg,-3.005000000000291,-3.305,94,PLACED,33096848-d30f-4296-a744-26ebb5f68764,True,False,-0.8150000000000546,SL,-2.0000000000002363,-1.7400000000002365
s99_mss_fvg,BUY,2026-08-04 08:10:00+00:00,4068.76,4065.01,4074.39,2026-08-04 08:22:00+00:00,4065.01,SL,-3.75,3.75,-1.0,8,False,S99_MSS_FVG_LONG,SL,-3.75,s99,s99_mss_fvg,-4.2,-4.5,95,entry_drift,fa6e4120-b059-4b9c-98f8-c33b73bf1ca6,True,False,0.7599999999997635,REJ,,
s99_mss_fvg,SELL,2026-08-04 09:16:00+00:00,4051.42,4053.65,4048.07,2026-08-04 09:35:00+00:00,4048.07,TP,3.35,2.23,1.5022,9,False,S99_MSS_FVG_SHORT,TP,3.349999999999909,s99,s99_mss_fvg,2.899999999999909,2.6,96,entry_drift,12576bf4-d18d-4adf-a963-39cbdf2d2a12,True,False,0.9500000000002728,REJ,,
s99_mss_fvg,BUY,2026-08-04 11:55:00+00:00,4074.31,4069.29,4081.84,2026-08-04 11:57:00+00:00,4069.29,SL,-5.02,5.02,-1.0,11,False,S99_MSS_FVG_LONG,SL,-5.019999999999982,s99,s99_mss_fvg,-5.469999999999982,-5.77,98,PLACED,000f749f-691c-4f87-93c1-443c242871ad,True,False,-3.2100000000000364,SL,-2.069999999999945,-1.8099999999999454
s99_mss_fvg,BUY,2026-08-05 06:17:00+00:00,4169.09,4165.07,4175.12,2026-08-05 06:21:00+00:00,4165.07,SL,-4.02,4.02,-1.0,6,False,S99_MSS_FVG_LONG,SL,-4.020000000000437,s99,s99_mss_fvg,-4.470000000000437,-4.77,99,no_add_to_loser,0031b6f0-2a29-49b5-8536-eda081b3e679,True,False,-0.9899999999997817,SL,-3.2900000000006546,-3.030000000000655
s99_mss_fvg,BUY,2026-08-05 06:44:00+00:00,4173.35,4167.46,4182.19,2026-08-05 07:13:00+00:00,4167.46,SL,-5.89,5.89,-1.0,6,False,S99_MSS_FVG_LONG,SL,-5.890000000000327,s99,s99_mss_fvg,-6.340000000000328,-6.64,100,entry_drift,bcffc8a3-33c0-4800-8ea6-8702180785eb,True,False,3.199999999999818,REJ,,
s99_mss_fvg,SELL,2026-08-05 09:32:00+00:00,4158.535,4160.17,4156.08,2026-08-05 09:35:00+00:00,4156.08,TP,2.455,1.635,1.5015,9,False,S99_MSS_FVG_SHORT,TP,2.4549999999999272,s99,s99_mss_fvg,2.004999999999927,1.705,102,entry_drift,4f7ac0f0-293f-49b7-9289-1e881ee3ea3f,True,False,1.4549999999999272,REJ,,
s99_mss_fvg,BUY,2026-08-05 11:22:00+00:00,4170.03,4165.94,4176.16,2026-08-05 11:27:00+00:00,4176.16,TP,6.13,4.09,1.4988,11,False,S99_MSS_FVG_LONG,TP,6.130000000000109,s99,s99_mss_fvg,5.680000000000109,5.38,103,PLACED,614815da-7fca-4370-aefc-2aaf9ae097d3,True,False,0.5,TP,5.630000000000109,5.630000000000109
s99_mss_fvg,BUY,2026-08-05 14:51:00+00:00,4241.295,4232.18,4254.97,2026-08-05 15:02:00+00:00,4254.97,TP,13.675,9.115,1.5003,14,False,S99_MSS_FVG_LONG,TP,13.675000000000182,s99,s99_mss_fvg,13.225000000000184,12.925,105,PLACED,1f5dc0a5-9caa-41ce-b0a5-8704622aec18,True,False,-0.7550000000001091,TP,14.430000000000291,14.430000000000291
s99_mss_fvg,BUY,2026-08-05 15:18:00+00:00,4251.835,4243.82,4263.86,2026-08-05 15:26:00+00:00,4263.86,TP,12.025,8.015,1.5003,15,False,S99_MSS_FVG_LONG,TP,12.024999999999636,s99,s99_mss_fvg,11.574999999999635,11.275,106,entry_drift,7f393573-8673-4690-ac55-09e86d39a93f,True,False,2.774999999999636,REJ,,
s99_mss_fvg,BUY,2026-08-06 07:20:00+00:00,4261.495,4259.35,4264.71,2026-08-06 07:21:00+00:00,4259.35,SL,-2.145,2.145,-1.0,7,False,S99_MSS_FVG_LONG,SL,-2.144999999999527,s99,s99_mss_fvg,-2.5949999999995272,-2.895,107,PLACED,09516fd8-7ba2-442f-a431-ebaf63826c4d,True,False,-1.4349999999994907,SL,-0.9700000000000364,-0.7100000000000364
s99_mss_fvg,SELL,2026-08-06 07:54:00+00:00,4258.37,4260.79,4254.74,2026-08-06 07:55:00+00:00,4260.79,SL,-2.42,2.42,-1.0,7,False,S99_MSS_FVG_SHORT,SL,-2.4200000000000728,s99,s99_mss_fvg,-2.870000000000073,-3.17,108,no_add_to_loser,04ec6a6a-4c68-4397-a13f-c06b621ef530,True,False,-1.2700000000004366,SL,-1.4099999999996362,-1.1499999999996362
s99_mss_fvg,BUY,2026-08-06 08:20:00+00:00,4267.725,4264.12,4273.13,2026-08-06 08:24:00+00:00,4264.12,SL,-3.605,3.605,-1.0,8,False,S99_MSS_FVG_LONG,SL,-3.605000000000473,s99,s99_mss_fvg,-4.055000000000473,-4.355,109,PLACED,b58c1f77-b2d2-4359-beaa-fcb95eb38c37,True,False,0.25499999999919964,SL,-4.119999999999672,-3.8599999999996726
s99_mss_fvg,BUY,2026-08-06 08:41:00+00:00,4270.945,4268.51,4274.6,2026-08-06 08:45:00+00:00,4274.6,TP,3.655,2.435,1.501,8,False,S99_MSS_FVG_LONG,TP,3.655000000000655,s99,s99_mss_fvg,3.2050000000006547,2.905,110,no_add_to_loser,76087ed1-74da-42e5-9a9f-0ce88f382668,True,False,1.055000000000291,REJ,,
s99_mss_fvg,SELL,2026-08-06 13:16:00+00:00,4239.765,4251.44,4222.25,2026-08-06 13:31:00+00:00,4251.44,SL,-11.675,11.675,-1.0,13,False,S99_MSS_FVG_SHORT,SL,-11.674999999999272,s99,s99_mss_fvg,-12.124999999999272,-12.425,112,entry_drift,5f3a31f2-5109-4960-98c4-341bcce74afe,True,False,0.875,REJ,,
s99_mss_fvg,SELL,2026-08-06 15:26:00+00:00,4258.33,4263.41,4250.71,2026-08-06 15:34:00+00:00,4250.71,TP,7.62,5.08,1.5,15,False,S99_MSS_FVG_SHORT,TP,7.619999999999891,s99,s99_mss_fvg,7.169999999999891,6.87,113,PLACED,c83132a7-9f27-4648-8566-1724d8fdceac,True,False,-0.18000000000029104,TP,7.800000000000182,7.800000000000182
s99_mss_fvg,SELL,2026-08-06 15:40:00+00:00,4252.875,4254.96,4249.75,2026-08-06 15:42:00+00:00,4249.75,TP,3.125,2.085,1.4988,15,False,S99_MSS_FVG_SHORT,TP,3.125,s99,s99_mss_fvg,2.675,2.375,114,entry_drift,c2124e54-2744-4008-b59d-f7e88661cc50,True,False,1.7550000000001091,REJ,,
s99_mss_fvg,BUY,2026-08-07 06:30:00+00:00,4281.41,4279.68,4284.0,2026-08-07 06:32:00+00:00,4284.0,TP,2.59,1.73,1.4971,6,False,S99_MSS_FVG_LONG,TP,2.5900000000001455,s99,s99_mss_fvg,2.1400000000001453,1.84,115,soft_daily_brake,32e57a78-f34e-42a7-95af-69e324183078,True,False,1.1599999999998545,REJ,,
s99_mss_fvg,BUY,2026-08-07 06:49:00+00:00,4291.58,4286.58,4299.08,2026-08-07 07:26:00+00:00,4286.58,SL,-5.0,5.0,-1.0,6,False,S99_MSS_FVG_LONG,SL,-5.0,s99,s99_mss_fvg,-5.45,-5.75,116,PLACED,7b6371d4-83c6-43a6-a57e-ca5bd7af3f46,True,False,-1.3400000000001455,SL,-3.9199999999998543,-3.6599999999998545
s99_mss_fvg,BUY,2026-08-10 07:01:00+00:00,4355.185,4348.96,4364.52,2026-08-10 08:39:00+00:00,4348.96,SL,-6.225,6.225,-1.0,7,False,S99_MSS_FVG_LONG,SL,-6.225000000000364,s99,s99_mss_fvg,-6.675000000000364,-6.975,117,PLACED,1fa6d921-6341-48e7-98d1-9f06041b5fd3,True,False,-0.9750000000003638,SL,-5.51,-5.25
s99_mss_fvg,SELL,2026-08-10 11:21:00+00:00,4331.54,4333.87,4328.05,2026-08-10 11:25:00+00:00,4333.87,SL,-2.33,2.33,-1.0,11,False,S99_MSS_FVG_SHORT,SL,-2.3299999999999272,s99,s99_mss_fvg,-2.7799999999999274,-3.08,121,PLACED,826a8bca-714b-4f45-8d45-e96528c33965,True,False,-0.010000000000218279,SL,-2.5799999999997087,-2.319999999999709
s99_mss_fvg,BUY,2026-08-10 13:40:00+00:00,4336.395,4334.38,4339.42,2026-08-10 13:43:00+00:00,4334.38,SL,-2.015,2.015,-1.0,13,False,S99_MSS_FVG_LONG,SL,-2.0150000000003274,s99,s99_mss_fvg,-2.4650000000003276,-2.765,122,PLACED,bf00e6f9-85d0-42a3-aeff-d6a3ddaa363f,True,False,0.8549999999995634,REJ,,
s99_mss_fvg,BUY,2026-08-11 08:47:00+00:00,4374.25,4371.73,4378.03,2026-08-11 08:54:00+00:00,4371.73,SL,-2.52,2.52,-1.0,8,False,S99_MSS_FVG_LONG,SL,-2.520000000000437,s99,s99_mss_fvg,-2.9700000000004367,-3.27,124,PLACED,1cb8a663-0e5c-4959-9b24-3a28a5b99543,True,False,-0.06000000000040018,SL,-2.720000000000036,-2.4600000000000364
s99_mss_fvg,BUY,2026-08-11 11:12:00+00:00,4388.905,4381.99,4399.28,2026-08-11 12:21:00+00:00,4399.28,TP,10.375,6.915,1.5004,11,False,S99_MSS_FVG_LONG,TP,10.375,s99,s99_mss_fvg,9.925,9.625,126,soft_daily_brake,9efae97a-2d8f-427c-b6a6-9685cbf80324,True,False,3.675000000000182,REJ,,
s99_mss_fvg,BUY,2026-08-11 15:10:00+00:00,4389.375,4386.25,4394.06,2026-08-11 15:13:00+00:00,4394.06,TP,4.685,3.125,1.4992,15,False,S99_MSS_FVG_LONG,TP,4.6850000000004,s99,s99_mss_fvg,4.2350000000004,3.935,128,soft_daily_brake,91f3de36-ca81-4c55-846c-653ae3cd15c6,True,False,2.274999999999636,REJ,,
s99_mss_fvg,SELL,2026-08-11 15:45:00+00:00,4376.31,4377.96,4373.84,2026-08-11 15:47:00+00:00,4377.96,SL,-1.65,1.65,-1.0,15,False,S99_MSS_FVG_SHORT,SL,-1.6499999999996362,s99,s99_mss_fvg,-2.0999999999996364,-2.4,129,soft_daily_brake,8c54209c-6ee2-4e14-a370-2872cddfe4b6,True,False,0.17000000000007276,SL,-2.0799999999997087,-1.819999999999709
s99_mss_fvg,BUY,2026-08-14 11:25:00+00:00,4353.5,4351.17,4356.99,2026-08-14 11:28:00+00:00,4356.99,TP,3.49,2.33,1.4979,11,False,S99_MSS_FVG_LONG,TP,3.4899999999997817,s99,s99_mss_fvg,3.0399999999997815,2.74,133,PLACED,c01b49e6-f1d0-4f36-a254-dfe3ef6dfc52,True,False,0.11999999999989086,TP,3.369999999999891,3.369999999999891
s99_mss_fvg,BUY,2026-08-14 12:10:00+00:00,4371.865,4368.7,4376.61,2026-08-14 12:13:00+00:00,4368.7,SL,-3.165,3.165,-1.0,12,False,S99_MSS_FVG_LONG,SL,-3.1649999999999636,s99,s99_mss_fvg,-3.614999999999964,-3.915,134,no_add_to_loser,1019eafe-8fcc-4d9b-8273-6e9dfe3110b2,True,False,0.2750000000005457,SL,-3.700000000000509,-3.4400000000005093
s99_mss_fvg,BUY,2026-08-14 13:41:00+00:00,4391.105,4385.48,4399.54,2026-08-14 13:51:00+00:00,4385.48,SL,-5.625,5.625,-1.0,13,False,S99_MSS_FVG_LONG,SL,-5.625,s99,s99_mss_fvg,-6.075,-6.375,136,entry_drift,67bfee6d-0a48-4c51-9cf6-345ce6a10c8e,True,False,0.45500000000083674,SL,-6.3400000000008365,-6.080000000000837
s99_mss_fvg,BUY,2026-08-17 07:51:00+00:00,4406.69,4404.54,4409.91,2026-08-17 07:52:00+00:00,4404.54,SL,-2.15,2.15,-1.0,7,False,S99_MSS_FVG_LONG,SL,-2.149999999999636,s99,s99_mss_fvg,-2.5999999999996364,-2.9,138,metaapi_rejection,b1e2eae7-6922-4d53-8a15-5903f70af6b5,True,False,-0.9799999999995634,SL,-1.4300000000000728,-1.1700000000000728
s99_mss_fvg,SELL,2026-08-17 09:06:00+00:00,4397.065,4399.78,4392.99,2026-08-17 09:10:00+00:00,4399.78,SL,-2.715,2.715,-1.0,9,False,S99_MSS_FVG_SHORT,SL,-2.7150000000001455,s99,s99_mss_fvg,-3.1650000000001457,-3.465,139,metaapi_rejection,60cc8627-052e-4122-8b2c-39eb77861628,True,False,0.09499999999934516,SL,-3.0699999999994905,-2.8099999999994907
s99_mss_fvg,SELL,2026-08-17 12:50:00+00:00,4380.56,4382.26,4378.01,2026-08-17 12:51:00+00:00,4382.26,SL,-1.7,1.7,-1.0,12,False,S99_MSS_FVG_SHORT,SL,-1.699999999999818,s99,s99_mss_fvg,-2.1499999999998183,-2.45,141,metaapi_rejection,0c74144d-f908-40ff-9788-0d7e7917e639,True,False,-1.1699999999991633,SL,-0.7900000000006548,-0.5300000000006548
s99_mss_fvg,BUY,2026-08-17 14:28:00+00:00,4417.445,4411.37,4426.56,2026-08-17 15:30:00+00:00,4426.56,TP,9.115,6.075,1.5004,14,False,S99_MSS_FVG_LONG,TP,9.115000000000691,s99,s99_mss_fvg,8.665000000000692,8.365,142,metaapi_rejection,088fe750-5ee8-4efa-b9bf-6fd37b8da265,True,False,-0.7749999999996362,TP,9.890000000000327,9.890000000000327
s99_mss_fvg,SELL,2026-08-19 09:04:00+00:00,4358.54,4361.46,4354.16,2026-08-19 09:18:00+00:00,4354.16,TP,4.38,2.92,1.5,9,False,S99_MSS_FVG_SHORT,TP,4.380000000000109,s99,s99_mss_fvg,3.930000000000109,3.63,145,PLACED,6acc2c82-3f67-4e1e-8e95-d471b127f704,True,False,-0.6099999999996726,TP,4.989999999999782,4.989999999999782
s99_mss_fvg,BUY,2026-08-19 09:53:00+00:00,4358.325,4356.73,4360.72,2026-08-19 09:55:00+00:00,4360.72,TP,2.395,1.595,1.5016,9,False,S99_MSS_FVG_LONG,TP,2.395000000000437,s99,s99_mss_fvg,1.9450000000004368,1.645,146,entry_drift,30fbbce2-cfbd-4c5c-8371-d800e2a58354,True,False,0.6350000000002183,REJ,,
s99_mss_fvg,BUY,2026-08-19 10:27:00+00:00,4366.82,4363.6,4371.65,2026-08-19 11:05:00+00:00,4371.65,TP,4.83,3.22,1.5,10,False,S99_MSS_FVG_LONG,TP,4.829999999999927,s99,s99_mss_fvg,4.379999999999927,4.08,147,entry_drift,5588c9e6-4914-4624-bf0a-6600060aa269,True,False,0.9800000000004729,REJ,,
s99_mss_fvg,BUY,2026-08-19 11:17:00+00:00,4370.625,4367.46,4375.37,2026-08-19 11:39:00+00:00,4367.46,SL,-3.165,3.165,-1.0,11,False,S99_MSS_FVG_LONG,SL,-3.1649999999999636,s99,s99_mss_fvg,-3.614999999999964,-3.915,148,PLACED,608a0acb-582d-4231-8e98-5eb1d52e970e,True,False,-0.4849999999996726,SL,-2.940000000000291,-2.680000000000291
s99_mss_fvg,BUY,2026-08-19 13:06:00+00:00,4426.395,4419.32,4437.01,2026-08-19 13:08:00+00:00,4437.01,TP,10.615,7.075,1.5004,13,False,S99_MSS_FVG_LONG,TP,10.614999999999782,s99,s99_mss_fvg,10.164999999999782,9.865,149,entry_drift,b0e14d96-fca3-48de-86c9-589849f3d63c,True,False,1.1049999999995634,REJ,,
s99_mss_fvg,BUY,2026-08-19 13:22:00+00:00,4455.84,4438.98,4481.13,2026-08-19 14:25:00+00:00,4481.13,TP,25.29,16.86,1.5,13,False,S99_MSS_FVG_LONG,TP,25.289999999999964,s99,s99_mss_fvg,24.839999999999964,24.54,150,entry_drift,301478b2-1005-4bc8-9f37-8a8070d6a4aa,True,False,3.8499999999994543,REJ,,
s99_mss_fvg,BUY,2026-08-19 14:46:00+00:00,4483.92,4478.42,4492.17,2026-08-19 14:49:00+00:00,4478.42,SL,-5.5,5.5,-1.0,14,False,S99_MSS_FVG_LONG,SL,-5.5,s99,s99_mss_fvg,-5.95,-6.25,151,PLACED,9cbd2df3-8cc8-43dd-8366-52d1bf97e530,True,False,-0.9400000000005093,SL,-4.8199999999994905,-4.559999999999491
s99_mss_fvg,BUY,2026-08-19 15:50:00+00:00,4489.895,4487.12,4494.06,2026-08-19 16:00:00+00:00,4494.06,TP,4.165,2.775,1.5009,15,False,S99_MSS_FVG_LONG,TP,4.164999999999964,s99,s99_mss_fvg,3.714999999999963,3.415,152,PLACED,e8a0f304-019f-4cf2-a22d-792b9e232cd3,True,False,-0.5150000000003274,TP,4.680000000000291,4.680000000000291
s99_mss_fvg,SELL,2026-08-20 12:10:00+00:00,4459.45,4466.82,4448.4,2026-08-20 12:18:00+00:00,4466.82,SL,-7.37,7.37,-1.0,12,False,S99_MSS_FVG_SHORT,SL,-7.369999999999891,s99,s99_mss_fvg,-7.819999999999891,-8.120000000000001,155,PLACED,635bfde0-9389-4b7a-aec0-d6bba30eca10,True,False,-0.27000000000043656,SL,-7.359999999999454,-7.099999999999454
s99_mss_fvg,BUY,2026-08-20 13:15:00+00:00,4471.745,4470.17,4474.11,2026-08-20 13:16:00+00:00,4474.11,TP,2.365,1.575,1.5016,13,False,S99_MSS_FVG_LONG,TP,2.3649999999997817,s99,s99_mss_fvg,1.9149999999997815,1.6150000000000002,156,entry_drift,d4578460-e04f-4edb-8514-f0684eea3ca9,True,False,1.5050000000001091,REJ,,
s99_mss_fvg,BUY,2026-08-20 15:11:00+00:00,4522.39,4514.52,4534.19,2026-08-20 15:13:00+00:00,4534.19,TP,11.8,7.87,1.4994,15,False,S99_MSS_FVG_LONG,TP,11.799999999999272,s99,s99_mss_fvg,11.349999999999271,11.05,157,entry_drift,dfad5cc0-e2ef-4e4f-8cd9-ad072e8d95d1,True,False,3.5299999999997453,REJ,,
s99_mss_fvg,BUY,2026-08-21 06:40:00+00:00,4561.355,4556.97,4567.93,2026-08-21 07:22:00+00:00,4567.93,TP,6.575,4.385,1.4994,6,False,S99_MSS_FVG_LONG,TP,6.575000000000728,s99,s99_mss_fvg,6.125000000000727,5.825,159,duplicate_entry,d1e1561e-2736-469c-80ac-87016a7b223d,True,False,0.4650000000001455,TP,6.110000000000582,6.110000000000582
s99_mss_fvg,BUY,2026-08-21 08:39:00+00:00,4577.59,4572.56,4585.14,2026-08-21 09:01:00+00:00,4585.14,TP,7.55,5.03,1.501,8,False,S99_MSS_FVG_LONG,TP,7.550000000000182,s99,s99_mss_fvg,7.100000000000182,6.8,160,entry_drift,7452607d-8189-4103-a95e-27695bec0ffc,True,False,2.1099999999996726,REJ,,
s99_mss_fvg,BUY,2026-08-21 09:19:00+00:00,4595.575,4585.05,4611.36,2026-08-21 09:27:00+00:00,4585.05,SL,-10.525,10.525,-1.0,9,False,S99_MSS_FVG_LONG,SL,-10.524999999999636,s99,s99_mss_fvg,-10.974999999999635,-11.275,161,PLACED,52257bb5-b302-4cdf-91d4-91300ae608e0,True,False,-2.6849999999994907,SL,-8.100000000000145,-7.8400000000001455
s99_mss_fvg,BUY,2026-08-21 11:27:00+00:00,4596.0,4592.34,4601.49,2026-08-21 11:36:00+00:00,4601.49,TP,5.49,3.66,1.5,11,False,S99_MSS_FVG_LONG,TP,5.489999999999782,s99,s99_mss_fvg,5.0399999999997815,4.74,163,entry_drift,ef17ffad-2f04-467e-8445-cbdca55d1a44,True,False,0.7700000000004366,REJ,,
s99_mss_fvg,BUY,2026-08-21 14:32:00+00:00,4597.84,4589.61,4610.19,2026-08-21 14:35:00+00:00,4589.61,SL,-8.23,8.23,-1.0,14,False,S99_MSS_FVG_LONG,SL,-8.230000000000473,s99,s99_mss_fvg,-8.680000000000472,-8.98,165,no_add_to_loser,e01099b6-2442-4568-9e51-3ab63c85fa1b,True,False,-2.069999999999709,SL,-6.420000000000764,-6.160000000000764
s99_mss_fvg,BUY,2026-08-21 15:30:00+00:00,4600.07,4597.65,4603.7,2026-08-21 15:33:00+00:00,4603.7,TP,3.63,2.42,1.5,15,False,S99_MSS_FVG_LONG,TP,3.630000000000109,s99,s99_mss_fvg,3.180000000000109,2.88,166,entry_drift,1e8e93ff-dcbc-4877-803f-1dac31a0c837,True,False,0.75,REJ,,
s99_mss_fvg,SELL,2026-08-24 07:51:00+00:00,4635.68,4644.58,4622.33,2026-08-24 08:07:00+00:00,4644.58,SL,-8.9,8.9,-1.0,7,False,S99_MSS_FVG_SHORT,SL,-8.899999999999636,s99,s99_mss_fvg,-9.349999999999635,-9.65,167,PLACED,9a8b85c4-7f9b-48e2-94d1-8b87f13e5b71,True,False,-0.8599999999996726,SL,-8.299999999999963,-8.039999999999964
s99_mss_fvg,BUY,2026-08-24 08:57:00+00:00,4636.355,4633.28,4640.97,2026-08-24 09:01:00+00:00,4640.97,TP,4.615,3.075,1.5008,8,False,S99_MSS_FVG_LONG,TP,4.615000000000691,s99,s99_mss_fvg,4.165000000000691,3.865,168,entry_drift,6f92eb6a-d285-442a-9799-63da3ada4a7a,True,False,0.8550000000004729,REJ,,
s99_mss_fvg,BUY,2026-08-24 11:46:00+00:00,4654.08,4650.79,4659.01,2026-08-24 11:48:00+00:00,4650.79,SL,-3.29,3.29,-1.0,11,False,S99_MSS_FVG_LONG,SL,-3.2899999999999636,s99,s99_mss_fvg,-3.739999999999964,-4.04,170,PLACED,71344eab-6636-4d24-852a-b2a4cb16b15a,True,False,-1.9899999999997817,SL,-1.560000000000182,-1.300000000000182
s99_mss_fvg,BUY,2026-08-24 13:17:00+00:00,4673.3,4669.84,4678.49,2026-08-24 13:21:00+00:00,4669.84,SL,-3.46,3.46,-1.0,13,False,S99_MSS_FVG_LONG,SL,-3.4600000000000364,s99,s99_mss_fvg,-3.910000000000037,-4.21,171,PLACED,9c43488d-f2fb-4b08-820f-c6c57b9b2a77,True,False,0.8999999999996362,REJ,,
s99_mss_fvg,BUY,2026-08-24 14:42:00+00:00,4670.695,4667.84,4674.98,2026-08-24 14:49:00+00:00,4667.84,SL,-2.855,2.855,-1.0,14,False,S99_MSS_FVG_LONG,SL,-2.854999999999563,s99,s99_mss_fvg,-3.3049999999995636,-3.605,172,PLACED,5744cbc9-e058-48c6-9a62-89579ce90f66,True,False,0.5950000000002547,REJ,,
s99_mss_fvg,BUY,2026-08-25 06:15:00+00:00,4647.805,4645.27,4651.61,2026-08-25 06:24:00+00:00,4651.61,TP,3.805,2.535,1.501,6,False,S99_MSS_FVG_LONG,TP,3.8049999999993815,s99,s99_mss_fvg,3.354999999999382,3.055,173,soft_daily_brake,2d0459fa-1de4-470e-8189-1a331218e685,True,False,0.0749999999998181,TP,3.7299999999995634,3.7299999999995634
s99_mss_fvg,SELL,2026-08-25 08:17:00+00:00,4629.13,4630.88,4626.51,2026-08-25 08:21:00+00:00,4630.88,SL,-1.75,1.75,-1.0,8,False,S99_MSS_FVG_SHORT,SL,-1.75,s99,s99_mss_fvg,-2.2,-2.5,175,soft_daily_brake,e29b417d-ee9a-4476-b032-001031c3b1ff,True,False,0.7300000000004729,REJ,,
s99_mss_fvg,SELL,2026-08-26 06:31:00+00:00,4629.03,4632.45,4623.9,2026-08-26 06:41:00+00:00,4632.45,SL,-3.42,3.42,-1.0,6,False,S99_MSS_FVG_SHORT,SL,-3.4200000000000728,s99,s99_mss_fvg,-3.870000000000073,-4.17,176,PLACED,8a8c9501-b23c-41fe-9a78-b98cfe6c6317,True,False,-0.9900000000006912,SL,-2.6899999999993813,-2.4299999999993815
s99_mss_fvg,SELL,2026-08-26 08:03:00+00:00,4630.12,4631.75,4627.67,2026-08-26 08:06:00+00:00,4627.67,TP,2.45,1.63,1.5031,8,False,S99_MSS_FVG_SHORT,TP,2.449999999999818,s99,s99_mss_fvg,1.999999999999818,1.7000000000000002,177,no_add_to_loser,bd6b0551-132f-4beb-aa8e-25ba9c968dcf,True,False,0.7200000000002547,REJ,,
s99_mss_fvg,SELL,2026-08-26 09:31:00+00:00,4619.73,4621.72,4616.74,2026-08-26 09:32:00+00:00,4621.72,SL,-1.99,1.99,-1.0,9,False,S99_MSS_FVG_SHORT,SL,-1.9900000000006912,s99,s99_mss_fvg,-2.4400000000006914,-2.74,178,metaapi_rejection,cd3f3ca5-671b-49bf-9d47-0c966ecf390e,True,False,-1.6300000000001091,SL,-0.6200000000005821,-0.3600000000005821
s99_mss_fvg,BUY,2026-08-26 12:10:00+00:00,4626.98,4624.53,4630.65,2026-08-26 12:30:00+00:00,4624.53,SL,-2.45,2.45,-1.0,12,False,S99_MSS_FVG_LONG,SL,-2.449999999999818,s99,s99_mss_fvg,-2.8999999999998183,-3.2,179,PLACED,2f2ae976-2efb-4b05-b2b3-992fbc7f3d81,True,False,-0.9299999999993815,SL,-1.7800000000004366,-1.5200000000004366
s99_mss_fvg,SELL,2026-08-26 15:10:00+00:00,4598.85,4604.55,4590.3,2026-08-26 15:13:00+00:00,4590.3,TP,8.55,5.7,1.5,15,False,S99_MSS_FVG_SHORT,TP,8.550000000000182,s99,s99_mss_fvg,8.100000000000183,7.800000000000001,180,PLACED,61bcb40a-12af-4c10-a52b-d43f2ed10b13,True,False,-0.17999999999938154,TP,8.729999999999563,8.729999999999563
s99_mss_fvg,SELL,2026-08-27 07:29:00+00:00,4599.06,4602.16,4594.41,2026-08-27 07:56:00+00:00,4602.16,SL,-3.1,3.1,-1.0,7,False,S99_MSS_FVG_SHORT,SL,-3.0999999999994543,s99,s99_mss_fvg,-3.5499999999994545,-3.85,181,metaapi_rejection,7f24c909-c5a4-4f05-a395-e3b0f29938e8,True,False,-0.13999999999941792,SL,-3.220000000000036,-2.9600000000000364
s99_mss_fvg,SELL,2026-08-27 09:52:00+00:00,4584.63,4594.04,4570.52,2026-08-27 10:03:00+00:00,4570.52,TP,14.11,9.41,1.4995,9,False,S99_MSS_FVG_SHORT,TP,14.109999999999673,s99,s99_mss_fvg,13.659999999999672,13.36,182,metaapi_rejection,ba91065e-0dd9-489e-8299-974d11e2bd58,True,False,-0.5599999999994907,TP,14.669999999999163,14.669999999999163
s99_mss_fvg,SELL,2026-08-27 12:16:00+00:00,4595.615,4598.58,4591.17,2026-08-27 12:20:00+00:00,4598.58,SL,-2.965,2.965,-1.0,12,False,S99_MSS_FVG_SHORT,SL,-2.9650000000001455,s99,s99_mss_fvg,-3.4150000000001457,-3.715,184,entry_drift,05131a1b-3233-46a9-9a6a-c31ee1631ad0,True,False,1.7449999999998909,REJ,,
s99_mss_fvg,SELL,2026-08-27 12:55:00+00:00,4585.125,4588.05,4580.74,2026-08-27 12:59:00+00:00,4588.05,SL,-2.925,2.925,-1.0,12,False,S99_MSS_FVG_SHORT,SL,-2.925000000000182,s99,s99_mss_fvg,-3.375000000000182,-3.675,185,entry_drift,8a843c41-d3e6-461b-8e27-13cf798d7801,True,False,0.8350000000000364,REJ,,
s99_mss_fvg,SELL,2026-08-27 13:42:00+00:00,4581.52,4588.57,4570.95,2026-08-27 13:48:00+00:00,4570.95,TP,10.57,7.05,1.4993,13,False,S99_MSS_FVG_SHORT,TP,10.570000000000618,s99,s99_mss_fvg,10.12000000000062,9.82,186,PLACED,5e423929-5ce9-460e-92dc-e563160a3b9c,True,False,0.1500000000005457,TP,10.420000000000073,10.420000000000073
s99_mss_fvg,BUY,2026-08-28 07:07:00+00:00,4603.86,4599.0,4611.15,2026-08-28 07:10:00+00:00,4599.0,SL,-4.86,4.86,-1.0,7,False,S99_MSS_FVG_LONG,SL,-4.859999999999673,s99,s99_mss_fvg,-5.309999999999673,-5.61,187,soft_daily_brake,be31069e-57fc-4332-b4e8-779a319d1bf8,True,False,-0.9699999999993452,SL,-4.150000000000327,-3.8900000000003274
s99_mss_fvg,SELL,2026-08-28 08:51:00+00:00,4603.59,4607.2,4598.18,2026-08-28 09:54:00+00:00,4607.2,SL,-3.61,3.61,-1.0,8,False,S99_MSS_FVG_SHORT,SL,-3.6099999999996726,s99,s99_mss_fvg,-4.059999999999673,-4.359999999999999,188,soft_daily_brake,ad1c7ffa-2191-44a7-938f-7f1777a17ef7,True,False,-0.31999999999970896,SL,-3.5499999999999634,-3.2899999999999636
s99_mss_fvg,SELL,2026-08-28 11:45:00+00:00,4595.15,4598.62,4589.94,2026-08-28 12:21:00+00:00,4598.62,SL,-3.47,3.47,-1.0,11,False,S99_MSS_FVG_SHORT,SL,-3.4700000000002547,s99,s99_mss_fvg,-3.920000000000255,-4.220000000000001,190,soft_daily_brake,fd07e01c-4788-4741-bd48-9e029ba4e3f3,True,False,0.23999999999978172,SL,-3.970000000000036,-3.7100000000000364
s99_mss_fvg,BUY,2026-08-31 06:51:00+00:00,4438.86,4435.91,4443.28,2026-08-31 07:14:00+00:00,4435.91,SL,-2.95,2.95,-1.0,6,False,S99_MSS_FVG_LONG,SL,-2.949999999999818,s99,s99_mss_fvg,-3.3999999999998183,-3.7,191,PLACED,72b826b1-e4a5-434a-9708-68b4b4943f81,True,False,-0.7999999999992724,SL,-2.4100000000005455,-2.1500000000005457
s99_mss_fvg,BUY,2026-08-31 07:30:00+00:00,4443.625,4440.29,4448.63,2026-08-31 08:01:00+00:00,4448.63,TP,5.005,3.335,1.5007,7,False,S99_MSS_FVG_LONG,TP,5.005000000000109,s99,s99_mss_fvg,4.555000000000109,4.255,192,entry_drift,4c4d4222-2e0a-42de-ae03-754a45005fc8,True,False,1.0349999999998545,REJ,,
s99_mss_fvg,BUY,2026-08-31 10:11:00+00:00,4447.155,4444.78,4450.72,2026-08-31 10:14:00+00:00,4450.72,TP,3.565,2.375,1.5011,10,False,S99_MSS_FVG_LONG,TP,3.5650000000005093,s99,s99_mss_fvg,3.115000000000509,2.815,193,PLACED,2c55bb37-e83c-4d5a-9b0e-a429cff3105d,True,False,-0.3350000000000364,TP,3.9000000000005457,3.9000000000005457
s99_mss_fvg,BUY,2026-08-31 11:00:00+00:00,4453.585,4450.64,4458.0,2026-08-31 11:22:00+00:00,4458.0,TP,4.415,2.945,1.4992,11,False,S99_MSS_FVG_LONG,TP,4.414999999999964,s99,s99_mss_fvg,3.964999999999963,3.665,194,entry_drift,b1b5d885-3f8b-4ffa-946b-3b9adff03e4f,True,False,1.9849999999996726,REJ,,
s99_mss_fvg,SELL,2026-08-31 12:51:00+00:00,4440.53,4442.77,4437.17,2026-08-31 12:54:00+00:00,4437.17,TP,3.36,2.24,1.5,12,False,S99_MSS_FVG_SHORT,TP,3.3599999999996726,s99,s99_mss_fvg,2.9099999999996724,2.61,195,entry_drift,8a49c9de-4660-488f-a3e5-07306ac67b76,True,False,0.8400000000001455,REJ,,
s99_mss_fvg,SELL,2026-08-31 14:17:00+00:00,4429.34,4433.53,4423.06,2026-08-31 14:20:00+00:00,4423.06,TP,6.28,4.19,1.4988,14,False,S99_MSS_FVG_SHORT,TP,6.279999999999745,s99,s99_mss_fvg,5.829999999999745,5.53,196,PLACED,2d37637d-4f04-47fd-bed1-fefaea2eecb7,True,False,-0.05999999999949068,TP,6.339999999999236,6.339999999999236
s99_mss_fvg,BUY,2026-08-31 14:49:00+00:00,4431.425,4427.03,4438.02,2026-08-31 14:50:00+00:00,4427.03,SL,-4.395,4.395,-1.0,14,False,S99_MSS_FVG_LONG,SL,-4.395000000000437,s99,s99_mss_fvg,-4.845000000000437,-5.145,197,no_add_to_loser,3fe9940a-3c37-4250-a721-d3899a43fde2,True,False,-2.7950000000000728,SL,-1.8600000000003638,-1.6000000000003638
s99_mss_fvg,SELL,2026-09-01 08:40:00+00:00,4377.26,4383.97,4367.19,2026-09-01 09:02:00+00:00,4367.19,TP,10.07,6.71,1.5007,8,False,S99_MSS_FVG_SHORT,TP,10.070000000000618,s99,s99_mss_fvg,9.62000000000062,9.32,198,PLACED,d790bb7c-c2c8-48cd-a7c8-5459aede564b,True,False,-3.0100000000002183,TP,13.080000000000837,13.080000000000837
s99_mss_fvg,SELL,2026-09-01 12:19:00+00:00,4374.77,4379.99,4366.94,2026-09-01 12:20:00+00:00,4366.94,TP,7.83,5.22,1.5,12,False,S99_MSS_FVG_SHORT,TP,7.830000000000837,s99,s99_mss_fvg,7.380000000000837,7.08,200,entry_drift,c514893a-14d0-45b4-ab1e-6a14f6f68420,True,False,4.160000000000764,REJ,,
s99_mss_fvg,SELL,2026-09-01 13:22:00+00:00,4335.505,4338.72,4330.68,2026-09-01 13:25:00+00:00,4338.72,SL,-3.215,3.215,-1.0,13,False,S99_MSS_FVG_SHORT,SL,-3.2150000000001455,s99,s99_mss_fvg,-3.6650000000001457,-3.965,201,PLACED,2a23c6bd-5a7c-47e5-915a-f138f39b2979,True,False,1.0150000000003274,REJ,,
s99_mss_fvg,BUY,2026-09-02 07:15:00+00:00,4326.235,4323.23,4330.74,2026-09-02 07:38:00+00:00,4330.74,TP,4.505,3.005,1.4992,7,False,S99_MSS_FVG_LONG,TP,4.505000000000109,s99,s99_mss_fvg,4.055000000000109,3.755,202,entry_drift,2492e0c2-4f80-4dd3-b2fc-5f2ca191701f,True,False,0.8650000000006912,REJ,,
s99_mss_fvg,SELL,2026-09-02 08:02:00+00:00,4325.125,4327.29,4321.88,2026-09-02 08:04:00+00:00,4327.29,SL,-2.165,2.165,-1.0,8,False,S99_MSS_FVG_SHORT,SL,-2.1649999999999636,s99,s99_mss_fvg,-2.614999999999964,-2.915,203,entry_drift,ff40d9d8-58c5-4ec8-b2bd-cd60e7e0a505,True,False,1.6149999999997817,REJ,,
s99_mss_fvg,SELL,2026-09-02 09:05:00+00:00,4317.435,4320.79,4312.4,2026-09-02 09:06:00+00:00,4320.79,SL,-3.355,3.355,-1.0,9,False,S99_MSS_FVG_SHORT,SL,-3.354999999999563,s99,s99_mss_fvg,-3.804999999999563,-4.105,204,metaapi_rejection,ac87fd93-d552-492d-b2ec-e40454c20146,True,False,-3.594999999999345,SL,-0.020000000000218288,0.23999999999978172
s99_mss_fvg,SELL,2026-09-02 09:30:00+00:00,4309.185,4314.25,4301.59,2026-09-02 11:09:00+00:00,4314.25,SL,-5.065,5.065,-1.0,9,False,S99_MSS_FVG_SHORT,SL,-5.0649999999996,s99,s99_mss_fvg,-5.5149999999996,-5.815,205,PLACED,65416dd4-3ca0-4e25-97fc-22c7f1317cf0,True,False,0.9350000000004002,REJ,,
s99_mss_fvg,BUY,2026-09-02 11:41:00+00:00,4329.0,4322.18,4339.23,2026-09-02 12:20:00+00:00,4339.23,TP,10.23,6.82,1.5,11,False,S99_MSS_FVG_LONG,TP,10.229999999999563,s99,s99_mss_fvg,9.779999999999564,9.48,207,metaapi_rejection,57c2494f-fdc5-44cd-926e-c3206e4c5bc2,True,False,-1.6199999999998909,TP,11.849999999999454,11.849999999999454
s99_mss_fvg,BUY,2026-09-02 14:15:00+00:00,4387.09,4383.88,4391.91,2026-09-02 14:19:00+00:00,4391.91,TP,4.82,3.21,1.5016,14,False,S99_MSS_FVG_LONG,TP,4.819999999999709,s99,s99_mss_fvg,4.369999999999709,4.07,208,metaapi_rejection,e7e013f5-ab8b-4f9b-bf1a-4367962f2c07,True,False,0.4600000000000364,TP,4.359999999999673,4.359999999999673
s99_mss_fvg,SELL,2026-09-03 06:35:00+00:00,4424.01,4426.47,4420.32,2026-09-03 06:45:00+00:00,4426.47,SL,-2.46,2.46,-1.0,6,False,S99_MSS_FVG_SHORT,SL,-2.4600000000000364,s99,s99_mss_fvg,-2.910000000000037,-3.21,209,PLACED,89f63b5e-cc98-4c5c-a42a-b0236f5c401a,True,False,0.3900000000003274,SL,-3.1100000000003636,-2.850000000000364
s99_mss_fvg,BUY,2026-09-03 08:10:00+00:00,4435.125,4429.26,4443.92,2026-09-03 09:45:00+00:00,4429.26,SL,-5.865,5.865,-1.0,8,False,S99_MSS_FVG_LONG,SL,-5.864999999999782,s99,s99_mss_fvg,-6.314999999999782,-6.615,210,PLACED,8206401c-e9d9-4a02-a75a-ae17e497ee8b,True,False,-1.0150000000003274,SL,-5.109999999999454,-4.849999999999454
s99_mss_fvg,SELL,2026-09-03 09:50:00+00:00,4430.085,4431.59,4427.83,2026-09-03 09:52:00+00:00,4427.83,TP,2.255,1.505,1.4983,9,False,S99_MSS_FVG_SHORT,TP,2.255000000000109,s99,s99_mss_fvg,1.8050000000001092,1.505,212,PLACED,e4f20915-3f28-4177-9000-03fcee680c54,True,False,0.3649999999997817,TP,1.8900000000003274,1.8900000000003274
s99_mss_fvg,BUY,2026-09-03 13:00:00+00:00,4490.0,4478.42,4507.37,2026-09-03 13:25:00+00:00,4478.42,SL,-11.58,11.58,-1.0,13,False,S99_MSS_FVG_LONG,SL,-11.579999999999927,s99,s99_mss_fvg,-12.029999999999928,-12.33,214,soft_daily_brake,be6a83fb-069f-4a59-aaf2-f53f11cf3bb1,True,False,2.100000000000364,REJ,,
s99_mss_fvg,BUY,2026-09-03 15:10:00+00:00,4496.71,4483.56,4516.43,2026-09-03 17:03:00+00:00,4483.56,SL,-13.15,13.15,-1.0,15,False,S99_MSS_FVG_LONG,SL,-13.149999999999636,s99,s99_mss_fvg,-13.599999999999635,-13.9,215,soft_daily_brake,000206e6-d40d-4451-8c36-9f6c2f65d4e7,True,False,0.6899999999995998,REJ,,
s99_mss_fvg,SELL,2026-09-04 06:41:00+00:00,4466.665,4468.87,4463.36,2026-09-04 06:45:00+00:00,4463.36,TP,3.305,2.205,1.4989,6,False,S99_MSS_FVG_SHORT,TP,3.305000000000291,s99,s99_mss_fvg,2.855000000000291,2.555,216,PLACED,d7f933f7-8aa8-4ae8-8ee5-f17c86fce858,True,False,-0.6450000000004366,TP,3.9500000000007276,3.9500000000007276
s99_mss_fvg,SELL,2026-09-04 13:15:00+00:00,4394.925,4399.05,4388.74,2026-09-04 13:16:00+00:00,4399.05,SL,-4.125,4.125,-1.0,13,False,S99_MSS_FVG_SHORT,SL,-4.125,s99,s99_mss_fvg,-4.575,-4.875,220,PLACED,f521915d-8bb6-42b6-b46e-399288b0a09f,True,False,-1.894999999999527,SL,-2.4900000000004727,-2.230000000000473
s99_mss_fvg,BUY,2026-09-04 15:23:00+00:00,4441.21,4437.47,4446.82,2026-09-04 15:36:00+00:00,4437.47,SL,-3.74,3.74,-1.0,15,False,S99_MSS_FVG_LONG,SL,-3.7399999999997817,s99,s99_mss_fvg,-4.189999999999782,-4.49,221,soft_daily_brake,504627a4-09fb-459c-ac2d-55d1effde177,True,False,1.3299999999999272,REJ,,
s99_mss_fvg,SELL,2026-09-07 06:11:00+00:00,4390.465,4394.33,4384.67,2026-09-07 06:16:00+00:00,4394.33,SL,-3.865,3.865,-1.0,6,False,S99_MSS_FVG_SHORT,SL,-3.8649999999997817,s99,s99_mss_fvg,-4.314999999999782,-4.615,222,PLACED,01a2ce68-681b-44f7-abea-b0dd88c24323,True,False,-1.055000000000291,SL,-3.0699999999994905,-2.8099999999994907
s99_mss_fvg,SELL,2026-09-07 10:41:00+00:00,4394.54,4396.56,4391.51,2026-09-07 10:42:00+00:00,4396.56,SL,-2.02,2.02,-1.0,10,False,S99_MSS_FVG_SHORT,SL,-2.020000000000437,s99,s99_mss_fvg,-2.4700000000004367,-2.77,223,metaapi_rejection,b6dd2b20-d883-4d98-ba3e-eda215d2c469,True,False,-0.9800000000004729,SL,-1.2999999999999636,-1.0399999999999636
s99_mss_fvg,SELL,2026-09-07 11:05:00+00:00,4392.935,4395.0,4389.84,2026-09-07 11:23:00+00:00,4389.84,TP,3.095,2.065,1.4988,11,False,S99_MSS_FVG_SHORT,SL,-2.0649999999996,s99,s99_mss_fvg,-2.5149999999996,2.345,224,PLACED,b13ec020-daa4-4aca-a282-9295004a5153,True,False,-0.5749999999998181,SL,-1.7499999999997817,-1.4899999999997817
s99_mss_fvg,BUY,2026-09-07 14:24:00+00:00,4405.655,4404.02,4408.11,2026-09-07 14:25:00+00:00,4408.11,TP,2.455,1.635,1.5015,14,False,S99_MSS_FVG_LONG,TP,2.4549999999999272,s99,s99_mss_fvg,2.004999999999927,1.705,226,PLACED,fb603e44-4ee4-49d2-a8dc-5b08c1c298e8,True,False,2.074999999999818,REJ,,
s99_mss_fvg,SELL,2026-09-08 06:40:00+00:00,4406.175,4409.76,4400.8,2026-09-08 07:23:00+00:00,4400.8,TP,5.375,3.585,1.4993,6,False,S99_MSS_FVG_SHORT,TP,5.375,s99,s99_mss_fvg,4.925,4.625,228,PLACED,c179bb91-8eab-4f59-8e87-39bc0fe79428,True,False,0.7849999999998545,REJ,,
s99_mss_fvg,SELL,2026-09-08 07:46:00+00:00,4397.46,4399.04,4395.09,2026-09-08 07:48:00+00:00,4395.09,TP,2.37,1.58,1.5,7,False,S99_MSS_FVG_SHORT,TP,2.369999999999891,s99,s99_mss_fvg,1.919999999999891,1.62,229,entry_drift,5529da6e-5e80-4898-9937-07106d6a1f0c,True,False,1.0900000000001455,REJ,,
s99_mss_fvg,BUY,2026-09-08 10:02:00+00:00,4401.12,4396.72,4407.72,2026-09-08 10:07:00+00:00,4396.72,SL,-4.4,4.4,-1.0,10,False,S99_MSS_FVG_LONG,SL,-4.399999999999636,s99,s99_mss_fvg,-4.849999999999636,-5.15,230,PLACED,5c59ba94-8e7b-486b-9040-6b1c7e4427af,True,False,-0.5900000000001455,SL,-4.0699999999994905,-3.8099999999994907
s99_mss_fvg,BUY,2026-09-08 11:44:00+00:00,4404.235,4402.2,4407.29,2026-09-08 11:47:00+00:00,4402.2,SL,-2.035,2.035,-1.0,11,False,S99_MSS_FVG_LONG,SL,-2.0349999999998545,s99,s99_mss_fvg,-2.4849999999998547,-2.785,231,PLACED,667096dd-4d7d-4d6e-b6b9-9524e514f676,True,False,-0.21499999999923602,SL,-2.0800000000006182,-1.8200000000006185
s99_mss_fvg,SELL,2026-09-08 12:20:00+00:00,4392.045,4402.86,4375.82,2026-09-08 12:30:00+00:00,4402.86,SL,-10.815,10.815,-1.0,12,False,S99_MSS_FVG_SHORT,SL,-10.8149999999996,s99,s99_mss_fvg,-11.2649999999996,-11.565,232,PLACED,0183dc36-d3db-4220-968e-d036b91bf280,True,False,-2.4849999999996726,SL,-8.589999999999927,-8.329999999999927
s99_mss_fvg,BUY,2026-09-08 13:02:00+00:00,4403.125,4401.15,4406.09,2026-09-08 13:04:00+00:00,4406.09,TP,2.965,1.975,1.5013,13,False,S99_MSS_FVG_LONG,TP,2.9650000000001455,s99,s99_mss_fvg,2.5150000000001453,2.215,233,PLACED,05bdeba3-4246-4a8c-bcfc-9fcc01f1e9f7,True,False,1.0450000000000728,REJ,,
s99_mss_fvg,BUY,2026-09-08 15:20:00+00:00,4404.795,4402.85,4407.71,2026-09-08 15:21:00+00:00,4402.85,SL,-1.945,1.945,-1.0,15,False,S99_MSS_FVG_LONG,SL,-1.944999999999709,s99,s99_mss_fvg,-2.394999999999709,-2.6950000000000003,234,metaapi_rejection,6b551460-5c0a-40d0-af5a-39a4e756a418,True,False,-1.7449999999998909,SL,-0.4599999999998181,-0.1999999999998181
s99_mss_fvg,SELL,2026-09-09 10:00:00+00:00,4391.24,4394.61,4386.18,2026-09-09 10:19:00+00:00,4394.61,SL,-3.37,3.37,-1.0,10,False,S99_MSS_FVG_SHORT,SL,-3.369999999999891,s99,s99_mss_fvg,-3.819999999999891,-4.12,237,PLACED,b9208966-2556-408e-9d62-abe185faf1b6,True,False,1.4600000000000364,REJ,,
s99_mss_fvg,BUY,2026-09-09 11:30:00+00:00,4406.16,4404.04,4409.34,2026-09-09 11:35:00+00:00,4404.04,SL,-2.12,2.12,-1.0,11,False,S99_MSS_FVG_LONG,SL,-2.119999999999891,s99,s99_mss_fvg,-2.569999999999891,-2.87,238,soft_daily_brake,0b69fc03-1eac-44ab-935b-2add6b88a6af,True,False,0.36999999999989086,SL,-2.7499999999997815,-2.4899999999997817
s99_mss_fvg,SELL,2026-09-10 08:51:00+00:00,4396.745,4399.57,4392.51,2026-09-10 09:06:00+00:00,4392.51,TP,4.235,2.825,1.4991,8,False,S99_MSS_FVG_SHORT,TP,4.234999999999673,s99,s99_mss_fvg,3.784999999999672,3.4850000000000003,240,PLACED,fc02e5a0-eaf3-4f2f-a207-9b1196237fb0,True,False,-1.175000000000182,TP,5.4099999999998545,5.4099999999998545
s99_mss_fvg,SELL,2026-09-10 10:42:00+00:00,4385.725,4394.8,4372.11,2026-09-10 12:00:00+00:00,4372.11,TP,13.615,9.075,1.5003,10,False,S99_MSS_FVG_SHORT,TP,13.615000000000691,s99,s99_mss_fvg,13.165000000000692,12.865,241,PLACED,78cd91cd-de91-43b3-9fa1-3c45243ee6c9,True,False,-0.2249999999994543,TP,13.840000000000146,13.840000000000146
s99_mss_fvg,BUY,2026-09-10 14:14:00+00:00,4359.57,4355.28,4366.0,2026-09-10 14:17:00+00:00,4355.28,SL,-4.29,4.29,-1.0,14,False,S99_MSS_FVG_LONG,SL,-4.289999999999964,s99,s99_mss_fvg,-4.739999999999964,-5.04,243,PLACED,c43a7553-adcb-4f15-86a1-d554dbeed370,True,False,0.6500000000005457,REJ,,
s99_mss_fvg,SELL,2026-09-11 11:44:00+00:00,4334.225,4337.06,4329.97,2026-09-11 12:04:00+00:00,4329.97,TP,4.255,2.835,1.5009,11,False,S99_MSS_FVG_SHORT,TP,4.255000000000109,s99,s99_mss_fvg,3.805000000000109,3.505,245,PLACED,88136da4-796f-4216-a083-79e341adbfe7,True,False,-1.2749999999996362,TP,5.529999999999745,5.529999999999745
s99_mss_fvg,SELL,2026-09-11 12:11:00+00:00,4330.22,4331.77,4327.9,2026-09-11 12:12:00+00:00,4331.77,SL,-1.55,1.55,-1.0,12,False,S99_MSS_FVG_SHORT,SL,-1.550000000000182,s99,s99_mss_fvg,-2.000000000000182,-2.3,246,PLACED,61f20a48-90d6-4bd5-be52-ce5acfdccf2d,True,False,0.8699999999998909,REJ,,
s99_mss_fvg,SELL,2026-09-11 15:15:00+00:00,4363.91,4368.1,4357.62,2026-09-11 15:22:00+00:00,4368.1,SL,-4.19,4.19,-1.0,15,False,S99_MSS_FVG_SHORT,SL,-4.190000000000509,s99,s99_mss_fvg,-4.6400000000005095,-4.94,247,PLACED,271c005c-b12e-42a7-9dab-13d5a7aa38af,True,False,0.569999999999709,REJ,,
s99_mss_fvg,SELL,2026-09-14 08:01:00+00:00,4312.725,4316.85,4306.54,2026-09-14 08:04:00+00:00,4316.85,SL,-4.125,4.125,-1.0,8,False,S99_MSS_FVG_SHORT,SL,-4.125,s99,s99_mss_fvg,-4.575,-4.875,249,PLACED,9f115a93-5fd4-4464-8e6b-617e57cd136b,True,False,-0.8549999999995634,SL,-3.5300000000004363,-3.2700000000004366
s99_mss_fvg,SELL,2026-09-14 10:39:00+00:00,4293.51,4306.28,4274.36,2026-09-14 12:36:00+00:00,4274.36,TP,19.15,12.77,1.4996,10,False,S99_MSS_FVG_SHORT,TP,19.150000000000546,s99,s99_mss_fvg,18.700000000000543,18.4,251,PLACED,53cc91a7-81da-41a3-a56f-4d8fde16c403,True,False,0.1999999999998181,TP,18.950000000000728,18.950000000000728
s99_mss_fvg,SELL,2026-09-14 13:00:00+00:00,4272.25,4278.0,4263.62,2026-09-14 13:07:00+00:00,4263.62,TP,8.63,5.75,1.5009,13,False,S99_MSS_FVG_SHORT,TP,8.63000000000011,s99,s99_mss_fvg,8.18000000000011,7.880000000000001,253,entry_drift,3a401f79-bb3e-4abd-85bb-ac4fe4d3aafd,True,False,1.75,REJ,,
s99_mss_fvg,BUY,2026-09-14 15:49:00+00:00,4289.765,4283.5,4299.16,2026-09-14 16:19:00+00:00,4299.16,TP,9.395,6.265,1.4996,15,False,S99_MSS_FVG_LONG,TP,9.394999999999529,s99,s99_mss_fvg,8.944999999999528,8.645,254,PLACED,d8c32056-0910-4d33-85cb-6c490ef7de34,True,False,-1.2049999999999272,TP,10.599999999999454,10.599999999999454
s99_mss_fvg,BUY,2026-09-15 07:00:00+00:00,4292.165,4290.5,4294.66,2026-09-15 07:02:00+00:00,4290.5,SL,-1.665,1.665,-1.0,7,False,S99_MSS_FVG_LONG,SL,-1.6649999999999636,s99,s99_mss_fvg,-2.114999999999964,-2.415,255,soft_daily_brake,3ebb683b-73eb-419e-a820-aa117edac50b,True,False,2.024999999999636,REJ,,
s99_mss_fvg,SELL,2026-09-15 07:45:00+00:00,4286.825,4290.93,4280.67,2026-09-15 07:51:00+00:00,4280.67,TP,6.155,4.105,1.4994,7,False,S99_MSS_FVG_SHORT,TP,6.154999999999745,s99,s99_mss_fvg,5.704999999999745,5.405,256,soft_daily_brake,58c68758-8e2d-4dce-bc65-24ba83f06b1e,True,False,-0.6750000000001819,TP,6.829999999999927,6.829999999999927
s99_mss_fvg,SELL,2026-09-15 08:00:00+00:00,4280.96,4284.61,4275.49,2026-09-15 08:01:00+00:00,4275.49,TP,5.47,3.65,1.4986,8,False,S99_MSS_FVG_SHORT,TP,5.470000000000255,s99,s99_mss_fvg,5.0200000000002545,4.72,257,soft_daily_brake,2cc8694c-0c65-43d2-8ad8-7a5de6ddbc99,True,False,6.859999999999673,REJ,,
s99_mss_fvg,SELL,2026-09-15 08:15:00+00:00,4268.915,4277.5,4256.04,2026-09-15 10:11:00+00:00,4277.5,SL,-8.585,8.585,-1.0,8,False,S99_MSS_FVG_SHORT,SL,-8.585000000000036,s99,s99_mss_fvg,-9.035000000000036,-9.335,258,soft_daily_brake,6a40c31e-4ce2-41bb-8af3-dd4a18507056,True,False,-0.4750000000003638,SL,-8.369999999999672,-8.109999999999673
s99_mss_fvg,BUY,2026-09-15 11:00:00+00:00,4281.09,4277.05,4287.15,2026-09-15 12:10:00+00:00,4277.05,SL,-4.04,4.04,-1.0,11,False,S99_MSS_FVG_LONG,SL,-4.039999999999964,s99,s99_mss_fvg,-4.489999999999964,-4.79,261,soft_daily_brake,46db381d-ebe1-44f5-9031-9fa36af751fe,True,False,0.6499999999996362,REJ,,
s99_mss_fvg,BUY,2026-09-15 12:57:00+00:00,4287.585,4280.52,4298.18,2026-09-15 13:59:00+00:00,4298.18,TP,10.595,7.065,1.4996,12,False,S99_MSS_FVG_LONG,TP,10.595000000000256,s99,s99_mss_fvg,10.145000000000255,9.845,262,soft_daily_brake,fec0f1c4-4735-4e06-a048-d197f28a5f3c,True,False,0.5050000000001091,REJ,,
s99_mss_fvg,BUY,2026-09-15 15:45:00+00:00,4287.385,4284.85,4291.19,2026-09-15 15:50:00+00:00,4291.19,TP,3.805,2.535,1.501,15,False,S99_MSS_FVG_LONG,TP,3.8049999999993815,s99,s99_mss_fvg,3.354999999999382,3.055,263,soft_daily_brake,1645a996-3880-4fd3-90b3-946368ea7379,True,False,-1.105000000000473,TP,4.9099999999998545,4.9099999999998545
s99_mss_fvg,BUY,2026-09-16 10:06:00+00:00,4338.075,4335.16,4342.45,2026-09-16 10:08:00+00:00,4342.45,TP,4.375,2.915,1.5009,10,False,S99_MSS_FVG_LONG,TP,4.375,s99,s99_mss_fvg,3.925,3.625,264,entry_drift,57e7b325-edb5-4dd1-854b-4b4277ae100f,True,False,1.355000000000473,REJ,,
s99_mss_fvg,BUY,2026-09-17 06:35:00+00:00,4311.28,4307.83,4316.45,2026-09-17 06:38:00+00:00,4307.83,SL,-3.45,3.45,-1.0,6,False,S99_MSS_FVG_LONG,SL,-3.449999999999818,s99,s99_mss_fvg,-3.8999999999998183,-4.2,266,soft_daily_brake,f176d78c-7a98-4911-92c2-6dc1705cd6cc,True,False,0.030000000000654836,SL,-3.7400000000004727,-3.480000000000473
s99_mss_fvg,BUY,2026-09-17 07:20:00+00:00,4323.02,4314.82,4335.32,2026-09-17 07:48:00+00:00,4335.32,TP,12.3,8.2,1.5,7,False,S99_MSS_FVG_LONG,SL,-8.200000000000728,s99,s99_mss_fvg,-8.650000000000727,11.55,267,soft_daily_brake,020c8bc0-1c8e-4f57-a42c-a53cc2af7540,True,False,-0.3600000000005821,SL,-8.100000000000145,-7.8400000000001455
s99_mss_fvg,SELL,2026-09-17 09:37:00+00:00,4309.025,4311.37,4305.51,2026-09-17 10:00:00+00:00,4305.51,TP,3.515,2.345,1.4989,9,False,S99_MSS_FVG_SHORT,TP,3.514999999999418,s99,s99_mss_fvg,3.0649999999994177,2.765,269,soft_daily_brake,6a96d996-4f33-4360-b14a-54dfd0b9e611,True,False,1.0349999999998545,REJ,,
s99_mss_fvg,BUY,2026-09-17 11:18:00+00:00,4328.92,4324.25,4335.93,2026-09-17 11:38:00+00:00,4324.25,SL,-4.67,4.67,-1.0,11,False,S99_MSS_FVG_LONG,SL,-4.670000000000073,s99,s99_mss_fvg,-5.120000000000073,-5.42,270,PLACED,d95d83ed-ce0a-41e5-ad05-619d58767f35,True,False,0.4399999999995998,SL,-5.369999999999672,-5.109999999999673
s99_mss_fvg,SELL,2026-09-17 13:46:00+00:00,4363.015,4364.87,4360.23,2026-09-17 13:47:00+00:00,4364.87,SL,-1.855,1.855,-1.0,13,False,S99_MSS_FVG_SHORT,SL,-1.8549999999995632,s99,s99_mss_fvg,-2.3049999999995636,-2.605,272,soft_daily_brake,b5634a1d-8aa6-4a06-8f66-c038f3f788fa,True,False,-2.3049999999993815,SL,0.1899999999998181,0.4499999999998181
s99_mss_fvg,SELL,2026-09-17 15:03:00+00:00,4357.605,4359.57,4354.66,2026-09-17 15:11:00+00:00,4354.66,TP,2.945,1.965,1.4987,15,False,S99_MSS_FVG_SHORT,TP,2.944999999999709,s99,s99_mss_fvg,2.494999999999709,2.195,273,soft_daily_brake,4aadaf4d-dba6-42d1-b69c-f02ab1c0704a,True,False,1.4349999999994907,REJ,,
