level_type,T,cost,split,n_real,real_mean,rand_mean,edge_vs_rand,ci_lo,ci_hi,touch_mean,edge_vs_touch,ci2_lo,ci2_hi
PD,30,0.45,TRAIN,1447,-0.964,-0.933,-0.031,-0.145,0.081,-0.874,-0.09,-0.207,0.027
PD,30,0.45,TEST,1497,-0.978,-1.105,0.126,-0.129,0.404,-0.927,-0.051,-0.301,0.236
PD,30,0.8,TRAIN,1447,-1.314,-1.283,-0.031,-0.145,0.081,-1.224,-0.09,-0.207,0.027
PD,30,0.8,TEST,1497,-1.328,-1.455,0.126,-0.129,0.404,-1.277,-0.051,-0.301,0.236
PD,120,0.45,TRAIN,1592,-0.986,-0.887,-0.099,-0.229,0.031,-0.874,-0.112,-0.241,0.014
PD,120,0.45,TEST,1460,-0.932,-0.9,-0.032,-0.375,0.318,-0.927,-0.005,-0.327,0.349
PD,120,0.8,TRAIN,1592,-1.336,-1.237,-0.099,-0.229,0.031,-1.224,-0.112,-0.241,0.014
PD,120,0.8,TEST,1460,-1.282,-1.25,-0.032,-0.375,0.318,-1.277,-0.005,-0.327,0.349
PD,300,0.45,TRAIN,1564,-1.004,-0.907,-0.097,-0.243,0.059,-0.874,-0.13,-0.277,0.021
PD,300,0.45,TEST,1338,-1.049,-1.006,-0.044,-0.456,0.385,-0.927,-0.123,-0.525,0.281
PD,300,0.8,TRAIN,1564,-1.354,-1.257,-0.097,-0.243,0.059,-1.224,-0.13,-0.277,0.021
PD,300,0.8,TEST,1338,-1.399,-1.356,-0.044,-0.456,0.385,-1.277,-0.123,-0.525,0.281
ASIA,30,0.45,TRAIN,1864,-0.961,-0.895,-0.066,-0.164,0.033,-0.881,-0.08,-0.188,0.025
ASIA,30,0.45,TEST,1800,-0.953,-0.944,-0.009,-0.188,0.17,-0.838,-0.115,-0.292,0.061
ASIA,30,0.8,TRAIN,1864,-1.311,-1.245,-0.066,-0.164,0.033,-1.231,-0.08,-0.188,0.025
ASIA,30,0.8,TEST,1800,-1.303,-1.294,-0.009,-0.188,0.17,-1.188,-0.115,-0.292,0.061
ASIA,120,0.45,TRAIN,2038,-0.932,-0.898,-0.033,-0.149,0.091,-0.881,-0.051,-0.172,0.071
ASIA,120,0.45,TEST,1823,-0.959,-1.057,0.098,-0.117,0.321,-0.838,-0.121,-0.344,0.098
ASIA,120,0.8,TRAIN,2038,-1.282,-1.248,-0.033,-0.149,0.091,-1.231,-0.051,-0.172,0.071
ASIA,120,0.8,TEST,1823,-1.309,-1.407,0.098,-0.117,0.321,-1.188,-0.121,-0.344,0.098
ASIA,300,0.45,TRAIN,2007,-0.923,-0.933,0.01,-0.127,0.147,-0.881,-0.043,-0.173,0.101
ASIA,300,0.45,TEST,1681,-1.061,-1.007,-0.054,-0.326,0.222,-0.838,-0.223,-0.491,0.045
ASIA,300,0.8,TRAIN,2007,-1.273,-1.283,0.01,-0.127,0.147,-1.231,-0.043,-0.173,0.101
ASIA,300,0.8,TEST,1681,-1.411,-1.357,-0.054,-0.326,0.222,-1.188,-0.223,-0.491,0.045
H1,30,0.45,TRAIN,8930,-0.966,-0.928,-0.038,-0.078,0.002,-0.892,-0.074,-0.112,-0.033
H1,30,0.45,TEST,9501,-1.024,-1.017,-0.007,-0.079,0.061,-0.918,-0.106,-0.18,-0.035
H1,30,0.8,TRAIN,8930,-1.316,-1.278,-0.038,-0.078,0.002,-1.242,-0.074,-0.112,-0.033
H1,30,0.8,TEST,9501,-1.374,-1.367,-0.007,-0.079,0.061,-1.268,-0.106,-0.18,-0.035
H1,120,0.45,TRAIN,10398,-0.956,-0.943,-0.013,-0.059,0.032,-0.892,-0.064,-0.108,-0.02
H1,120,0.45,TEST,9843,-1.034,-1.03,-0.005,-0.089,0.083,-0.918,-0.116,-0.2,-0.031
H1,120,0.8,TRAIN,10398,-1.306,-1.293,-0.013,-0.059,0.032,-1.242,-0.064,-0.108,-0.02
H1,120,0.8,TEST,9843,-1.384,-1.38,-0.005,-0.089,0.083,-1.268,-0.116,-0.2,-0.031
H1,300,0.45,TRAIN,10497,-0.952,-0.942,-0.01,-0.063,0.043,-0.892,-0.06,-0.112,-0.007
H1,300,0.45,TEST,9427,-1.115,-1.006,-0.11,-0.219,0.005,-0.918,-0.197,-0.3,-0.086
H1,300,0.8,TRAIN,10497,-1.302,-1.292,-0.01,-0.063,0.043,-1.242,-0.06,-0.112,-0.007
H1,300,0.8,TEST,9427,-1.465,-1.356,-0.11,-0.219,0.005,-1.268,-0.197,-0.3,-0.086
LON,30,0.45,TRAIN,1599,-0.954,-0.898,-0.056,-0.178,0.061,-0.826,-0.128,-0.249,-0.007
LON,30,0.45,TEST,1603,-0.961,-0.943,-0.018,-0.221,0.18,-0.799,-0.161,-0.374,0.039
LON,30,0.8,TRAIN,1599,-1.304,-1.248,-0.056,-0.178,0.061,-1.176,-0.128,-0.249,-0.007
LON,30,0.8,TEST,1603,-1.311,-1.293,-0.018,-0.221,0.18,-1.149,-0.161,-0.374,0.039
LON,120,0.45,TRAIN,1742,-0.983,-0.87,-0.113,-0.239,0.015,-0.826,-0.157,-0.282,-0.026
LON,120,0.45,TEST,1620,-0.964,-0.911,-0.053,-0.294,0.21,-0.799,-0.164,-0.413,0.074
LON,120,0.8,TRAIN,1742,-1.333,-1.22,-0.113,-0.239,0.015,-1.176,-0.157,-0.282,-0.026
LON,120,0.8,TEST,1620,-1.314,-1.261,-0.053,-0.294,0.21,-1.149,-0.164,-0.413,0.074
LON,300,0.45,TRAIN,1707,-0.955,-0.935,-0.019,-0.18,0.136,-0.826,-0.128,-0.285,0.018
LON,300,0.45,TEST,1526,-1.038,-0.928,-0.11,-0.415,0.21,-0.799,-0.239,-0.534,0.088
LON,300,0.8,TRAIN,1707,-1.305,-1.285,-0.019,-0.18,0.136,-1.176,-0.128,-0.285,0.018
LON,300,0.8,TEST,1526,-1.388,-1.278,-0.11,-0.415,0.21,-1.149,-0.239,-0.534,0.088
