module,arm,model,base_n,base_pf,base_pts,base_train_n,base_train_pf,base_train_pts,base_test_n,base_test_pf,base_test_pts,test_months,test_pos_month_share,test_max_month_share,gold_corr,up_pts,dn_pts,bar5_regime,stress_n,stress_pf,stress_pts,stress_train_n,stress_train_pf,stress_train_pts,stress_test_n,stress_test_pf,stress_test_pts,bar1_n,bar2_base,bar2_stress,bar3_train,bar4_monthly,bar7_pf,bar7_pts,bar7,plateau_seq,bar6_plateau,bars_1_5,verdict
c03_fvg_fill,incumbent,q,2147,1.389,2362.6,1323,1.313,854.1,824,1.451,1508.4,10,1.0,0.31,-0.4,1483.8,878.7,True,2147,1.287,1825.8,1323,1.18,523.4,824,1.377,1302.4,True,True,True,True,True,,,,,,,
c03_fvg_fill,B1,q,1079,1.364,1068.7,661,1.349,463.8,418,1.377,604.9,10,0.6,0.3,-0.42,693.1,375.6,True,1079,1.259,798.9,661,1.211,298.5,418,1.301,500.4,True,True,True,True,True,False,False,False,1.301/1.374,True,6.0,FAIL
c03_fvg_fill,B2,q,557,1.23,373.0,351,1.322,245.6,206,1.149,127.5,10,0.3,1.31,-0.42,261.7,111.4,True,557,1.137,233.8,351,1.194,157.8,206,1.085,76.0,True,True,True,True,False,False,False,False,1.052/1.085/1.205,True,5.0,FAIL
c03_fvg_fill,B3,q,1893,1.407,2163.9,1161,1.323,756.9,732,1.473,1407.0,10,1.0,0.33,-0.34,1302.9,861.0,True,1893,1.303,1690.6,1161,1.187,466.6,732,1.398,1224.0,True,True,True,True,True,True,False,False,1.398/1.370/1.370,True,6.0,quality-up/profit-down
c03_fvg_fill,B4,q,1056,1.325,914.8,661,1.318,415.7,395,1.33,499.1,10,0.7,0.31,-0.18,563.6,351.2,True,1056,1.22,650.8,661,1.18,250.4,395,1.255,400.4,True,True,True,True,True,False,False,False,,,6.0,FAIL
c03_fvg_fill,B5,q,1120,1.45,1296.8,686,1.277,364.6,434,1.595,932.2,10,0.9,0.29,-0.39,757.7,539.1,True,1120,1.335,1016.8,686,1.137,193.1,434,1.508,823.7,True,True,True,True,True,True,False,False,1.508/1.347,False,6.0,quality-up/profit-down
c03_fvg_fill,B6,q,922,1.399,981.7,557,1.353,383.0,365,1.434,598.7,10,0.7,0.36,-0.46,566.1,415.6,True,922,1.291,751.2,557,1.211,243.7,365,1.356,507.5,True,True,True,True,True,False,False,False,,,6.0,FAIL
c03_fvg_fill,C2,q,1172,1.444,1353.9,700,1.369,488.2,472,1.501,865.8,10,0.8,0.27,-0.48,780.7,573.2,True,1172,1.331,1060.9,700,1.222,313.2,472,1.418,747.8,True,True,True,True,True,True,False,False,,,6.0,quality-up/profit-down
c03_fvg_fill,incumbent,mid,2161,1.376,2334.0,1323,1.258,728.8,838,1.474,1605.2,10,0.9,0.25,-0.37,1453.4,880.6,True,2161,1.276,1793.7,1323,1.133,398.0,838,1.4,1395.7,True,True,True,True,True,,,,,,,
c03_fvg_fill,B1,mid,1079,1.322,970.8,661,1.262,365.8,418,1.373,605.0,10,0.7,0.29,-0.27,692.1,278.7,True,1079,1.222,701.0,661,1.136,200.5,418,1.299,500.6,True,True,True,True,True,False,False,False,1.299/1.399,False,6.0,FAIL
c03_fvg_fill,B2,mid,557,1.271,443.8,351,1.232,185.7,206,1.308,258.1,10,0.6,0.62,-0.41,265.0,178.8,True,557,1.178,304.5,351,1.115,97.9,206,1.238,206.6,True,True,True,True,False,False,False,False,1.099/1.238/1.257,True,5.0,FAIL
c03_fvg_fill,B3,mid,1907,1.392,2132.4,1161,1.272,658.9,746,1.487,1473.5,10,0.9,0.28,-0.34,1235.2,897.2,True,1907,1.291,1655.6,1161,1.144,368.6,746,1.412,1287.0,True,True,True,True,True,True,False,False,1.412/1.379/1.373,True,6.0,quality-up/profit-down
c03_fvg_fill,B4,mid,1064,1.311,898.3,661,1.244,331.2,403,1.37,567.1,10,0.8,0.22,-0.11,561.4,336.9,True,1064,1.209,632.3,661,1.115,166.0,403,1.294,466.4,True,True,True,True,True,False,False,False,,,6.0,FAIL
c03_fvg_fill,B5,mid,1128,1.44,1297.5,686,1.232,315.4,442,1.617,982.1,10,1.0,0.22,-0.31,804.2,493.3,True,1128,1.329,1015.5,686,1.1,143.9,442,1.53,871.6,True,True,True,True,True,True,False,False,1.530/1.375,False,6.0,quality-up/profit-down
c03_fvg_fill,B6,mid,922,1.348,882.7,557,1.269,304.5,365,1.413,578.2,10,0.8,0.29,-0.37,529.5,353.2,True,922,1.246,652.2,557,1.137,165.3,365,1.336,486.9,True,True,True,True,True,False,False,False,,,6.0,FAIL
c03_fvg_fill,C2,mid,1180,1.427,1334.9,700,1.337,456.4,480,1.497,878.5,10,0.9,0.23,-0.41,809.7,525.2,True,1180,1.318,1039.9,700,1.195,281.4,480,1.415,758.5,True,True,True,True,True,True,False,False,,,6.0,quality-up/profit-down
s14_ob_mit_bias,incumbent,q,3970,1.352,2181.9,2549,1.295,1140.7,1421,1.445,1041.3,10,0.9,0.16,0.39,1581.6,600.3,True,3970,1.177,1189.4,2549,1.12,503.4,1421,1.272,686.0,True,True,True,True,True,,,,,,,
s14_ob_mit_bias,B1,q,1774,1.395,1079.3,1151,1.299,524.0,623,1.566,555.3,10,0.9,0.15,0.23,748.7,330.6,True,1774,1.215,635.8,1151,1.124,236.2,623,1.378,399.6,True,True,True,True,True,True,False,False,1.378/1.340,True,6.0,quality-up/profit-down
s14_ob_mit_bias,B2,q,1645,1.452,1125.9,1031,1.372,563.1,614,1.576,562.7,10,0.9,0.24,0.48,864.3,261.6,True,1645,1.265,714.6,1031,1.186,305.4,614,1.388,409.2,True,True,True,True,True,True,False,False,1.362/1.388/1.364,True,6.0,quality-up/profit-down
s14_ob_mit_bias,B3,q,2708,1.28,1203.7,1750,1.238,635.6,958,1.349,568.1,10,0.9,0.33,0.52,1012.9,190.7,True,2708,1.113,526.7,1750,1.068,198.1,958,1.187,328.6,True,True,True,True,True,False,False,False,1.187/1.246/1.231,False,6.0,FAIL
s14_ob_mit_bias,B4,q,1747,1.553,1403.0,1143,1.546,873.7,604,1.564,529.3,10,1.0,0.26,0.4,1077.3,325.7,True,1747,1.351,966.3,1143,1.337,588.0,604,1.374,378.3,True,True,True,True,True,True,False,False,,,6.0,quality-up/profit-down
s14_ob_mit_bias,B5,q,1981,1.35,1083.5,1287,1.334,644.6,694,1.376,438.9,10,1.0,0.18,0.29,837.2,246.3,True,1981,1.175,588.2,1287,1.154,322.8,694,1.211,265.4,True,True,True,True,True,False,False,False,1.211/1.232,True,6.0,FAIL
s14_ob_mit_bias,B6,q,1232,1.328,630.5,791,1.28,333.9,441,1.407,296.6,10,0.9,0.32,0.38,500.4,130.1,True,1232,1.154,322.5,791,1.105,136.2,441,1.237,186.3,True,True,True,True,True,False,False,False,,,6.0,FAIL
s14_ob_mit_bias,C2,q,1970,1.369,1126.9,1283,1.327,632.4,687,1.441,494.5,10,1.0,0.24,0.12,795.8,331.2,True,1970,1.191,634.4,1283,1.148,311.6,687,1.267,322.8,True,True,True,True,True,False,False,False,,,6.0,FAIL
s14_ob_mit_bias,incumbent,mid,3970,1.347,2192.1,2549,1.294,1156.1,1421,1.435,1035.9,10,0.9,0.16,0.43,1641.2,550.9,True,3970,1.177,1199.6,2549,1.122,518.9,1421,1.267,680.7,True,True,True,True,True,,,,,,,
s14_ob_mit_bias,B1,mid,1774,1.365,1023.1,1151,1.28,502.8,623,1.517,520.3,10,0.9,0.17,0.25,716.8,306.4,True,1774,1.192,579.6,1151,1.111,215.0,623,1.338,364.6,True,True,True,True,True,True,False,False,1.338/1.279,True,6.0,quality-up/profit-down
s14_ob_mit_bias,B2,mid,1645,1.487,1212.3,1031,1.363,558.1,614,1.685,654.3,10,1.0,0.23,0.45,937.8,274.5,True,1645,1.299,801.1,1031,1.181,300.3,614,1.489,500.8,True,True,True,True,True,True,False,False,1.465/1.489/1.462,True,6.0,quality-up/profit-down
s14_ob_mit_bias,B3,mid,2708,1.265,1163.7,1750,1.229,624.2,958,1.323,539.5,10,0.9,0.32,0.49,976.5,187.3,True,2708,1.103,486.7,1750,1.063,186.7,958,1.168,300.0,True,True,True,True,True,False,False,False,1.168/1.213/1.190,True,6.0,FAIL
s14_ob_mit_bias,B4,mid,1747,1.515,1338.9,1143,1.533,865.7,604,1.486,473.2,10,1.0,0.29,0.37,1046.7,292.2,True,1747,1.322,902.1,1143,1.33,579.9,604,1.309,322.2,True,True,True,True,True,True,False,False,,,6.0,quality-up/profit-down
s14_ob_mit_bias,B5,mid,1981,1.336,1062.7,1287,1.326,640.5,694,1.353,422.1,10,1.0,0.18,0.31,869.8,192.9,True,1981,1.167,567.4,1287,1.15,318.8,694,1.194,248.6,True,True,True,True,True,False,False,False,1.194/1.185,True,6.0,FAIL
s14_ob_mit_bias,B6,mid,1232,1.292,578.2,791,1.252,309.6,441,1.358,268.6,10,0.8,0.33,0.34,457.4,120.8,True,1232,1.127,270.2,791,1.084,111.9,441,1.197,158.3,True,True,True,True,True,False,False,False,,,6.0,FAIL
s14_ob_mit_bias,C2,mid,1970,1.334,1049.8,1283,1.302,599.4,687,1.39,450.4,10,1.0,0.25,0.13,756.9,292.9,True,1970,1.165,557.3,1283,1.13,278.7,687,1.225,278.6,True,True,True,True,True,False,False,False,,,6.0,FAIL
s95_session_breakout,incumbent,q,999,1.316,1397.2,615,1.288,555.0,384,1.338,842.2,10,0.7,0.45,0.26,988.8,408.4,True,999,1.255,1147.5,615,1.203,401.3,384,1.296,746.2,True,True,True,True,True,,,,,,,
s95_session_breakout,B1,q,536,1.185,467.9,335,1.254,281.8,201,1.131,186.1,10,0.5,1.15,0.3,377.8,90.1,True,536,1.13,333.9,335,1.174,198.1,201,1.095,135.9,True,True,True,True,False,False,False,False,1.095/1.446,False,5.0,FAIL
s95_session_breakout,B2,q,230,1.102,114.1,144,1.113,59.6,86,1.092,54.4,10,0.6,1.33,0.28,178.0,-64.0,True,230,1.05,56.6,144,1.044,23.6,86,1.055,32.9,True,True,True,True,False,False,False,False,1.161/1.055/1.197,False,5.0,FAIL
s95_session_breakout,B3,q,893,1.324,1295.6,555,1.301,527.1,338,1.342,768.5,10,0.7,0.45,0.18,861.4,434.2,True,893,1.264,1072.4,555,1.216,388.3,338,1.301,684.0,True,True,True,True,True,True,False,False,1.301/1.240/1.315,False,6.0,quality-up/profit-down
s95_session_breakout,B4,q,511,1.253,564.5,320,1.31,301.8,191,1.209,262.6,10,0.6,0.69,0.37,412.3,152.2,True,511,1.192,436.7,320,1.223,221.8,191,1.169,214.9,True,True,True,True,False,False,False,False,,,5.0,FAIL
s95_session_breakout,B5,q,550,1.182,460.6,336,1.203,216.1,214,1.166,244.5,10,0.5,0.85,0.26,275.7,184.9,True,550,1.125,323.1,336,1.121,132.1,214,1.128,191.0,True,True,True,True,False,False,False,False,1.128/1.067,True,5.0,FAIL
s95_session_breakout,B6,q,470,1.17,386.5,298,1.238,241.4,172,1.115,145.1,10,0.5,1.27,0.18,244.4,142.0,True,470,1.116,269.0,298,1.161,166.9,172,1.08,102.1,True,True,True,True,False,False,False,False,,,5.0,FAIL
s95_session_breakout,C2,q,576,1.214,546.8,357,1.32,333.5,219,1.141,213.3,10,0.6,0.95,0.39,431.4,115.4,True,576,1.155,402.8,357,1.228,244.3,219,1.104,158.6,True,True,True,True,False,False,False,False,,,5.0,FAIL
s95_session_breakout,incumbent,mid,999,1.32,1396.2,615,1.299,563.1,384,1.336,833.1,10,0.6,0.44,0.21,947.0,449.3,True,999,1.258,1146.5,615,1.212,409.4,384,1.293,737.1,True,True,True,True,True,,,,,,,
s95_session_breakout,B1,mid,536,1.221,544.6,335,1.298,317.9,201,1.163,226.7,10,0.4,0.95,0.26,409.3,135.3,True,536,1.164,410.6,335,1.214,234.1,201,1.125,176.5,True,True,True,True,False,False,False,False,1.125/1.539,False,5.0,FAIL
s95_session_breakout,B2,mid,230,1.048,54.4,144,1.081,42.9,86,1.019,11.6,10,0.6,6.16,0.21,130.7,-76.3,True,230,0.997,-3.1,144,1.013,6.9,86,0.984,-9.9,True,True,False,True,False,False,False,False,1.072/0.984/1.175,False,4.0,FAIL
s95_session_breakout,B3,mid,893,1.314,1249.7,555,1.295,509.9,338,1.329,739.8,10,0.7,0.44,0.14,783.3,466.4,True,893,1.254,1026.5,555,1.21,371.2,338,1.288,655.3,True,True,True,True,True,False,False,False,1.288/1.229/1.304,False,6.0,FAIL
s95_session_breakout,B4,mid,511,1.273,596.2,320,1.358,333.2,191,1.21,263.0,10,0.7,0.64,0.33,411.5,184.7,True,511,1.211,468.5,320,1.266,253.2,191,1.17,215.3,True,True,True,True,False,False,False,False,,,5.0,FAIL
s95_session_breakout,B5,mid,550,1.186,467.3,336,1.206,214.5,214,1.173,252.8,10,0.6,0.82,0.23,263.9,203.5,True,550,1.129,329.8,336,1.122,130.5,214,1.134,199.3,True,True,True,True,False,False,False,False,1.134/1.074,True,5.0,FAIL
s95_session_breakout,B6,mid,470,1.192,428.7,298,1.272,267.1,172,1.129,161.6,10,0.4,1.07,0.15,252.8,175.8,True,470,1.137,311.2,298,1.192,192.6,172,1.094,118.6,True,True,True,True,False,False,False,False,,,5.0,FAIL
s95_session_breakout,C2,mid,576,1.224,565.3,357,1.321,327.8,219,1.159,237.5,10,0.6,0.85,0.34,418.8,146.5,True,576,1.164,421.3,357,1.228,238.5,219,1.121,182.8,True,True,True,True,False,False,False,False,,,5.0,FAIL
s93_fvg_scalp,incumbent,q,493,1.134,199.0,293,0.975,-17.4,200,1.271,216.4,10,0.7,0.59,-0.25,16.6,182.4,True,493,1.049,75.8,293,0.876,-90.6,200,1.202,166.4,True,True,True,True,False,,,,,,,
s93_fvg_scalp,B1,q,202,1.074,43.4,122,0.986,-3.9,80,1.156,47.3,10,0.6,0.93,-0.18,-5.3,48.7,True,202,0.988,-7.1,122,0.884,-34.4,80,1.087,27.3,True,True,True,True,False,False,False,False,1.087/1.305,False,5.0,FAIL
s93_fvg_scalp,B2,q,214,1.012,7.9,133,0.909,-28.7,81,1.114,36.7,10,0.6,1.23,-0.21,-33.7,41.6,True,214,0.932,-45.6,133,0.815,-62.0,81,1.05,16.4,True,True,True,True,False,False,False,False,1.268/1.050/1.118,False,5.0,FAIL
s93_fvg_scalp,B3,q,322,1.186,186.1,186,1.013,5.7,136,1.325,180.4,10,0.6,0.59,-0.22,51.1,135.1,True,322,1.101,105.6,186,0.914,-40.8,136,1.255,146.4,True,True,True,True,False,True,False,False,1.255/1.238/1.185,True,5.0,FAIL
s93_fvg_scalp,B4,q,214,1.17,100.8,126,1.086,25.2,88,1.253,75.6,10,0.6,0.51,0.05,18.6,82.2,True,214,1.076,47.3,126,0.98,-6.3,88,1.172,53.6,True,True,True,True,False,False,False,False,,,5.0,FAIL
s93_fvg_scalp,B5,q,231,1.081,55.0,132,0.965,-10.5,99,1.173,65.5,10,0.6,0.95,0.3,54.3,0.7,True,231,0.996,-2.7,132,0.864,-43.5,99,1.104,40.8,True,True,True,True,False,False,False,False,1.104/1.159,True,5.0,FAIL
s93_fvg_scalp,B6,q,127,1.217,78.9,77,1.154,27.1,50,1.276,51.8,9,0.67,0.52,-0.1,57.9,21.0,True,127,1.124,47.1,77,1.042,7.8,50,1.202,39.3,True,True,True,True,False,False,False,False,,,5.0,FAIL
s93_fvg_scalp,C2,q,226,1.098,64.9,125,0.939,-17.0,101,1.215,81.9,10,0.5,0.8,0.07,31.3,33.5,True,226,1.012,8.4,125,0.838,-48.3,101,1.143,56.7,True,True,True,True,False,False,False,False,,,5.0,FAIL
s93_fvg_scalp,incumbent,mid,493,1.143,213.8,293,1.014,9.9,200,1.252,204.0,10,0.7,0.6,-0.24,41.1,172.7,True,493,1.058,90.6,293,0.912,-63.4,200,1.184,154.0,True,True,True,True,False,,,,,,,
s93_fvg_scalp,B1,mid,202,1.094,54.5,122,1.079,21.3,80,1.106,33.2,10,0.6,1.23,-0.12,23.3,31.2,True,202,1.007,4.0,122,0.968,-9.2,80,1.041,13.2,True,True,True,True,False,False,False,False,1.041/1.286,False,5.0,FAIL
s93_fvg_scalp,B2,mid,214,1.029,18.4,133,0.985,-4.6,81,1.07,23.0,10,0.5,2.31,-0.11,-9.0,27.3,True,214,0.947,-35.1,133,0.884,-37.9,81,1.008,2.7,True,True,True,True,False,False,False,False,1.225/1.008/1.076,False,5.0,FAIL
s93_fvg_scalp,B3,mid,322,1.176,177.9,186,1.006,2.8,136,1.312,175.2,10,0.7,0.58,-0.25,39.3,138.7,True,322,1.093,97.4,186,0.908,-43.7,136,1.244,141.2,True,True,True,True,False,True,False,False,1.244/1.213/1.168,True,5.0,FAIL
s93_fvg_scalp,B4,mid,214,1.136,82.3,126,1.059,17.6,88,1.211,64.8,10,0.5,0.81,-0.05,-9.4,91.7,True,214,1.046,28.8,126,0.956,-13.9,88,1.134,42.8,True,True,True,True,False,False,False,False,,,5.0,FAIL
s93_fvg_scalp,B5,mid,231,1.078,53.8,132,1.005,1.5,99,1.134,52.3,10,0.5,1.13,0.33,56.7,-2.9,True,231,0.995,-3.9,132,0.901,-31.5,99,1.068,27.6,True,True,True,True,False,False,False,False,1.068/1.117,True,5.0,FAIL
s93_fvg_scalp,B6,mid,127,1.186,68.8,77,1.128,22.8,50,1.24,45.9,9,0.67,0.55,-0.11,57.9,10.8,True,127,1.096,37.0,77,1.019,3.6,50,1.169,33.4,True,True,True,True,False,False,False,False,,,5.0,FAIL
s93_fvg_scalp,C2,mid,226,1.055,37.7,125,0.919,-23.1,101,1.154,60.8,10,0.5,1.03,0.08,26.3,11.4,True,226,0.973,-18.8,125,0.82,-54.3,101,1.087,35.5,True,True,True,True,False,False,False,False,,,5.0,FAIL
